cycle,row_id,claim,tier,scope,disposition,provenance,verification_level,dedup_canonical_of,cites_canonical,supersession_chain,correction_note
C1,R23-C1-BRIDGE1,|C_r(v)| = i_r(H_v) - i_r(H_v - W_v) via the explicit avoidance bijection,proved_informal,"every finite simple graph, every adjacent pair (v,s_v), W_v=N(s_v)\{v}, every r>=0 (BROADENED beyond the contract)",(no controlled disposition field in this cycle's schema; see provenance),T5 F1; ADJ-T T5.2; SYN L-01,"unclassified (disclosed: heuristic tier mapping, structural/proved_informal claim)",,,,
C1,R23-C1-BRIDGE2,"|P| - |N| = S(T,p) on every governed tuple; F empty => S=0",proved_informal,"governed tuples (T,p,F_p(T)), tag-disjoint corollary of BRIDGE1 at r=p and r=p-1",(no controlled disposition field in this cycle's schema; see provenance),T5 F2; ADJ-T T5.3; SYN L-02,"unclassified (disclosed: heuristic tier mapping, structural/proved_informal claim)",,,,
C1,R23-C1-RETAG-DOMAIN,"Lemma L1: A independent, w in A, {w,s_w} in E(T) => s_w notin A; hence Dom(Retag) exact and the two r19 readings extensionally identical - reading question CLOSED",proved_informal,"all trees/forests, all ranks; no instance can distinguish the readings",(no controlled disposition field in this cycle's schema; see provenance),T5 L1; F2 concurring; ADJ-T D-1; ADJ-U D1; CRIT-9 Prop A,"unclassified (disclosed: heuristic tier mapping, structural/proved_informal claim)",,,,
C1,R23-C1-DELETE-DOMAIN,Delete(q) fails activity iff A intersect W_v = {q}; Dom(Delete) exact,proved_informal,as BRIDGE1 scope,"(extracted, best-effort, from provenance prose: rejected)","T5; ADJ-T (T5 closing notation rejected, content retained); SYN L-05","unclassified (disclosed: heuristic tier mapping, structural/proved_informal claim)",,,,
C1,R23-C1-SIMPLE,"(P,N,Delete union Retag) is a plain bipartite graph - no multi-edges, every governed tuple",proved_informal,every governed tuple,(no controlled disposition field in this cycle's schema; see provenance),U1 F2; CRIT-9 Prop B; ADJ-U D2; SYN L-06,"unclassified (disclosed: heuristic tier mapping, structural/proved_informal claim)",,,,
C1,R23-C1-COMPENSATION,"|Gamma(X)| = Sum|Delete-img| + Sum|Retag-img| - C(X) with C(X) the CROSS-FAMILY collision count; A(X)>=C(X) iff Hall on X; U4 sec6 form and CRIT-6 primary repair both REFUTED (336/8681 governed rows, witness K_{1,6}+pendant n=8 p=5)",proved_informal,"every governed tuple, every X subset P; registrar-verified 203 rows pre-registration",(no controlled disposition field in this cycle's schema; see provenance),CRIT-6 U4-1; ADJ-U 3.3; SYN L-08/RC-07; control/c1-registrar-verification-receipt.json,receipt,,,,
C1,R23-C1-OPENFACE-ZERO,"Open face 2p<n: deficiency 0 on all 2537 computed rows (exhaustive trees to order 16, paths to n=100); 5 rows scale-limited (S negative, deficiency uncomputed); all computed open-face rows have P nonempty",computation,"exact tested scope only; bounded zero, evidence of nothing",(no controlled disposition field in this cycle's schema; see provenance),F1 (Finding 2 as REPAIRED by ADJ-F R-2); F3; CRIT-4,exact computation,,,,
C1,R23-C1-DELETE-ONLY-OPEN,NO Delete-only Hall failure exists at any searched scope incl. the open face - contrary to the charge's expectation; r19 Thm 3.1 independently proof-read VALID and its inequality (3.1) is per-rank universal,computation,exhaustive to order 16 + structured families; the universal Delete-only question is OPEN,(no controlled disposition field in this cycle's schema; see provenance),F3; ADJ-F; SYN,exact computation,,,,
C1,R23-C1-R22-P0-CONTRA,"r22 pair-overlap capacity route P0 (K_pair<=A) CONTRADICTED at S=P on four actual-tree star rows (504>448, 5040>3000, 39600>17820, 270270>98098); refutes that capacity route only - never Hall, never O14",computation,the four exact rows; mechanism-route tier,(no controlled disposition field in this cycle's schema; see provenance),F6 sealed data; CRIT-8 F6-2; ADJ-F D-6; SYN RC-10,exact computation,,,,
C1,R23-C1-ELIGIBILITY-HAZARD,"Eligibility-blind evaluation manufactures false positives: S=+16 on a real tree at p=2<x+2 and S=+49 on a forest below floor, BRIDGE-2 still holding - standing hazard notice",computation,exact instances; hazard notice,(no controlled disposition field in this cycle's schema; see provenance),F2 F4; ADJ-F; SYN RC-09,exact computation,,,,
C1,R23-C1-RANK2-IDENTITY,"g_2(T-{v,s_v}) = C(n-3,2)+deg_T(s_v)-2 for every tree n>=3 and leaf v; registered r20 form equals it iff deg(s_v)=2 iff T-{v,s_v} connected; c(T-{v,s_v})=deg(s_v)-1; forest law i_2(S)=C(i_1(S)-1,2)+c(S)-1",proved_informal,"identity (upgraded from sweep by CRIT-2); MASTER-REGISTRY PROPOSAL ONLY - drafting C2-U5, Ashton-gated",(no controlled disposition field in this cycle's schema; see provenance),CRIT-2; ADJ-T; ADJ-F R-1; SYN RC-04,"unclassified (disclosed: heuristic tier mapping, structural/proved_informal claim)",,,"R23-C1-RANK2-IDENTITY -> R23-C2-31 (RC-04) [members: R23-C1-RANK2-IDENTITY, R23-C2-31]",
C1,R23-C1-RTREE-PREMISE,"RTree.semanticAdequacyTarget stated/unproved/unattempted (r11-r18, 12 copies); per-instance adequacy decide-dischargeable (r8 precedent); universal statement is the gap; D9 anchor CLAIM-IDENTITY.json:217",proved_informal,source-textual finding; prices a premise under every actual-tree sentence,(no controlled disposition field in this cycle's schema; see provenance),U2 F2; CRIT-7; ADJ-U; ADJ-T CR-4; SYN RC-11,"unclassified (disclosed: heuristic tier mapping, structural/proved_informal claim)",,,,
C1,R23-C1-NUMERIC-CORRECTIONS,Provenance/numeric corrections: order-91 aggregate absent from registry text; order-243 pinned by the audit companions; |P| at n=252 = 1195467554547486049348138233390178770894050423870400 (~1.195e51 not 1.2e54); 280393 not 280392; F6 k=6 deficiency 0 under run convention,computation,exact corrections of record,(no controlled disposition field in this cycle's schema; see provenance),ADJ-T/U; SYN RC-12/RC-13,exact computation,,,"R23-C1-NUMERIC-CORRECTIONS n=252 figure -> R23-C2-35 (provenance-unresolved) [members: R23-C1-NUMERIC-CORRECTIONS, R23-C2-35]",
C2,R23-C2-01,THM_R23_B_bridge1: ((G.C v r).card : ℤ) = (G.iOn (G.Hcarrier v) r : ℤ) − (G.iOn (G.removedClosedNbhdCarrier v) r : ℤ),Lean,"C1-T6 Graph/IsTree encoding; no hypotheses; unrefuted outside trees (forest P3 ⊔ P2, triangle-with-pendants, sentinel branch). Identification with SEMANTIC-CONTRACT §4 BRIDGE-1 on ordinary trees is NOT included — it needs support v = s_v, xOf = x(T), and A1.1","(extracted, best-effort, from provenance prose: retained)",ADJ-T §3 C2-T2 F-1 retained; headline retained_narrowed to C1-T6-encoding scope,sorry-free lemma,,,,
C2,R23-C2-02,"THM_R23_B_bridge2: \P\ − \N\ = S(T,p) at the encoding's ranks",Lean,"as R23-C2-01; hT unused, hp load-bearing only for p ≥ 1 (holds for all p ≥ 1); non-vacuous on governed rows (K_{1,6}, p=5: \|P\|=6, \|N\|=30, S=−24)","(extracted, best-effort, from provenance prose: retained)",ADJ-T §3 C2-T2 F-2 retained; same narrowing,sorry-free lemma,,,,
C2,R23-C2-03,"THM_R23_A re-stated and proved: well-definedness of the §3 data, Delete/Retag totality on their exact domains, every edge lands in N",Lean,"clauses (1),(2),(3),(4a),(5) only. C1 vacuity defect CURED. NOT complete: no multiplicity/simplicity clause, no P/N block-disjointness. Domain inhabitation supplied by a critic (double-broom(3,2), p=4: \|F\|=5, \|P\|=5, \|N\|=21, S=−16)",(no controlled disposition field in this cycle's schema; see provenance),"ADJ-T CR-T-2 (clause (4) narrowed to (4a); charge item ""multiplicity/simplicity"" NOT discharged by T1), §3 C2-T1 F-1…F-8, §5.1",sorry-free lemma,,,,
C2,R23-C2-04,"lc4_retag_domain: for any SimpleGraph G, finite A pairwise non-adjacent, w ∈ A, G.Adj w s ⟹ s ∉ A",Lean,"abstract; faithful to R23-C1-RETAG-DOMAIN; A1.3 used, not re-opened","(extracted, best-effort, from provenance prose: retained)",ADJ-T §3 C2-T3 LC-4 retained; F-1 axiom claim rejected,sorry-free lemma,,,,
C2,R23-C2-05,lc5_delete_domain: the activity characterization (A\{q}) ∩ W = ∅ ↔ A ∩ W = {q} given (A ∩ W).Nonempty,Lean,"that clause alone. The registered ""Dom(Delete) exact"" additionally needs downward-closure of independence and the rank decrement — both trivial, both unformalized and unnamed; hq : q ∈ A unused","(extracted, best-effort, from provenance prose: retained_narrowed)",ADJ-T §3 C2-T3 LC-5 retained_narrowed,sorry-free lemma,,,,
C2,R23-C2-06,"lc6_simple: no multi-edges out of a single source (v,A) with v ∉ A",Lean,abstract Finset scope; v ∉ A is discharged by construction in the actual relation but NOT discharged here. This — not T1's clause (4) — is where the run's simplicity item sits. Cross-source/block-disjointness half open,(no controlled disposition field in this cycle's schema; see provenance),"ADJ-T CR-T-2, D-1 (T1-vs-T3 resolved for T3 at narrowed scope)",sorry-free lemma,,,,
C2,R23-C2-07,lc7_compensation_cross_family_only(_add): the two Lean propositions,Lean,"sound and machine-checked; replayed byte-identically. Identification with R23-C1-COMPENSATION holds only at ι := the tags of N, where hDD/hRR/hDR are discharged by the targets' first coordinate and C(X) = Σ_v \|D(v) ∩ R(v)\|","(extracted, best-effort, from provenance prose: RETAINED)","ADJ-T CR-T-1: propositions RETAINED, identification RETAINED_NARROWED",sorry-free lemma,,,,
C2,R23-C2-08,"REJECTED: LC-7's stated source instantiation (ι := sources of P) and its certification ""the REGISTERED form (registrar-verified 203/203 rows)""",computation,"under the source reading hDR fails on 8,681/8,681 governed rows (orders 3–8), hDD on 336, and the identity itself on 8,681/8,681; smallest hDD witness n=8, p=5, K_{1,6}+pendant — the same rock the two REFUTED compensation forms hit. ""203/203"" restated to 15 non-vacuous rows of 203","(extracted, best-effort, from provenance prose: REJECTED)","ADJ-T CR-T-1 (iii): T3's booked ""cross-source structural debt"" REJECTED — no C3+ seat may cite it",exact computation,,,,
C2,R23-C2-09,"THM-R23-C: all-cut Hall ⇒ injection ⇒ \P\ ≤ \N\ ⇒ S(T,p) ≤ 0, with the all-cut-vs-complete-demand distinction in the statement",proved_informal,conditional on (a) the all-cut hypothesis and (b) BRIDGE-2 only — the THM-R23-A totality dependency is removable. A true conditional with a now-falsified universal antecedent at literal ordinary-tree scope,"(extracted, best-effort, from provenance prose: retained)","ADJ-T §3 C2-T4b retained, dependency narrowed as a strengthening; §2 table","unclassified (disclosed: heuristic tier mapping, structural/proved_informal claim)",,,,
C2,R23-C2-10,The mechanism claim and the target claim DO diverge on a governed row — realized,computation,"order 91 (T22), p = 34, the no-branch-center cut; \|X\| = 1,020,660,578,375,268,831,042 > \|Y\| = 1,006,434,057,637,648,542,672 ⊇ Γ(X); deficit 14,226,520,737,620,288,370; S(T,p) = −498,754,180,547,001,418,536 on the same row",(no controlled disposition field in this cycle's schema; see provenance),"ADJ-T CR-T-3 (CRIT-5's OPEN narrowing overruled, recorded correct-at-the-time); ADJ-F §1.2; ADJ-U C-INTAKE-1/2",exact computation,,,,
C2,R23-C2-11,"All-cut Hall is strictly stronger than \P\ ≤ \N\, and false, while the single-cut demand survives",computation,"literal ordinary-tree scope. The mechanism reduction has collapsed onto the target: the surviving statement is S(T,p) ≤ 0, i.e. the O14 row","(extracted, best-effort, from provenance prose: retained)",ADJ-T §2 table retained and demonstrated; ADJ-U U2-D7,exact computation,,,,
C2,R23-C2-12,"The universal Delete-only Hall statement is REFUTED, not open, at literal ordinary-tree scope",computation,a-fortiori from R23-C2-10: Γ_Delete(X) ⊆ Γ_{D∪R}(X) ⊆ Y and \|X\| > \|Y\|. Restricted faces survive — see R23-C2-13/14,(no controlled disposition field in this cycle's schema; see provenance),ADJ-U C-INTAKE-2 (ruled load-bearing on U2-D4); ADJ-F §1.2 confirms the inference,exact computation,,,,
C2,R23-C2-13,"Lemma F1-EXT-1: if every A ∈ C_p(v) has \A ∩ W_v\ ≥ 2, within-tag Delete-only Hall holds at 2p ≥ n−1",proved_informal,"one tag; X entirely multi-witness; p ≥ 2. NOT contradicted by the order-91 witness (2p = 68 < 90 = n−1), arithmetic re-checked by two seats. Upgrade to carry: Delete preserves the tag, so Γ(X) = ⊔_v Γ(X_v) and per-tag Hall for every tag ⟺ Delete-only Hall on all of P","(extracted, best-effort, from provenance prose: retained)",ADJ-F §4.1 F1-1 retained; §7 clause-2 disjunct 1,"unclassified (disclosed: heuristic tier mapping, structural/proved_informal claim)",,,,
C2,R23-C2-14,"REJECTED: F1's [proved]-tier ""hard ceiling"" — that single-step-deletion double counting cannot certify Hall below 2p = n−1",computation,"refuted at 2p = n−2 on all twelve round-2 tag rows and at 2p = n−3 on path_15 (x=4, p=6, both leaves favourable, \|C_p(v)\|=21, E = 3 ≤ p−1 = 5). Narrowed survivor (adopt verbatim): ""the witness-multiplicity refinement of this exact single-step double count cannot certify Hall below 2p = n−1 by refining the left (witness-count) factor alone.""",(no controlled disposition field in this cycle's schema; see provenance),"ADJ-F CR-F-1, ADJ-F-3, ADJ-F-4. F1's eight ""exact non-vacuous target"" rows are all closed affirmatively",exact computation,,,,
C2,R23-C2-15,"The named finite obstruction replacing F1's closed rows: is there a structural lower bound on \N(B) \ B\ for active (p−1)-sets B in H_v — equivalently, can E = max_{B ∈ C_{p−1}(v)} #{u : B ∪ {u} ∈ C_p(v)} exceed p−1 on a governed row?",computation,"The answer is YES somewhere (the order-91 witness proves it). Locating the smallest such row is the live question, bracketed between order 17 and order 91",(no controlled disposition field in this cycle's schema; see provenance),ADJ-F CR-F-1 consequential correction; §7 clause-2 disjunct 3; ADJ-F §7 priority 2,exact computation,,,,
C2,R23-C2-16,W_v = ∅ ⟺ the leaf's component is exactly K_2; the degeneracy never reaches F_p(T),proved_informal,"exhaustive over all labeled trees orders 1–8 (280,393 trees / 999,738 leaf instances) + 200 seeded forest trials","(extracted, best-effort, from provenance prose: retained)",ADJ-F §4.2 F2-1 retained; independently re-derived by a critic,"unclassified (disclosed: heuristic tier mapping, structural/proved_informal claim)",,,,
C2,R23-C2-17,"TRIVIAL vs ACTIVE empty C_p(v): C1-F2's order-7 witness is TRIVIAL (H_v ≅ P_5, i_4(P_5) = C(2,4) = 0); the first ACTIVE instance is at order 8 (v=1, s_v=7, W_v={5}, i_5(H_v)=1, C_5(v)=∅ by the filter)",proved_informal,"labeled trees (no forest swept exhaustively); favourable v with W_v ≠ ∅; p ∈ [x(T)+2, n+1]. Order-8 minimality IS established for trees by exhaustion over orders ≤ 7 — the route's own hedge understates","(extracted, best-effort, from provenance prose: retained)","ADJ-F §4.2 F2-4 retained — ""the route's strongest and most durable finding""; D-4 resolved for F2","unclassified (disclosed: heuristic tier mapping, structural/proved_informal claim)",,,,
C2,R23-C2-18,Cross-component Retag is realized on forests,computation,"components of order 6 and 4, p = 5, edge (v=2,A) → (w=6, A\{w}); witness preserved in hashed evidence","(extracted, best-effort, from provenance prose: retained)",ADJ-F §4.2 F2-6b retained,exact computation,,,,
C2,R23-C2-19,"x(forest) is not bounded by min(x₁,x₂) ≤ x_F ≤ x₁+x₂",computation,"witness K_{1,3} ⊔ P_4: x = 3 > x₁+x₂ = 2. Corrected sequence: 1, 8, 22, 25, 13, 3 (the published i_5 = 0 is wrong; i_5 = i_3(K_{1,3})·i_2(P_4) = 1·3 = 3). Δ = 7,14,3,−12,−10,−3, first strict descent at k = 3 unchanged. The witness's identity is absent from hashed evidence — preserve the failing witness, not the first k","(extracted, best-effort, from provenance prose: retained_narrowed)",ADJ-F §4.2 F2-6d retained_narrowed,exact computation,,,,
C2,R23-C2-20,"Census: max deficiency 0 on all 3,777 nonempty-P rows — full-Hall (König) and tag-closed (literal 2^{\F\}) — over all non-isomorphic trees orders 3–13, p ∈ {x+2, x+3, x+4}; separations_found = 0",computation,"exactly that scope. CAP_P = 5000 never bound (max\|P\| = 1,980). A bounded zero, and now a bounded zero known to sit below a witness order — evidence of nothing","(extracted, best-effort, from provenance prose: retained)",ADJ-F §4.3 F3-3 retained; scope independently confirmed complete,exact computation,,,,
C2,R23-C2-21,"REJECTED as stated: ""no governed row of the literal relation has ever exhibited a Hall-deficient cut of any kind"", up to order 64",computation,"two defects: (i) no Hall computation was run above n = 15; (ii) superseded by R23-C2-10. Retained narrowed form: no Hall-deficient cut was found on any row where a Hall computation was performed — all trees orders 3–13 at p ∈ {x+2,x+3,x+4}, the KK family to n ≤ 15, the twin-hub family to n ≤ 13",(no controlled disposition field in this cycle's schema; see provenance),ADJ-F §4.3 F3-6,exact computation,,,,
C2,R23-C2-22,"F3's question ""does there exist ANY governed row with a Hall-deficient cut at all?"" is well-posed and ANSWERED: YES, at order 91",computation,"C3 successor question, undetermined here: is the order-91 no-branch-center cut tag-closed or mixed? ADJ-F asserts neither — it must be computed, not guessed",(no controlled disposition field in this cycle's schema; see provenance),"ADJ-F §4.3 F3-7 — ""the single highest-value item F3 produced: it named the right question one cycle before the answer arrived""",exact computation,,,,
C2,R23-C2-23,"The Kruskal–Katona hub family's shadow claim holds for every even x ≥ 4, with no ceiling",proved_informal,"closed form (x/2−1)/(x/2+2) → 1. The ""no narrowing trend"" clause is REJECTED: on F3's own sealed data the ratio rises monotonically 0.25 → 0.906 at x_free = 60. Also: at x_free = 10 the tag-v block has \|P_v\| = 120 against \|Γ(P_v)\| = 1,050, five times the shadow — the computed quantity is one tag block's within-tag Delete shadow, not its Hall neighbourhood",(no controlled disposition field in this cycle's schema; see provenance),"ADJ-F §4.3 F3-4 — ""F3 left a provable statement as a bounded computation and then mis-stated the trend in its own favour""","unclassified (disclosed: heuristic tier mapping, structural/proved_informal claim)",,,,
C2,R23-C2-24,The r22 P0 pair-overlap capacity route K_pair(S) ≤ A(S) FAILS on 15 actual rows at S = P,computation,"6 double-star + 4 spider + 5 broom rows at p = x(T)+2, ordinary-tree domain under A1.1. Spiders have unique supports — the overpay is not confined to shared-support trees. Threshold is not max d_S(y) alone: Br(3,6) holds (375 ≤ 387) while Br(2,8) fails (1064 > 1000) at the same width. Fence: refutes that capacity route only, at the single cut S = P, on those 15 rows — never Hall, never E993-BETA-AGG, never O14, never TREE/FOREST/TRANSFER, never Erdős #993","(extracted, best-effort, from provenance prose: retained)","ADJ-F §4.6 F6-2/3/4 retained, F6-5 retained — ""the model statement of the cycle""",exact computation,,,,
C2,R23-C2-25,Scope fence on R23-C2-24's rows: F6 computed no matching and no deficiency on any of its 15 rows,computation,"those rows carry NO Hall verdict at all. At S = P, H(S) = \|N\| − \|P\| = −S(T,p) is BRIDGE-2 restated — the Hall inequality at exactly one cut, never Hall support","(extracted, best-effort, from provenance prose: retained_narrowed)",ADJ-F §4.6 F6-5′ retained_narrowed,exact computation,,,,
C2,R23-C2-26,"Handoff bar: any future capacity-style proof routing payment through a subset-indexed nonnegative per-target scheme must clear a bar that fails broadly, with or without shared support, given enough width",computation,now carries non-star corroboration (the spider and broom rows),"(extracted, best-effort, from provenance prose: retained)",ADJ-F §4.6 F6-9 retained; carry into the mathematics-agent handoff,exact computation,,,,
C2,R23-C2-27,Every finite nonempty tree is realized by some RTree (the converse of semanticAdequacyTarget),proved_informal,"rooted parent function via unique paths; Classical.choice for child ordering; strong induction on Fintype.card V. Survived a 126,126-instance attack (all labeled trees n = 1..7 rooted at every vertex, exact edge-set isomorphism, 0 counterexamples) — a bounded zero, evidence of nothing. Must never be cited as ""the converse holds"" without this tier","(extracted, best-effort, from provenance prose: retained_narrowed)",ADJ-F §4.4 F4-3 retained_narrowed; tier assigned by ADJ-F,"unclassified (disclosed: heuristic tier mapping, structural/proved_informal claim)",,,,
C2,R23-C2-28,"REJECTED: F4's verdict that both directions of semanticAdequacyTarget are TRUE with ""no located counterexample or obstruction on either side"", and that it is ""not an open mathematical question""",computation,"contradicted by F4's own Findings 1 and 2: two precise obstructions are named in the source (a List ℕ prefix-chain → Mathlib Walk packaging; a closed-walk net-length-change argument), and no argument is given anywhere for the forward direction's Connectivity conjunct. Retained narrowed form: ""no counterexample or mathematical obstruction was located; the source's two named formalization gaps stand; the Connectivity conjunct is asserted, not argued."" Separately: RTree.semanticAdequacyTarget : Prop := ∀ t : RTree, t.toSimpleGraph.IsTree is one-directional — correct phrasing is ""the target statem",(no controlled disposition field in this cycle's schema; see provenance),"ADJ-F §4.4 F4-5, F4-6, F4-2, F4-9",exact computation,,,,
C2,R23-C2-29,SOLUTION-CONTRACT.md §6 mandatory control battery: every named category PASSED; no instrument failed a control; the escalation clause is not triggered,computation,"discharged by independent reproduction (a critic on all eleven headline constants; ADJ-F on five with a from-scratch independence-polynomial DP), not by the battery's own artifacts. Reproduced exactly: T(3,4,4) order-26 (x=8, p=10, 11 favourable, S = −30694; LC deficit 378 at rank 13); K_{1,6} (S = −24, six separate g_v = −4); P30 (x=9, residual [26], Δ₁₀(P28) = −60554, Δ₉(P27) = −48620, sum −109174, x(P26) = 7, Δ₈(P26) = −26962); order-91 (67 favourable, S = −498754180547001418536); order-243 (181 favourable, x = 87, p = x+3); K_{1,3} (f=(1,3,1), g=(1,2,1), g₂=1). hKSCOPE is not assumed anywh",(no controlled disposition field in this cycle's schema; see provenance),ADJ-F §4.5 net ruling + ADJ-F-6. Contested by ADJ-U U6-F6 — see §6.1,exact computation,,,,
C2,R23-C2-30,"REJECTED: F5b's methodological claim that ""the comparison target is read from sealed evidence, never typed from memory"", and make_replay_receipt.py as evidence for byte-identical replay",computation,"the battery contains zero open(, json.load, or hashlib; every target is a module-level literal. The receipt performs no replay — line 58 hardcodes the replayed digest and both byte_identical fields are constants, so any replayer obtains true unconditionally. The numbers are retained on independent execution; the artifacts are not evidence for them",(no controlled disposition field in this cycle's schema; see provenance),"ADJ-F §4.5 F5b-7′, F5b-12; D-8",exact computation,,,,
C2,R23-C2-31,"RC-04 rank-two identity: i_2(T−{v,s_v}) = C(n−3,2) + deg_T(s_v) − 2 for every tree n ≥ 3 and leaf v; guard: the registered form holds iff deg(s_v) = 2 iff T−{v,s_v} is connected; c(T−{v,s_v}) = deg_T(s_v) − 1; forest law i_2(S) = C(i_1(S)−1,2) + c(S) − 1",proved_informal,"all four clauses, 0 failures / 999,736 tree-leaf instances on three independent code paths; and proved, not merely swept: for a forest S on m vertices with c components i_2(S) = C(m,2) − e with e = m − c. Bound object named per A1.2: registered g is i(T−{v,s_v}) (r23's b_v), never i(T−v) (registry f). C1-F4's contrary letter-binding block is excluded by name","(extracted, best-effort, from provenance prose: retained)",ADJ-U §4.5 U5-D2…D6 retained; ADJ-F A1.2 / R-1 concurrence; ADJ-F §4.5 F5b-11,"unclassified (disclosed: heuristic tier mapping, structural/proved_informal claim)",,,"R23-C1-RANK2-IDENTITY -> R23-C2-31 (RC-04) [members: R23-C1-RANK2-IDENTITY, R23-C2-31]",
C2,R23-C2-32,"RC-08 premise survives the registry mutation: neither predecessor row is a registry claim_key, and the MINDEF/MINIMAL-DEFICIENT hit list is still empty at 80 claims",computation,"the count ""79"" becomes ""80"" at promotion; the conclusion is unaffected. Characterization preserved as ""textually near-identical up to an added nonemptiness hypothesis and a fixed-relation/relation-set wording difference"" — not ""the same result""","(extracted, best-effort, from provenance prose: retained)","ADJ-U §4.5 U5-D9, U5-D10 retained; R-C2(b)",exact computation,,,,
C2,R23-C2-33,"RC-04b (NEW, alias hazard): E993-R19-FIXED-GAMMA-HALL's alias_patterns entry ""Delete/Retag.Hall"" matches the new REFUTED literal-ordinary-tree row",computation,"verified by direct regex evaluation against the live registry: exactly one such cross-match, and the new row's own three patterns correctly match nothing else. Under monotone refutation precedence + alias-based status import, an automated check can propagate REFUTED from the literal row onto the still-OPEN governed-RTree row and thence toward O14. This is the r23 renamed-claim alias failure mode in its exact registered form. The defect is in the r19 row's over-broad pattern — a master-registry row this run may not edit",(no controlled disposition field in this cycle's schema; see provenance),"ADJ-U C-INTAKE-6 / U5-D11, new at that seat. Ashton-gated proposal. No status moved",exact computation,,,,
C2,R23-C2-34,The order-91 witness row's aggregate carries three-instrument agreement inside this run's own sealed record,computation,"x = 32, 67 favourable, S = −498754180547001418536 — Codex, U6's INSTR-DP, and a critic's independent closed-form INSTR-CF. Narrowing: within U6's own evidence, two-instrument agreement covered I(T) and hence x only; the favourable count and the aggregate were SINGLE-instrument","(extracted, best-effort, from provenance prose: retained_narrowed)","ADJ-U C-INTAKE-5 (positive yield) + U6-F2/F3 retained_narrowed — ""the evidence JSON is honest; the RETURN prose is not""",exact computation,,,,
C2,R23-C2-35,The n=252 \P\ figure in C1-LEDGER.csv row R23-C1-NUMERIC-CORRECTIONS is PROVENANCE-UNRESOLVED,computation,"V = 2·C(178,71) exactly (quotient 2, N = 178 ∈ [4,400)); 251 is prime and V mod 251 = 62 ≠ 0, so V ≠ 251·C(250,p) for any p; with a star's leaf symmetry forcing \|F\| ∈ {0,251}, no plain-star reading at n=252 can produce V (and V mod 252 = 72 ≠ 0 kills the m=252 reading). The separate Cayley leg is CONFIRMED: Σ n^(n−2) over orders 1–8 = 280,393, ""280393 not 280392""","(extracted, best-effort, from provenance prose: rejected)","ADJ-U §4.1 U1-3, §5.2 (U1-vs-U6 no conflict — different legs); one sentence of U1's return rejected as false",exact computation,,,"R23-C1-NUMERIC-CORRECTIONS n=252 figure -> R23-C2-35 (provenance-unresolved) [members: R23-C1-NUMERIC-CORRECTIONS, R23-C2-35]",
C2,R23-C2-36,"Row atlas: 460 (tree,p) instances, 56 relation-bearing, 404 degenerate; BRIDGE-2 exact on all 460, 0 violations; zero Retag-domain exclusions",computation,"paths P_4..P_22, brooms (L,m) L=2..8, m=1..8, n ≤ 22, spiders (3–6 equal legs len 1–5 + 9 asymmetric) n ≤ 22, each at p = x(T)+2+offset, offset 1..8; families broom 34 / spider 13 / path 9; offsets +1:38, +2:15, +3:3. Not a claim about all paths/brooms/spiders, and not a claim toward O14 or the mechanism in either direction. Carries NO Hall data (R23-C2-37)","(extracted, best-effort, from provenance prose: retained)",ADJ-U §4.3 U3-F1/F3/F6/F7 retained,exact computation,,,,
C2,R23-C2-37,Fence on R23-C2-36: the atlas publishes no Hall deficiency verdict and no cut data on any relation-bearing row,computation,"omission is in the safe direction (the O14-relevant value is present, the mechanism value absent — no mechanism kill can be mistaken for an O14 counterexample). The atlas must not be cited downstream as supplying Hall data; its rows are not ""fully inspectable rows"" in the C2-T5 sense. Also rejected: the causal gloss blaming small \|W_v\| — refuted by U3's own sealed spider row, where all four favourable leaves have supports of degree exactly 2, identical to a path, yet the row is relation-bearing at n=13 while paths need n=15",(no controlled disposition field in this cycle's schema; see provenance),"ADJ-U §4.3 U3-F8, U3-F2",exact computation,,,,
C2,R23-C2-38,"Interior-p inspectable rows: three relation-bearing non-star rows with live Retag, plus one empty-relation instance",computation,"DBLBROOM_A (n=13,p=7), BROOM3_A (n=13,p=7), DBLBROOM_B (n=15,p=8); SPIDER_4_3_3 (n=11,p=6) has 0 Delete and 0 Retag edges yet emits the same hall_certificate string — a labelling defect. \|P\|−\|N\| = S: −96, −80, −1, −144. Hall by exhaustive 2^{\|P\|} enumeration, deficiency 0 on the three; vacuous on the fourth. Interior-p machine-enforced; non-star 4/4; shared-support-with-live-Retag 3/3. Bounded zeros at orders 11–15, below order 91 — evidence of nothing. Also rejected: ""F_p(T) nonempty in 2 of 3 cases"" — it is 3 of 3 by the route's own scan report, which makes the finding's point stronger",(no controlled disposition field in this cycle's schema; see provenance),ADJ-T §3 C2-T5 F-1…F-5,exact computation,,,,
C2,R23-C2-39,Mathlib Hall/matching API fit at the pin: prefer the primed Finset.all_card_le_biUnion_card_iff_existsInjective'; no packaged defect-Hall or bipartite König exists at the pin,computation,"signature, [Finite ι], [DecidableEq α], the Tychonoff/CofilteredSystem import cost of the unprimed form, and SimpleGraph/Hall.lean's [G.LocallyFinite] scaffolding all verified at source; negative searches replay byte-identically, and the one defici hit was dismissed by reading the file, not by filename. Now MORE load-bearing, not less, since deficiency rather than Hall is the object of interest","(extracted, best-effort, from provenance prose: retained)",ADJ-T §3 C2-T4b §3 retained; §2 table,exact computation,,,,
C2,R23-C2-40,"The live fork for C3: ""Hall may not be the right tool — an explicit injection needs no subset-quantified hypothesis""",computation,"untouched by the refutation, precisely because it carries no subset-quantified hypothesis","(extracted, best-effort, from provenance prose: retained)",ADJ-T §3 C2-T4b retained; §5.3 recommended C3 aim (iii),exact computation,,,,
C2,R23-C2-41,Source fidelity: SEMANTIC-CONTRACT.md §3 verifies term-for-term against r19 c7-T1 §2 (ASCII-vs-Unicode only); the canonical registered claim text is verbatim-identical across all 7 citing CLAIMS.csv rows,computation,"the cycle's cleanest OB-R23-RECOVER result. The c9-T1 marked-block dependency is reproduced at citation fidelity + ONE frozen order-18, p=7 certificate (matching_count = 498, factorized_flow = 498, byte-identical) — C8-T1's universally quantified Theorem 3.1 is NOT reproduced, confirmed, or tested. T6b's ""9 rows"" is 7; its ""17/14"" is 18/15","(extracted, best-effort, from provenance prose: retained)","ADJ-T §3 C2-T6b F-4, F-2 retained; two integer citations rejected",exact computation,,,,
C2,R23-C2-42,A1.1's occurrence parenthetical is inaccurate; A1.1's operative premise is RETAINED IN FULL and BINDING,computation,"""governed RTree"" appears in 29 r19 RETURN.md files spanning cycles 1–9, not in c1-T1 only (T6b's 325-file corpus count rejected as the measure — not like-for-like). No seat may cite T6b Finding 1 as dissolving, weakening, or discharging A1.1. Every r23 actual-tree result carries the premise. Recommended: a proposal-only erratum correcting the parenthetical, leaving the premise untouched",(no controlled disposition field in this cycle's schema; see provenance),"ADJ-T §3 C2-T6b F-1, D-4",exact computation,,,,
C2,R23-C2-43,"Standing-duty interpretive ruling (duty 3, wall-clock): the duty is discharged by LOCATION — outside evidence/ and outside every hashed manifest — never by filename; it reaches the RETURN.md's own evidence-inventory table, since the RETURN is a sealed member of the stage manifest; verbatim quotation of an already-sealed timing literal as finding content is exempt and must be declared inside the hashed artifact",computation,"under this reading F3, F6 and U1 each violate duty 3; only F3 additionally falsely certifies (""No wall-clock field appears in any hashed JSON payload"" is false — twin_hub_result.json carries ""…\|P\|=1240 already costs ~1.5s…"", sealed). That distance is the whole difference between CRITICAL and MAJOR here. Errata, never a re-cut of sealed evidence",(no controlled disposition field in this cycle's schema; see provenance),ADJ-F CR-F-2 / ADJ-F-5 (reach) + ADJ-U §6.3 (symmetric carve-out). Convergent; adopt the union — see §6.5,exact computation,,,,
C2,R23-C2-44,"Standing-duty violation (duty 2, replay paths): U3 and U6 wrote __pycache__ into sealed trees",computation,"published invocations put sys.path[0] at the sealed evidence/scripts/ directory, so CPython writes .pyc files inside the seal. An --out-dir flag does not cure a command whose interpreter writes into the tree. No sealed byte altered, no digest moved — MAJOR, not CRITICAL. Aggravating and material: envelope_audit.py's walk() structurally cannot see this class, so a deferred audit would certify such a tree ""1:1"" afterwards",(no controlled disposition field in this cycle's schema; see provenance),"ADJ-U §6.2. Remedy binding on C3: copy scripts out of the sealed tree first, or PYTHONDONTWRITEBYTECODE=1 with an absolute path",exact computation,,,,
C2,R23-C2-45,Instrument caveat: envelope_audit.py must not be adopted as the C3 standard without an extension fix and a declared blind-spot list,computation,"its TEXT_EXT omits .jsonl and .sha256, so ""334 wall-clock values, files_scanned: 199"" is a LOWER BOUND over 197 files; walk() drops __pycache__ and .DS_Store unconditionally; it enumerates only false-positive classes and declares no false-negative class — three genuine duty-3 violations pass it as clean (compact JSON, string-valued timings, .log files never opened). Its _UNHASHED-naming critique is correct: a suffix cannot make a sealed file unsealed. Its acceptance-criterion clause 2 is rejected and replaced: ""refuses any output path inside a SEALED tree (cycles/)"" — the original ""inside the ",(no controlled disposition field in this cycle's schema; see provenance),"ADJ-U §4.4 U4-F3, U4-F4, U4-F6, U4-F11",exact computation,,,,
C2,R23-C2-46,Topology defect (controller scope): three of nine C2 critic seats each audited one same-orientation target,computation,"CRIT-2 (F) → F5b; CRIT-3 (U) → U6; CRIT-5 (T) → T4b (disclosed unprompted, and audited ""under the same adversarial standard""). Contrary to SOLUTION-CONTRACT.md §3's cross-orientation rule. A controller allocation defect, not a critic fault. Mitigated in fact, not in form — the F-lane instance returned two MAJOR findings against its same-orientation target, ""hardly a captured critic"", and a third instrument corroborated independently; dispositions are retained without discount. AMENDMENT S1's own wording already forbids this defect",(no controlled disposition field in this cycle's schema; see provenance),ADJ-F §6 / ADJ-F-2. C3 remedy: mechanical pre-dispatch lint of the 36-critic plan against declared stances,exact computation,,,,
C2,R23-C2-47,"Isolation: two self-disclosed breaches, both credited for disclosure, both charged",computation,"F6 grepped a sibling T-route return for AMD-9 formatting — contamination assessed NIL (the two matched lines are boilerplate specified verbatim in F6's own dispatch; a critic independently re-derived 9 of F6's 15 rows). U5 read a sibling C2 return and then certified universal non-dependence — the certification is REJECTED, refuted by the certifying document's own two later sentences; contamination confined to those two corroborative/rhetorical sentences; no finding, quotation, hash, scope, tier, gate or proposal content is affected. Ruled explicitly a hygiene/false-certification CRITICAL, not ",(no controlled disposition field in this cycle's schema; see provenance),ADJ-F §3; ADJ-U R-C1,exact computation,,,,
C2,R23-C2-48,"Correct conduct, zero fault, preserved: routes T4, T6 and F5 STOPPED on the Incident-A Stage-1 amendment-trail mismatch exactly as dispatched",computation,"their blocked stubs are preserved unmodified; substantive successors T4b/T6b/F5b are adjudicated in their place; nothing in the stubs is carried forward as a claim. F5's Finding 3 (the charge/isolation conflict) was correct and load-bearing — the controller struck that wording for the re-dispatch. F3 did not stop and its content reached Stage 4 by a path its dispatch did not authorize; the dispatch text was the defect and no fault is charged, but the synthesis records how the content arrived",(no controlled disposition field in this cycle's schema; see provenance),ADJ-T §3 stubs; ADJ-F CR-F-6 + process note,exact computation,,,,
C2,R23-C2-49,"Cross-portfolio agreement obtained without contact: U1's broom(handle=3,bristles=6) at p=6 and F6's broom_L=2_b=6 are the same 9-vertex tree, and two independently written instruments in two isolated routes agree exactly",computation,"\|P\|=12, \|N\|=66, S=−54, \|F\|=7. Real cross-route agreement, credited — and still evidence, never proof",(no controlled disposition field in this cycle's schema; see provenance),ADJ-U §5.5,exact computation,,,,
C2,R23-C2-50,No decisive event was produced by any r23 route in C2,computation,"no positive S(T,p) on any governed row, on any face; no Hall-deficient cut found by any route. The only decisive event in view is the controller-verified external refutation",(no controlled disposition field in this cycle's schema; see provenance),"ADJ-T §3 T5, ADJ-F §4.6 F6-6, ADJ-U §9",exact computation,,,,
C3,R23B-C3-F1-01,"The order-91 no-branch-center cut is MIXED — 66 satellite slices properly cut, the arm slice wholly inside (forced: W_{a2} = {h}, h adjacent to every center)",proved_informal,"Order-91 T22, p = 34 = x+2. Anchors: X = 1020660578375268831042, Y = 1006434057637648542672, deficit = C(67,33) = 14226520737620288370 = 67·d_u with d_u = C(66,33) − C(66,32) = 212336130412243110 uniform on all 67 tags; P = 6,533,318,342,644,086,823,410, N = 7,032,072,523,191,088,241,946, 67 favorable; same row S = −498754180547001418536. Γ(X) = Y exactly, via Delete-saturation. [A1.1]","(extracted, best-effort, from provenance prose: retained)","retained — ADJ-F §7/F1, §3.4, digit-exact against receipt-2 and three independent critic legs plus ADJ-F's own",exact computation,,,,
C3,R23B-C3-F1-02,"""Deficiency does NOT localize to a single tag; mixing is essential""",computation,"Narrowed to: ""No FULL tag slice of X is deficient; deficiency first appears at a 66-slice union."" F1's evidence is full-slice granularity only. The satellite-only union is 66 CENTER-FREE SLICES, not 66 complete tags (66 complete tags = 6,526,098,914,210,070,557,670, not deficient) — the phrase ""66 tags, arm excluded"" is a prose hazard and must not be read as tag-closed. Minimal deficient union of whole satellite slices is exactly j = 66 (at j=65 the margin is −8,348,076,634,899,098,685); sub-slice granularity remains OPEN. [A1.1]","(extracted, best-effort, from provenance prose: retained_narrowed)","retained_narrowed — ADJ-F §3.1, §7/F1, with CRIT-F1-U's closed form recorded as a C3 refinement. This narrowing is what dissolves the apparent F1/F4 conflict",exact computation,,,,
C3,R23B-C3-F3-01,The one-step within-tag double count (p−1)X ≤ E·D_v(X) fails to certify X ≤ D_v(X) on the order-17 row and on the order-28 margin row,proved_informal,"Narrowed, and this is the wording of record: ""…It therefore cannot be a universal certificate below the face 2p ≥ n. It is not dead row-by-row below the face: R23-C2-14 certifies at 2p = n−2 and at 2p = n−3."" [A1.1]","(extracted, best-effort, from provenance prose: retained_narrowed)","retained_narrowed — ADJ-F §4.1. Must not be registered with the unqualified verb ""kills"". Sharpening adopted: on tag v=0 of T\ the actual degrees still close the count; what fails is the r19 generic constants (p−1 vs n−p−1) once n ≥ 2p+1","unclassified (disclosed: heuristic tier mapping, structural/proved_informal claim)",,,,
C3,R23B-C3-F3-02,"The design-space law: E ≤ n−p−1 for every target on every row; hence E ≤ p−1 always on 2p ≥ n, and E > p−1 forces n ≥ 2p+1",proved_informal,"Extensions of a target B lie in V(H_v) \ B, so E ≤ V(H_v) − B = (n−2) − (p−1). Exact, one line","(extracted, best-effort, from provenance prose: retained)","retained as exact — ADJ-F §4.4, ""the strongest retained item in the F portfolio"". Corroborated 0 violations over all trees of order ≤ 14 (35,394 governed rows, CRIT-F3-T) and all 2,192 scan rows (CRIT-F3-U); independently re-derived by CRIT-T5-U (B ⊆ N_{H_v}[B], V(H_v) = n−2). Consistent with both witnesses: 17 = 2·8+1 exactly; 16 ≥ 2·7+1 with slack","unclassified (disclosed: heuristic tier mapping, structural/proved_informal claim)",,,,
C3,R23B-C3-F3-R1,"C3-F3's ""52 / 50 / 3"" first-failure breakdown over the two declared families' n ≤ 16 points",rejection/narrowing (see provenance),"Unreproducible from F3's own sealed f3_scan.json. The sentence's own preamble scopes it to ""the two declared families"", which hold 308 points at n ≤ 16, not the 105 implied by 52+50+3; and even restricted to the single-tail family the triple is wrong. Corrected: both families, 308 points → 211 / 97 / 0 (non-exclusive 211/238/24); single-tail only, 105 points → 52 / 53 / 0 (non-exclusive 52/90/15). No n ≤ 16 point in either family fails by ""v1 unfavorable"" alone, so the published ""(3)"" has no referent at any reconstructible scope","(extracted, best-effort, from provenance prose: REJECTED)","REJECTED — ADJ-F §4.2, upholding CRIT-F3-T MAJOR-1 with CRIT-F3-U concurring, figures reproduced independently by ADJ-F. No integer of the obstruction narrative may reach a ledger row. Damage contained: 2,192 points, 432 successes and min-success n = 17 all reproduce exactly, and nothing in the witness, the aggregate, the ceiling lemma or R23B-C3-F3-01 depends on the triple",exact computation,,,,
C3,R23B-C3-F4-01,W4 (tag-closed-cut Hall) SURVIVES the C3-F4 screen — the only one of seven weakenings to pass all three bars,proved_informal,"Criterion (i): G = F gives P ≤ Γ(P) ≤ N, i.e. S(T,p) ≤ 0 by BRIDGE-2. (ii) the no-branch-center cut properly slices every satellite tag and wholly contains the arm tag, so it is not in the class. (iii) W4 routes no subset-indexed nonnegative payment and prices no collision termwise. Strictly weaker than all-cut Hall (all-cut ⟹ tag-closed, never the converse), so the order-91 refutation does not transfer and A2.2 is not engaged. [A1.1]","(extracted, best-effort, from provenance prose: retained)","retained, and strengthened — ADJ-F §3.2, §7/F4","unclassified (disclosed: heuristic tier mapping, structural/proved_informal claim)",,,"W4 / tag-closed-cut Hall (the TRS2 alias-lesson precedent) [members: R23B-C3-F4-01, R23B-C3-F4-01a, R23B-C4-F1-01, R23B-C4-T5-02, R23B-C5-U1-04]",
C3,R23B-C3-F4-01a,"No tag-closed cut on the order-91 row is deficient, over all 2^67 — W4's remaining-proof item 1, discharged for that row only",computation,"PROVENANCE, and it is load-bearing: CRITIC-SOURCED, not route-sourced. Primary: CRIT-F4-U §2(C) — maximal-independent-set-by-size DP on the 89-vertex forest H_sat gives 0 maximal independent 33-sets (parity: hub-excluded maximal sets have even size 66−2k, hub-included exactly 67; 33 is odd and ≠ 67), so D_sat = C_33(sat) entirely; Hall on every tag-closed cut then follows from three exact inequalities. Concurring by an independent route: CRIT-F4-T F-6. C3-F1 does NOT discharge it — F1 tests 1 of 2^67 − 1 nonempty tag-closed cuts (the arm-tag singleton is the only tag-closed sub-cut of X). One exact row: computation, never proof","(extracted, best-effort, from provenance prose: retained)","retained — ADJ-F §3.3, and ADJ-F §8 item 1 upholds the scope-import hazard against recording it under F1's name. Items 2–4 stand: the general theorem is OPEN and is now known to require cross-tag Retag flow (at k=22 the arm tag's Delete image C(66,32) is smaller than the tag itself); a proved W4 yields exactly per-row P ≤ N = the O14 row via BRIDGE-2, never O14",exact computation,,,"W4 / tag-closed-cut Hall (the TRS2 alias-lesson precedent) [members: R23B-C3-F4-01, R23B-C3-F4-01a, R23B-C4-F1-01, R23B-C4-T5-02, R23B-C5-U1-04]",
C3,R23B-C3-F4-02,"W1, W2, W3, W5 KILLED; W6 screened out as not-a-mechanism; W7 fails bar (iii)",proved_informal,"W1 kill strengthened to a structural identity: g_arm = Δ_33 applied to x(1+x)^66 = C(66,33) − C(66,32) = +212,336,130,412,243,110 — the SOLUTION-CONTRACT §6 positive marked gap, located and forced (exactly one leaf on the row has g > 0). W2: arm singleton +212,336,130,412,243,110; each satellite triple −22,680,296,212,609,711,893; narrowed — the ""1/107th"" compensation ratio refers to a satellite support group (≈106.81), per leaf ≈1/35.6. W5 ⟹ W1 via 34·C(66,32) = 33·C(66,33). W6 literally is S(T,p) ≤ 0, the O14 row (R23-C2-11). [A1.1]","(extracted, best-effort, from provenance prose: retained)",retained (W2 retained_narrowed) — ADJ-F §7/F4. Recording W6 so no later seat re-proposes it is endorsed,"unclassified (disclosed: heuristic tier mapping, structural/proved_informal claim)",,,,
C3,R23B-C3-F5-R1,"C3-F5's ""every fixture value used was read from its pinned file and hash-verified … never transcribed"" and the Verdict's ""reproduced digit-exact from genuine opens of the pinned files""",rejection/narrowing (see provenance),"FALSE as written. battery_f5.py contains exactly three open( sites resolving to two pinned files (FIXTURE-HASHES.txt, witness-report.json); every other expected value is a module-level literal. Aggravating: the two most load-bearing transcriptions are the order-91 cut integers — the A2.2 refutation fixture itself — taken from receipts that no seal F5 verified covers. Verbatim the defect class the C2 gate rejected at R23-C2-30","(extracted, best-effort, from provenance prose: REJECTED)","REJECTED (CRITICAL) — ADJ-F CR-F-1, both critics concurring, mechanism verified by ADJ-F in the sealed bytes. Narrowing that survives: ""FIX-1/FIX-2/FIX-3 are opened and hash-verified; the remaining twelve controls compare against module-level literals, each of which CRIT-F5-T and CRIT-F5-U independently verified against its pinned source."" No numeric verdict is disturbed. The consequence to record",exact computation,,,,
C3,R23B-C3-F5-R2,"C3-F5's ""BATTERY PASS — 15/15 controls, no instrument control failure, no CRITICAL"" and both EINST planted-control entries",rejection/narrowing (see provenance),"The planted controls are TAUTOLOGIES. planted_fn = (Emax > 0) if Emax >= 1 else True (True on both branches); planted_fp = not (Emax > 106) (True for any Emax a row of this size yields). Neither predicate can evaluate False; a dead E-detector returning 0 passes EINST. Published planted_low_threshold_fires: true on the P10 row at E_max = 0, P = 0 is a literally false control result. All three EINST rows have E ≤ p−1, so the only detector that matters for the T5/F3 charge (E > p−1) is exercised in neither direction","(extracted, best-effort, from provenance prose: REJECTED)","REJECTED (CRITICAL, instrument control failure) — ADJ-F CR-F-2. By F5's own charge text, ""Instrument control failure = CRITICAL"", landing on the one seat whose entire charge is the control battery. Surviving: ""15/15 controls executed; every numeric result independently reproduced digit-exact; no mathematical error found. The two EINST planted entries are VOID and the P10 bar is non-discriminating;",exact computation,,,,
C3,R23B-C3-T1-01,"support v = s_v: existence, uniqueness, and nbrs v = {support v} for degree-one v",Lean,Every G : Graph n of the C1-T6 encoding and every degree-one v; the tree hypothesis is neither needed nor carried (broadening disclosed). [A1.1] for any actual-tree reading,"(extracted, best-effort, from provenance prose: retained)","retained — ADJ-T §3/T1. Sorry-free; axioms ⊆ [propext, Classical.choice, Quot.sound]; byte-identical replay on both critic seats; corroborated on 1,420,298 governed rows (CRIT-T1-U) and all labeled trees orders 2–8 plus every graph on ≤5 vertices (CRIT-T1-F) — bounded zeros, corroboration only",sorry-free lemma,,,,
C3,R23B-C3-T1-02,"xOf = x(T) (first strict descent): exists_first_descent, xOf_spec, eq_xOf_of_first_descent",Lean,"Every G : Graph n, n ≥ 0 included; closes Tree.lean's open existence edge case (i_0 = 1, i_{n+1} = 0, both proved); the getD sentinel provably never the value's source","(extracted, best-effort, from provenance prose: retained)","retained — ADJ-T §3/T1. Load-bearing for T1-03's rank floor, not decorative",sorry-free lemma,,,,
C3,R23B-C3-T1-03,BRIDGE-1/2 landed as actual-tree statements,Lean,"Narrowed: identification discharged for the hypotheses, for BRIDGE-1's two right-hand carriers (univ \ {v,s}, univ \ insert s (nbrs s)) and for BRIDGE-2's rank floor. NOT lifted: (G.C v r).card, G.P p, G.N p, G.S p, G.Favorable p still route through the support stand-in in every _actual statement. _hT non-load-bearing; the floor's load-bearing content is p ≥ 1. [A1.1]","(extracted, best-effort, from provenance prose: retained_narrowed)","retained_narrowed — ADJ-T §3/T1, concurrent critic findings. Any promoted row must carry an explicit R23-C1-ELIGIBILITY-HAZARD cross-reference (S = +2 on P5 and S = +6 on K_{1,3} at the ungoverned p=1, BRIDGE-2 holding)",sorry-free lemma,,,,
C3,R23B-C3-T2-01,"The Lean merge: LC-1/LC-2/LC-3 sorry-free together in one artifact; 72 declarations, zero sorryAx; 57/8/7 axiom-set partition",Lean,"Extended by CRIT-T2-U's own Lean.collectAxioms metaprogram to all 94 project constants: 0 sorryAx, 0 axioms outside the three. lake build exit 0 at the pin with zero sorry warnings","(extracted, best-effort, from provenance prose: retained)","retained — ADJ-T §3/T2. First sealed artifact in the run with zero sorryAx over the union, at that exact scope. See R23B-C3-T2-02 for the debt it creates",sorry-free lemma,,,,
C3,R23B-C3-T2-02,"C3-T2's headline ""MERGE EXECUTED — the merge debt (ADJ-T D-2) is discharged""",rejection/narrowing (see provenance),"Read as: the D-2 merge debt is discharged for the C3-T2 artifact over LC-1/LC-2/LC-3 (+LC-4/5/6/7 carried). The gate must carry forward a NEW reconciliation debt: at the C3 close the run holds three divergent Lean lineages — T2 (7-conjunct THM_R23_A, THM_R23_C absent by decision), T3 (13-conjunct, THM_R23_C with sorry), T6 (C2-era Theorems.lean, sorryAx on both) — and no single sealed artifact exhibits the completed THM_R23_A and THM_R23_C proved together. Neither project is a superset of the other. A scheduling consequence of Stage-3 isolation, not a defect of any route","(extracted, best-effort, from provenance prose: retained_narrowed)","retained_narrowed — ADJ-T R-C5, D-6, verified by ADJ-T directly from the sealed bytes. Compounding and sustained: the xOf existence lemma is ORPHANED — T2 deferred it to C3-T4, and C3-T4's return does not mention xOf at all (zero occurrences), so no seat owns it; it must be re-aimed at C4 explicitly. (Mitigation recorded: C3-T1's exists_first_descent proves exactly that claim sorry-free in a diffe","unclassified (disclosed: heuristic tier mapping, structural/proved_informal claim)",,,,
C3,R23B-C3-T3-01,"THM-R23-A completed: thirteen conjuncts — C2's (1),(2),(3),(4a),(4b),(4c),(5) byte-unchanged plus (4d) tag-not-in-active-set, (4e) cross-family target distinctness, (4f) Delete/Retag mutual exclusivity, (4g) per-edge Delete-label uniqueness, (6) P/N membership characterization, (7) block-disjointness cardinalities",Lean,"C1-T6 groundwork-encoding scope; _hT/_hp consumed nowhere, so the content is graph-general — nothing is tree-specific or governed-rank-specific (disclosed). [A1.1] for any actual-tree reading","(extracted, best-effort, from provenance prose: retained_narrowed)","retained_narrowed — ADJ-T §3/T3, clause count verified by ADJ-T directly from sealed bytes. #print axioms = [propext, Classical.choice, Quot.sound], no sorryAx; byte-identical replay on both critics. ADJ-T D-1's placement ruling executed: (6)/(7) are inside the theorem, not satellite lemmas",kernel,,,,
C3,R23B-C3-T3-03,Multi-edges are unrepresentable by type in a Prop-valued edge encoding; (4d)–(4g) are the non-trivial residue,proved_informal,"Narrowed: (4d),(4e),(4f) carry the encoding-specific simplicity weight (all route through tag_not_mem_of_mem_C); (4a) and (4g) are generic Finset.erase_inj facts stated in relation binders — structurally the shape CR-T-2 faulted in (4b)/(4c)","(extracted, best-effort, from provenance prose: retained_narrowed)",retained_narrowed — ADJ-T §3/T3,"unclassified (disclosed: heuristic tier mapping, structural/proved_informal claim)",,,,
C3,R23B-C3-T3-04,"In-domain inhabitation in the route's own evidence: DB(3,2), n=7, p=4: x=2, F_4={2,3,4,5,6}, P=5 (blocks 1+1+1+1+1), N=21 (5+5+5+3+3), S=−16=P−N, 18 Delete + 18 Retag edges",computation,"Reproduced on three further instruments including Lean kernel decide with a real Connected proof. The R23-C2-03 debt is discharged as to provenance — read as provenance-only closure: the row is the same DB(3,2) fixture CRIT-1 supplied in C2, so the agreement is three-way in computation, not in choice of instance. S = −16 ≤ 0 is evidence of nothing about O14","(extracted, best-effort, from provenance prose: retained)",retained — ADJ-T §3/T3,exact computation,,,,
C3,R23B-C3-T4-01,"LC-5 completed: lc5_independence_downward_closed, lc5_rank_decrement, lc5_delete_domain(_exact) re-landed with hq removed to match the R23-C2-05 narrowed clause verbatim",Lean,"The removal is sound (A ∩ W = {q} ⟹ q ∈ A; if q ∉ A both sides false under activity); hq bears exactly once, in the rank decrement","(extracted, best-effort, from provenance prose: retained)","retained — ADJ-T §3/T4. The two lemmas C2 called ""unformalized and unnamed"" are now both named and proved",sorry-free lemma,,,,
C3,R23B-C3-T4-02,"lc5_dom_delete_complete = ""Dom(Delete) exact""",Lean,"Exact surviving scope: for A independent, A.card = p, (A ∩ W).Nonempty, q ∈ A: A \ {q} is independent, has card p−1, and ((A \ {q}) ∩ W).Nonempty ↔ A ∩ W ≠ {q}. An abstract Finset/SimpleGraph statement — it formalizes no H_v, no Ind_r(H_v), no C_r(v). ""Delete(q) lands in C_{p−1}(v) exactly when A ∩ W ≠ {q}"" is docstring-level identification","(extracted, best-effort, from provenance prose: retained_narrowed)",retained_narrowed — ADJ-T §3/T4. R23-C1-DELETE-DOMAIN is proved modulo an identification that is C3-T1's charge; T4 does not claim otherwise,sorry-free lemma,,,,
C3,R23B-C3-T4-03,LC-7 re-landed at ι := tags of N; lc7_tags_of_N(_pairs) with hDD/hRR/hDR discharged by the targets' first coordinate,Lean,"Narrowed: ""hypothesis-free""/""needs nothing"" overstates — the theorems carry hD/hR, definitionally satisfied by the tag-grouped families. Restate as: the disjointness hypotheses are discharged from the tagging alone; no structural graph input is needed. The C2-rejected source-indexed reading (ι := sources of P) is correctly named rejected","(extracted, best-effort, from provenance prose: retained_narrowed)","retained_narrowed — ADJ-T §3/T4. The Lean proof is what carries this claim, replaying sorry-free byte-identically on both critic seats — see R23B-C3-T4-04 for what does not carry it",sorry-free lemma,,,,
C3,R23B-C3-T4-04,"C3-T4's mandatory certification receipt ""certifies the tags-of-N instantiation"", 103 rows / 30 non-vacuous / all_identities_hold: true",rejection/narrowing (see provenance),"The receipt is a NULL CONTROL for its charge-mandated object. check_cut files each target into Dimg/Rimg under the key t[0] and then tests ok_hyp = all(t[0] == w …) — it re-reads the key it filed under, so ok_hyp is a tautology and cannot fail; ok_add/ok_sub are equally tag-blind, since the buckets are fibres of a function of the target, degenerating the identity to D ∪ R = D + R − D ∩ R, true for any grouping function. An instrument invariant under arbitrary re-tagging certifies nothing about ι. Two fault injections are not merely reproducible — they are forced","(extracted, best-effort, from provenance prose: REJECTED)","REJECTED as a certification of ι (CRITICAL); retained_narrowed as evidence — ADJ-T R-C1, D-3, sustaining CRIT-T4-U's CRITICAL and rejecting CRIT-T4-F's minor grading. Exact surviving scope: the receipt certifies (i) inclusion–exclusion on the constructed Delete/Retag images and (ii) BRIDGE-2 row consistency on 103 governed rows (30 non-vacuous) — and NOTHING about the tags-of-N grouping. The insta",receipt,,,,
C3,R23B-C3-T5-01,The smallest order in the charged bracket 17..91 with a governed E > p−1 row is 17; W17 preserved,computation,"x=6, p=8=x+2, F_8={1..8,16}, a_v=−484/a_16=−644, E_row=8>7, B={2..8} with extensions {9..16}, S(W17,8) = −5158 = P−N = 6288−11446. Boundary-tight (E = n−p−1, n = 2p+1), sitting on the F1-EXT-1 face. [A1.1]","(extracted, best-effort, from provenance prose: retained_narrowed)","retained_narrowed — ADJ-T §3/T5. SOUND at exactly that bracket scope; must NEVER be cited as ""the smallest order at which the obstruction occurs"" — that value is 16. C3-F3's SPIDER-BLOCK(7,8) is the same tree up to relabelling, reached by disjoint means (ADJ-T D-2, ADJ-F §4.3)",exact computation,,,,
C3,R23B-C3-T5-07,"The smallest order carrying a governed row with E > p−1 is 16, with witness T16 preserved exactly",computation,"Positive half: T16, n=16, edges (0,1)(0,2)(0,3)(0,4)(0,5)(0,6)(1,7)(1,8)(1,9)(2,10)(2,11)(2,12)(7,13)(8,14)(9,15); i(T16)=[1,16,105,380,853,1259,1258,858,393,114,18,1]; x=5; p=7=x+2 governed; E_per_tag = {3,4,5,6,10,11,12: 7; 13,14,15: 5}, E_row = 7 > 6; argmax tag v=3, s_v=0, W_v={1,2,4,5,6}, B={4,5,6,10,11,12} ∈ C_6(v), N_{H_v}[B]={2,4,5,6,10,11,12}, extensions {1,7,8,9,13,14,15}; same row: S(T16,7) = −1690 = P−N = 2255−3945, F_7 = 10. Minimality half: two independent exhaustive sweeps, zero obstruction rows over all free trees of orders 4–15 (13,185 trees), p-truncation justified by the proved ceiling E ≤ n−p−1. [A1.1]","(extracted, best-effort, from provenance prose: retained_narrowed)","retained_narrowed — the lane's material obstruction result. ADJ-T R-C3 / §6 clause 2; ADJ-F §9(a) adopts it independently and re-derives every integer on its own instrument. Adjudicated twice re-verified: ADJ-T's own literal enumerator and ADJ-F's own instrument, over CRIT-T5-F's two. Registrable only as ""no smaller order found on two independent exhaustive sweeps""; never extrapolated. The order-1",exact computation,,,,
C3,R23B-C3-T5-07a,"Structural datum: T16's witness block is MIXED (three co-leaves of s_v plus three leaves of a different hub), so E = 7 < n−p−1 = 8 — strictly inside the trivial ceiling; and 2p = 14 < 15 = n−1, strictly below both retained positive faces",proved_informal,"The obstruction is not a boundary-tight phenomenon and is invisible to the isolated-active-block design principle both C3-T5 and C3-F3 used, which manufactures only E = n−p−1. No retained positive result covers T16. [A1.1]","(extracted, best-effort, from provenance prose: retained)","retained — ADJ-T R-C3(1)(2) and ADJ-F §9(a)(i)(ii), reached independently and in the same terms. This is the part that should reach the mathematics agent","unclassified (disclosed: heuristic tier mapping, structural/proved_informal claim)",,,,
C3,R23B-C3-T5-R1,C3-T5's isolation/envelope/replay section,rejection/narrowing (see provenance),"The replay-fidelity certification is false as written. build_witness() emits no result_premise key; the published t5-report.json carries witness.result_premise = ""[A1.1] …""; both critic replays produce an identical digest differing in exactly that one key, every integer identical. WITNESS-R23B-T5-ORDER17.json is generated by no published instrument at all. The published replay command omits PYTHONDONTWRITEBYTECODE=1 and, executed verbatim, wrote into the sealed control/fixtures/ tree","(extracted, best-effort, from provenance prose: REJECTED)","REJECTED; sustained at MAJOR with an explicit escalation test — ADJ-T R-C2, D-4. The false certification is about bytes, not mathematics; the edit improves duty-6 compliance while breaking reproducibility. Not CRITICAL: no sealed byte was altered. ESCALATION TEST, recorded: this becomes CRITICAL the moment any downstream face cites t5-report.json or WITNESS-R23B-T5-ORDER17.json as instrument-gener","unclassified (disclosed: heuristic tier mapping, structural/proved_informal claim)",,,,
C3,R23B-C3-T6-01,"THM_R23_C_hall_discharged: HallCondition p → S p ≤ 0, proved via subtype re-indexing → Finset.all_card_le_biUnion_card_iff_existsInjective' → Function.extend → the injection form",Lean,"Statement identity to the sealed THM_R23_C mechanically confirmed (example : @THM_R23_C = @THM_R23_C_hall_discharged := rfl accepted). The all-cut antecedent is used only as a hypothesis, never asserted — A2.2 intact","(extracted, best-effort, from provenance prose: retained)","retained — ADJ-T §3/T6. Six fork declarations plus both bridge proofs on [propext, Classical.choice, Quot.sound], no sorryAx. This is the route's substantive new formalization, and it discharges a CONDITIONAL",stated-not-proved,,,,
C3,R23B-C3-T6-02,"C3-T6's ""no lemma strictly between the conditional and the target; the fork's earliest unproved lemma IS the per-row demand""",Lean,"Admissible reading, binding on every downstream citation: for the hypothesis form whose antecedent is the existence of an ARBITRARY injection P ↪ N, the antecedent is equivalent to the conclusion via BRIDGE-2; that particular fork admits no proper intermediate lemma — a tautology, not a search of the fork's design space. Unsound as a statement about the relation-respecting fork, which remains OPEN. The sealed order-91 row separates the two notions exactly. The intermediate space is non-empty. [A1.1]","(extracted, best-effort, from provenance prose: retained_narrowed)","retained_narrowed — ADJ-T R-C4, D-5. No face may cite T6's F-1 as closing LC-G or as evidence that the injection route is exhausted",sorry-free lemma,,,,
C3,R23B-C3-T6-03,"C3-T6's Verdict headline ""DISCHARGED, sorry-free … BOTH chartered forms""",rejection/narrowing (see provenance),"No injection was constructed anywhere in this route. THM_R23_C_of_injOn takes f, hmaps, hinj as hypotheses; its proof is Finset.card_le_card_of_injOn + bridge2_proof + omega, carrying no mathematical content beyond sealed C2. Presenting the two forms as co-equal invites reading the unconditional fork as closed when the route's own F-1 says it is not","(extracted, best-effort, from provenance prose: REJECTED)","REJECTED as written — ADJ-T §3/T6. Required replacement: ""THM-R23-C discharged AS A CONDITIONAL (Hall-antecedent form, statement identical to the sealed THM_R23_C) and in an arbitrary-injection hypothesis form; no injection was constructed; the unconditional constructed-injection fork remains OPEN, with the earliest unproved lemma of the relation-respecting fork still unidentified."" [A1.1] Stop-te","unclassified (disclosed: heuristic tier mapping, structural/proved_informal claim)",,,,
C3,R23B-C3-U1-R1,"C3-U1's HANDOFF-SPINE.md:418 / RETURN.md Finding 6: ""the identity value is 40 against 25 (U4 gloss) and 45 (CRIT-6 repair)"", presented under ""This route re-verified independently""",rejection/narrowing (see provenance),"The adjudicated value is 45, not 25. ADJ-U opened the sealed C1 adjudication (beb31c35…, verified against control/STAGE5-SEAL.json) and read the row directly: Γ(P) = 45, ΣDelete-image + ΣRetag-image = 85, excess required 40, U4 §6's C(X) as glossed = 45. Cause located: normalization_instrument.py:166-175 builds shared_pairs as one global set of unordered source pairs colliding anywhere (25); U4's verbatim gloss is a per-target term Σ_y C(d_y, 2) = 45. A normalization substitution, not an arithmetic error — but the spine asserts independent re-verification of a recorded refutation while publishing a different quantity under the refuted form's name, and it destroys ADJ-U's explicit C1 finding ","(extracted, best-effort, from provenance prose: REJECTED)","REJECTED (CRITICAL) — ADJ-U RU-C3. CRIT-U1-T's contrary verdict is SET ASIDE on this one row only (it reproduced the instrument's 25 without comparing against the sealed C1 adjudication); its verdict is otherwise sustained in full. What is NOT damaged: the refutation itself — 25 ≠ 40 and 45 ≠ 40, so U4's §6 gloss fails the identity under either reading. No claim status moves; REFUTED does not regr",exact computation,,,,
C3,R23B-C3-U2-01,"The definitive alias-hazard census: 13 ordered REFUTED-involving hazard pairs at the 80-claim pin b57e7990…, union over both channels (regex alias_patterns + bare-alias substring), five fields, no alias-length filter",computation,"The decisive items: pair 2 E993-BETA-AGG [OPEN, = O14] → E993-BETA-AGG-SUPPORT [REFUTED, a §7 fence] fires on the regex channel via O14's own pattern favorable[- ]leaf aggregate against the REFUTED row's scope; pair 3 E993-BETA-AGG → E993-R23-LITERAL-…-GAMMA-HALL [REFUTED] on the regex channel via certificate; pair 4 the reverse E993-BETA-TARGET [REFUTED] → E993-BETA-AGG on scope; pair 8 the RC-04b pair, where two of the OPEN row's own patterns cross-match, with zero reverse-direction hits — one-directional, in the dangerous REFUTED → OPEN import sense; pairs 9–11 E993-TGT-TREE [OPEN, the program target] → three REFUTED rows on claim_key (TREE)","(extracted, best-effort, from provenance prose: retained)","retained as the adjudicated definitive census — ADJ-U RU-C2, reproducible from scratchpad/c3-adj-u/adj_u_census3.py. ADJ-F §6.2's 7-pair table is exactly the three-field substring restriction of this census and is contained in it — the two lanes do not conflict (§6, item 6). Both critics retained in full at their declared conventions; the divergence was one convention (minimum alias length admitte",exact computation,,,,
C3,R23B-C3-U2-R1,"C3-U2's ""Full sweep: 17 hits, 15 distinct claim pairs, 5 REFUTED-involving status-propagation hazard hits"" and ""status_propagation_hazard_hits lists all five hits""",rejection/narrowing (see provenance),"The integers are exact and reproduce; the word full is false. The seat itself elevated the plain alias-substring channel to a first-class hazard channel — ""any substring-based alias matcher cross-hits even with the regex patterns repaired"" — then computed that channel for exactly one hand-picked pair (its substr comprehension is hard-coded to the r19/r23 rows) and certified the resulting three-pair picture as the hazard set. A completeness certification false over the union of the channels the document itself declares hazardous, on a control-class artifact whose entire purpose is to enumerate REFUTED-propagation exposure","(extracted, best-effort, from provenance prose: REJECTED)","REJECTED (CRITICAL) — ADJ-U RU-C2; CRIT-U2-F's grade sustained and CRIT-U2-T's identical finding RAISED from major to CRITICAL, because the omitted pairs land on fenced OPEN rows including this run's own target. Exact narrowing that survives: ""complete over the alias_patterns regex channel against claim_key, statement and aliases at the 80-claim pin."" Definitive census: R23B-C3-U2-01. Registered l","unclassified (disclosed: heuristic tier mapping, structural/proved_informal claim)",,,,
C3,R23B-C3-U4-R1,"C3-U4's ""the order-26 family structure is RECONSTRUCTED and CONFIRMED"", ""a first structural hypothesis was refuted … nothing was fitted post hoc"", alongside the envelope sentence ""both fixture files hash-verified …, then opened and read (never transcribed from memory)""",rejection/narrowing (see provenance),"A provenance mislabel inside hashed evidence. control/fixtures/check_kl_witness.py:31-46 defines build_spider(ks) — ""Center 0; child u_i per entry of ks; u_i carries ks[i] pendant 2-paths"" — and the module docstring names Kadrawi–Levit (arXiv:2305.01784) and the order-26 member (3,4,4). That is, character for character, U4's ""reconstructed"" structure, in a sealed file U4's own seal paragraph says it opened and read. The two sentences cannot both stand at full strength, and honest provenance labelling is the literal subject of this route's charge","(extracted, best-effort, from provenance prose: REJECTED)","REJECTED as stated (MAJOR, not CRITICAL — no integer is wrong and the structure is exactly right) — ADJ-U §3/U4-2, both critics reaching it independently. What survives: structural identity with build_spider on all eight fixture cases (AHU canonical forms compared by CRIT-U4-T), all eight exact on route and two critic instruments, ""11 favourable = 3+4+4 at p=10"" correct. [A1.1] Ordered (D-U4-1): r","unclassified (disclosed: heuristic tier mapping, structural/proved_informal claim)",,,,
C3,R23B-C3-U5-01,"The R23-C2-37 atlas defect is repaired: 492 rows, both values and Hall data on every row; 460/460 cross-instrument agreement with the sealed U3 evaluator on F-count, S, x(T), P, N, Delete and Retag edge counts; 56/20/384 split, all 56 deficiency 0; 32 frontier rows under a mechanically enforced pre-declared budget",computation,"U3's evaluator.py is independently authored and structurally different (imports trees, not row_engine) — a genuine two-instrument result, re-derived at third-instrument level by both critics with 0 disagreements. Every zero here is a bounded zero and is evidence of nothing. [A1.1]","(extracted, best-effort, from provenance prose: retained)","retained — ADJ-U §3/U5-1, U5-2, U5-3",exact computation,,,,
C3,R23B-C3-U5-02,The König data on the atlas,computation,"Narrowed: every relation-bearing row has deficiency 0, so Z_P = ∅ and tight_set_size = tight_set_nbhd_size = 0 on all 88. Sound as a maximality certificate (cover size = matching size ⟺ no augmenting path); it is NOT deficient-cut data and must not be read downstream as such","(extracted, best-effort, from provenance prose: retained_narrowed)",retained_narrowed — ADJ-U §3/U5-12,exact computation,,,,
C3,R23B-C3-U5-03,"retag_W_exclusions nonzero where U3's sealed retag_domain_exclusions reads 0 — ""a difference in what the two instruments COUNT, not a relation discrepancy""",proved_informal,"Upgraded from inferred to PROVED (CRIT-U5-T decomposed both causes on six rows): U3's counter increments only when s_w ∈ A, a Lemma-L1-specific counter that by A1.3 Lemma L1 is necessarily zero; U5's counts the disjoint activity condition A∖{w} ∩ W_w = ∅. Measured L1 exclusions 0 throughout. No conflict with the sealed R23-C2-36 zero, which is an L1 confirmation","(extracted, best-effort, from provenance prose: retained)","retained, UPGRADED — ADJ-U §3/U5-9. Ordered: record the decomposition so the two counters are never equated","unclassified (disclosed: heuristic tier mapping, structural/proved_informal claim)",,,,
C3,R23B-C3-U6-01,"The first strict descent separates from the first global mode at order 6, on the star K_{1,5}",computation,"i(K_{1,5}) = (1, 6, 10, 10, 5, 1); Δ = (5, 4, 0, −5, −4); x(T) = 3 (first strict descent) · first global mode = 2 · last global mode = 3. Smallest witness over orders 3–9; 7 separating trees in 93 (corrected from 8 — ADJ-U F-ADJ-2). Over orders 3–9, x never separated from the last global mode: 0 of 93 — a bounded zero, evidence of nothing beyond order 9. Complemented, not duplicated, by SEMANTIC-CONTRACT §6's abstract control i = (1,4,3,5,1) where x = 1 and the last global mode is 3","(extracted, best-effort, from provenance prose: retained)","retained, proposed as a MANDATORY CONTROL — ADJ-U §6. Two independent instruments (CRIT-U6-F's and ADJ-U's own Prüfer/AHU/DP enumeration) agree on all 93 trees. Not a target counterexample: it says nothing about O14, any mechanism, or weak unimodality — it is a convention control",exact computation,,,,
C4,R23B-C4-F1-01,The universal tag-closed-cut Hall theorem (W4) is REFUTED at governed scope,computation,"Witness T\ = CB(8,92), uniform choked-broom spider, n=1567 (hub h; 92 chokes each with 8 supports each with 1 leaf; arm h–s–v); x(T\)=490, p=492=x+2, governed. Tag-closed singleton cut G={v}: def(G) ≥ C(736,491)·2^491 − C(736,490)·2^490 > 0 (347 digits). S(T\,492) = −748810430710227858618987…557120 (351 digits) < 0, SAME ROW. ""S<0 same row; O14 untouched; mechanism kill never target counterexample.""","(extracted, best-effort, from provenance prose: SUSTAINED)","SUSTAINED IN FULL — ADJ-F §3.1, ""the highest-scrutiny replication chain of any single claim in Cycle 4."" A2.2-class fence extended verbatim to W4: no C5+ seat may re-open the universal tag-closed-cut Hall theorem, cite it as OPEN, or use F3's superseded ""remains OPEN"" language. Registered under a NEW row id, pointed to from R23B-C3-F4-01 as ""object subsequently refuted at C4"" — R23B-C3-F4-01 (the ",exact computation,,,"W4 / tag-closed-cut Hall (the TRS2 alias-lesson precedent) [members: R23B-C3-F4-01, R23B-C3-F4-01a, R23B-C4-F1-01, R23B-C4-T5-02, R23B-C5-U1-04] || CB(8,92) witness evidence (C4-F1-01) -> C5 registrar g_u resolution [members: R23B-C4-F1-01, R23B-C5-F3-04, R23B-C5-U1-06, R23B-C5-U2-01]",
C4,R23B-C4-F2-01,"F2 F-4 boundary pin: at p∈{0,1}, Favorable=∅ and \P\=\N\=0",computation,"p=0 half: general, provable (a_v = Δ_0(T−v) = n−2 ≥ 0 always). p=1 half: FALSE as general — 7/200 census trees (orders 2–10) have Favorable≠∅ at p=1; smallest witnesses K_2, P_3","(extracted, best-effort, from provenance prose: SUSTAINED)",p=0: SUSTAINED. p=1: REJECTED as general — ADJ-F §3.3. Must not be installed as a p-generic fact in any merged Lean lattice file; binding on C4-T6/T1,exact computation,,,,
C4,R23B-C4-F2-02,"F2 F-5: the instrument computes S two ways, agreement exact including the forest",certification-label finding,"support(v) is by construction the unique element of nbrs(v) — support-routed and de-routed forms build identical carriers on every input; 0/36 carrier-set mismatches (8 graphs incl. 2 forests, 1 non-tree)","(extracted, best-effort, from provenance prose: SUSTAINED)","SUSTAINED as a NULL CONTROL — ADJ-F §3.3 (CRIT-F2-U MAJOR). The check cannot fail; F2's underlying specification content (hypothesis-free statement, no actual-tree advance claimed) is unaffected. Any downstream face citing F-5's computational half as independent validation escalates to CRITICAL on the citing face","unclassified (disclosed: heuristic tier mapping, structural/proved_informal claim)",,,,
C4,R23B-C4-F3-01,LEMMA F3-1 (F3 Finding 2): hot ⟹ E_v ≥ p,proved_informal,"SHARP on the witness: E_arm = 2·(736−(p−2)) = 492 = p exactly, margin 0","(extracted, best-effort, from provenance prose: SUSTAINED)",SUSTAINED and SHARP — ADJ-F §3.2. Strongest surviving necessary (never sufficient) condition for tag hotness; corroborated by CRIT-F3-U Finding 4 and CRIT-T5-F/U; never a proof of LEMMA-W4-HOT,"unclassified (disclosed: heuristic tier mapping, structural/proved_informal claim)",,,,
C4,R23B-C4-F3-02,"F3 Finding 3 (""zero-export rigidity""): the declared class {v: W_v={hub}, other favorable leaves hub-leaf or depth-3 degree-2 chain} is ""never hot, never deficient""",proved_informal,"Declared class as written places no bound on j (disjoint-edge count in H_v−N[hub]); exact failure = the jk+1 size-formula error (j=1 specialization of the general choked-broom formula mistaken for the general case; F3's own designed instances are all CB(1,k) where j=1 and the hypothesis happens to hold); CB(8,92) has j=8, transversal rank 737 ≫ p=492","(extracted, best-effort, from provenance prose: REJECTED)","REJECTED — false certification at its own declared scope, CRITICAL — ADJ-F §3.2. Four independent critics (CRIT-F3-T, CRIT-F3-U, CRIT-T5-F, CRIT-T5-U) isolate the identical algebraic gap (missing hypothesis p > jk+1) on four independently-written instruments","unclassified (disclosed: heuristic tier mapping, structural/proved_informal claim)",,,,
C4,R23B-C4-F4-01,"F4's three run-wide negative existentials: F4-1(ii) (""W4 survives is governed-scope only""), F4-4 (""no witness separates W4 from the per-row demand; converse OPEN, no strictness""), F4-5 (""the only Hall-verdict separation is the order-91 row"")",proved_informal,"As stated, run-wide","(extracted, best-effort, from provenance prose: REFUTED)","FALSE against the sealed C4-F1 witness — ADJ-F §3.4. F4 itself blameless (blind first-wave, dispatched before F1 existed). Must not reach T6's lattice or any downstream spine/synthesis text, and must not be read as regressing REFUTED W4 back to OPEN. Replacement wording (adopted verbatim, CRIT-F4-T/U): ""W4 ⟹ per-row demand is an implication; its converse is REFUTED by the C4-F1 witness CB(8,92), p","unclassified (disclosed: heuristic tier mapping, structural/proved_informal claim)",,,,
C4,R23B-C4-T1-01,"THE GRAND MERGE: one Lean project, zero sorryAx over the union (13-conjunct THM_R23_A + actual-tree identification/bridges + THM_R23_C both forms + xOf existence lemma + canonical lc4/5/6/7)",Lean,"181 non-internal constants, sorryAx=0; CRIT-T1-U additionally swept all 225 (incl. internal), clean; build 8667 jobs reproduced byte-identically by both critics on genuinely different instruments","(extracted, best-effort, from provenance prose: RETAINED)","RETAINED — ADJ-T §1. Statement-delta table sound (only declared deltas k13_isTree/k16_isTree cited as non-byte-identical); HallCondition occurs only as hypothesis, never asserted (A2.2 fence swept clean by both critics)",stated-not-proved,,,,
C4,R23B-C4-T2-01,"De-routed aggregate definienda: S and per-leaf quantities defined directly against actual adjacency (not the support stand-in), with equivalence lemmas to the C3 forms",Lean,"Folded byte-verbatim into T1's union; independently reproduced 7,603 rows (orders 1–5, all labelled graphs) + 89,426 governed tree rows (orders 2–7), zero mismatches","(extracted, best-effort, from provenance prose: RETAINED)","RETAINED, with a required ledger correction — ADJ-T §2. R23B-C3-T1-03's ""NOT lifted"" clause lists G.Favorable p in error (already support-free before T2); the ROW is wrong, not the return. Mandatory R23-C1-ELIGIBILITY-HAZARD cross-ref must be added at promotion. BRIDGE-2 half is transported, not newly proved — only bridge1Act_proof (BRIDGE-1) is new content; a promoted row must say so",sorry-free lemma,,,,
C4,R23B-C4-T3-01,The two adequacy lemmas: carrier-restriction deletion adequacy (H_v by carrier restriction = actual vertex deletion) and Graph-n realization adequacy (every finite tree arises as a C1-T6-encoding graph),Lean,"Discharges [A1.1]'s encoding-adequacy half for the aggregate-quantity family only (i_k, Δ, x(T), leaf/degree, Favorable, S(T,p))","(extracted, best-effort, from provenance prose: RETAINED_NARROWED)","RETAINED_NARROWED — ADJ-T §3, central ruling of this lane. CRIT-T3-U's MAJOR (F-1) sustained: the relation family (C, P, N, Graph.induce) has no transport lemma (20 _ofSimpleGraph lemmas grepped, none cover these); every _actual theorem mentioning one is FALSE as an abstract-finite-tree statement until repaired. T1's grand merge checked clean of over-citation. No downstream face may cite the abstr",sorry-free lemma,,,"R23B-C4-T3-01 residual -> R23B-C5-T2-02 state of record [members: R23B-C4-T3-01, R23B-C5-T2-02, R23B-C5-T2-03]",
C4,R23B-C4-T4-01,Retag exact-domain biconditional: clause (3) of THM_R23_A upgraded from well-typedness to the exact domain iff (activity condition),Lean,"Folded byte-verbatim into T1's union; 20/18/2 row controls + named witnesses reproduced on a third instrument each (bitmask DP; from-contract-text enumerator); 516,186-instance hostile sweep (graphs n≤5, trees n≤7), zero counterexamples; 4/4 planted mutants rejected","(extracted, best-effort, from provenance prose: RETAINED)","RETAINED — ADJ-T §4. New clause (3) is not monotone with the old well-typedness clause — R23B-C3-T3-01 may not be cited for unconditional well-typedness; cite retag_erase_mem_IndOn_pred directly. Proof still routes through local_L1, pending lc4 substitution (flagged, not silently dropped). DB32 fixture: Delete-/Retag-target families coincide (18/18) — must not be read as cross-family disjointness",sorry-free lemma,,,,
C4,R23B-C4-T5-01,"W4 structural route, Findings 1–7, incl. THEOREM W4-EXACT (def(G) = Σheat − Σexport), W4-COLD, HOT-SET/ONE-HOT",proved_informal,"Sustained including on the hot side, tested via both critics' own from-scratch hot-tag instruments (188 + 4,123 forced-hot cuts) reaching a regime T5's own 9 fixtures (all Hot=∅) never touched","(extracted, best-effort, from provenance prose: RETAINED_NARROWED)","RETAINED_NARROWED — ADJ-T §5. W4-EXACT predicts F1's exact deficit (strongest surviving product). Real non-degenerate fixture base is 7 rows, not 9 (P8@p=4, P10@p=5 are degenerate, P=0). T16 argmin-cut is an unstated 3-way symmetry tie, unrepresentable by the instrument's scalar field. 2 of 9 control checks are null on the all-cold fixture set — honestly disclosed in-text by T5 itself","unclassified (disclosed: heuristic tier mapping, structural/proved_informal claim)",,,,
C4,R23B-C4-T5-02,"Finding 8, LEMMA-W4-HOT (the G={v} instance of W4)",computation,"Exact scope as stated: ""every governed row, n≥3, every hot tag v"" — CB(8,92)/p=492 is inside this scope","(extracted, best-effort, from provenance prose: REFUTED)","REFUTED (OPEN → REFUTED) — ADJ-T §5. Sealed C4-F1's witness is the G={v} instance of T5's own Finding-4 identity; T5's OPEN label was correct at its own seal time (banked before F1 was dispatched), no fault to T5. Same witness as R23B-C4-F1-01. Per the run's monotone-refutation convention: REFUTED never regresses to OPEN",exact computation,,,"W4 / tag-closed-cut Hall (the TRS2 alias-lesson precedent) [members: R23B-C3-F4-01, R23B-C3-F4-01a, R23B-C4-F1-01, R23B-C4-T5-02, R23B-C5-U1-04]",
C4,R23B-C4-T6-01,"Per-row demand consolidation / mechanism lattice of record (LAT-1..4, cut-class exactness, TFAE, rfl identity to THM_R23_C_hall_discharged)",Lean,"crit_singleton_tag_deficient_refutes_W4 formally proves F1's witness cut is the same object, not a lookalike, as T6's TagClosedHallCondition — no alias gap","(extracted, best-effort, from provenance prose: RETAINED_NARROWED)","RETAINED_NARROWED — ADJ-T §6. Lean content sustained (no theorem in T6 is false — all are implications, none asserts W4). Forward-looking prose is STALE: ≥5 places state ""W4's general theorem remains OPEN,"" superseded by R23B-C4-F1-01. LAT-3 (tagClosedHall_implies_perRow_demand) and tagClosedHall_implies_S_nonpos now join the all-cut node in HYPOTHESIS-ONLY status. Mandatory R23-C1-ELIGIBILITY-HAZ",sorry-free lemma,,,,
C4,R23B-C4-U1-01,"Finalization of proposed/CLAIM-UPDATE-PROPOSALS.md: RC-04b comprehensive, 13-pair definitive census, R23B mapping, all quotations byte-verified at pin b57e7990",computation,"13 pairs, 5 scope triples, all registry quotations reproduced by both critics","(extracted, best-effort, from provenance prose: SUSTAINED)","SUSTAINED, certification-language corrections required — ADJ-U (U1). ""Every quotation … verified at the pin"" is true but unestablished by the cited instrument (verify_and_census.py lines 331–332 loop with a bare pass); honest count 49 of 52 falsifiable checks (3 hard-coded ""pass"": true null controls: repair_candidate_matrix, rc08_block_sha256, doc_no_wall_clock_iso_dates_outside_ids). D-U2-4 findi",exact computation,,,,
C4,R23B-C4-U2-01,"Agreement matrix C4: pinned expected values incl. order-16 witness integers, j=65/j=66 tag-closed margins",computation,"68/68 rows, 4/4 planted controls, 60/60 pin quotations reproduced by fresh independent instruments (6/8 closed-forms re-derived from scratch; 45/68 rows via a three-method hostile instrument)","(extracted, best-effort, from provenance prose: SUSTAINED)","SUSTAINED, zero CRITICAL/MAJOR against content — ADJ-U (U2). U2-T's self-caught seal-overwrite-and-restore transient on STAGE4-BRIEF-SEAL-C4.json (~4 min, restored byte-exact) ruled PROCESS-TIER, controller/gate-owned, not a route charge",exact computation,,,,
C4,R23B-C4-U3-01,Close-phase hygiene audit of C4 evidence trees,audit,Sole C4 route directory (of 21) with no evidence/ subtree; replay recipe has an unbound <files> placeholder and cannot execute as written; publishes zero SHA-256 digests,"(extracted, best-effort, from provenance prose: DOWNGRADED TO PARTIAL)","DOWNGRADED TO PARTIAL — ADJ-U (U3), adopting CRIT-U3-F over CRIT-U3-T. Independently corroborated by U6's own sealed lint (six duty failures, silently excluded by an IN_FLIGHT misclassification). Content not found substantively wrong; the COMPLETE verdict label was unwarranted — a replay that cannot run is a stricter failure than a null control (CR-T4-U)",receipt,,,,
C4,R23B-C4-U4-01,"Tag-closed cut data support: exact per-tag margin tables, König witnesses, both values every row",computation,"501 governed rows, μ_v/export triples (0 disagreements across up to 3 independent code paths); independently re-confirms F1's CB(8,92) witness fresh via c4-registrar-w4-witness.py","(extracted, best-effort, from provenance prose: SUSTAINED)","SUSTAINED, zero CRITICAL/MAJOR — ADJ-U (U4). Only minor replay-documentation gaps (a stale scratch log misread as zero control firings, corrected against out-planted/summary.json)",exact computation,,,,
C4,R23B-C4-U5-01,Spine maintenance: staged spine folding C4's adjudicated outcomes,computation,"Fold-point marker census: 6 substantive, independently resolvable markers, not 7 (U5's own headline miscounts its own 6-item enumerated list)","(extracted, best-effort, from provenance prose: SUSTAINED)","SUSTAINED, with corrections — ADJ-U (U5), directly re-verified by this adjudicator against the staged spine's own bytes. Gate directive: the W4 fold-marker's (line 537) ""OPEN status line stands"" default is unsafe post-adjudication (W4 is REFUTED); PLACEMENT checklist must name F1's verdict explicitly and carry ""REFUTED never regresses to OPEN"" as an enumerated checklist item",exact computation,,,,
C4,R23B-C4-U6-01,"Lint seat at stage-3 close: return-duty compliance (duties 1–8), slate-vs-ledger diff, stance-lint re-verification",audit,Return-level compliance across all C4 returns,"(extracted, best-effort, from provenance prose: SUSTAINED)","SUSTAINED — ADJ-U (U6). U6's own two disclosed CRITICALs (missing --predecessor flag; AMD-9 model-string discrepancy = CONTROLLER-INCIDENT-C4-2) ruled controller/process-owned, not route charges, both self-remedied. New MAJOR sustained: finding 3's ""no /tmp destination in any C4 return"" is a false universal (U3/RETURN.md:35 has one; U6's own instrument detects it internally but the prose inherits ",receipt,,,,
C5,R23B-C5-T1-01,"THEOREM TYPE-2-DIRECT: g_v = Δ_{p−2}(K_v) at deg(s_v) = 2, cut-free and unconditional",structural,,RETAINED,ADJ-T slate; synthesis SYNTHESIS.md §2.2,"unclassified (disclosed: heuristic tier mapping, structural/proved_informal claim)",,,,
C5,R23B-C5-T1-02,"S(P_n,p) ≤ 0 on the path family, every n ≥ 4, every governed p, by peeling alone",structural,,RETAINED (prose correction Δ_k ≤ 0),ADJ-T slate; synthesis SYNTHESIS.md §2.2,"unclassified (disclosed: heuristic tier mapping, structural/proved_informal claim)",,,,
C5,R23B-C5-T1-03,"Star family: \|C_r(v)\| = C(m−1,r) (r ≥ 1); the g_v ≤ 0 ⟺ p ≥ ⌈m/2⌉ arithmetic; S(K_{1,m},p) ≤ 0 governed",structural,,RETAINED_NARROWED (corroboration sentence STRUCK — null control),ADJ-T slate; synthesis SYNTHESIS.md §2.2,"unclassified (disclosed: heuristic tier mapping, structural/proved_informal claim)",,,,
C5,R23B-C5-T1-04,"Branch-leaf closed form, under the mandatory convention Δ_{−1} = 1",structural,,"RETAINED, upgraded from coverage-untested",ADJ-T slate; synthesis SYNTHESIS.md §2.2,"unclassified (disclosed: heuristic tier mapping, structural/proved_informal claim)",,,,
C5,R23B-C5-T1-05,"Sharpness relation, forward direction only: hot ⟹ p−2 < x(K_v)",structural,,"RETAINED_NARROWED; reverse REJECTED, OPEN at governed scope",ADJ-T slate; synthesis SYNTHESIS.md §2.2,"unclassified (disclosed: heuristic tier mapping, structural/proved_informal claim)",,,,
C5,R23B-C5-T1-06,"CB(8,92) arm hotness structurally explained: K_arm = 736 disjoint edges, x(K_arm) = 491, p−2 = 490 exactly one rank below the peel's first strict descent",structural,,RETAINED,ADJ-T slate; synthesis SYNTHESIS.md §2.2; overlap/flags: [CB],"unclassified (disclosed: heuristic tier mapping, structural/proved_informal claim)",,"cites R23B-C5-F3-04 for CB(8,92) whole-row digits; Whole-row aggregate digit figures (n=1567,x=490,p=492,737 favourable,S 351 digits) registered once at R23B-C5-F3-04 per SYNTHESIS.md Sec.2.3(a); citing rows restate, they do not re-register.",,
C5,R23B-C5-T1-07,"The conversion's exact reach; peels with a branch point reduce to the open weak-unimodality question — a reduction, not a resolution",structural,,"RETAINED (clause-2 reduction, adjudicated sound)",ADJ-T slate; synthesis SYNTHESIS.md §2.2,"unclassified (disclosed: heuristic tier mapping, structural/proved_informal claim)",,,,
C5,R23B-C5-T2-01,"The six relation-family transport lemmas, sorry-free at the pin; 297 constants, sorryAx = 0, extra axioms 0; all graph-general",lean,,RETAINED,ADJ-T slate; synthesis SYNTHESIS.md §2.2,sorry-free lemma,,,,
C5,R23B-C5-T2-02,"State of record of R23B-C4-T3-01's residual: CLOSED for C both modes and C,P,N realization-side; OPEN for P,N via induce and for induce itself; second clause UNTOUCHED",lean,,"RETAINED_NARROWED — ""residual closed"" NOT registrable",ADJ-T slate; synthesis SYNTHESIS.md §2.2; overlap/flags: R-1…R-3,sorry-free lemma,,,"R23B-C4-T3-01 residual -> R23B-C5-T2-02 state of record [members: R23B-C4-T3-01, R23B-C5-T2-02, R23B-C5-T2-03]",
C5,R23B-C5-T2-03,"Integration deltas of record: the folded Adequacy.lean is 2eda1bb4…, not a byte-identical carry of dbe4b15b…; three hunks; cross-cycle citation hazard on deletion_adequacy_actual",lean,,RETAINED as the corrected record,ADJ-T slate; synthesis SYNTHESIS.md §2.2,sorry-free lemma,,,"R23B-C4-T3-01 residual -> R23B-C5-T2-02 state of record [members: R23B-C4-T3-01, R23B-C5-T2-02, R23B-C5-T2-03]",
C5,R23B-C5-T3-01,"witness_g_arm_pos: C(736,490)·2^490 < C(736,491)·2^491, kernel-checked, sorryAx-free, native_decide-free — with a binding fence against citing it as a kernel-checked g_arm > 0 for CB(8,92)",lean,,RETAINED,ADJ-T slate; synthesis SYNTHESIS.md §2.2; overlap/flags: [CB],kernel,,,,
C5,R23B-C5-T3-02,"The corrected ratio inequality in Lean, from Pascal; side conditions 2 ≤ r, r ≤ m necessary and disclosed",lean,,RETAINED,ADJ-T slate; synthesis SYNTHESIS.md §2.2; overlap/flags: [RI] Ratio-inequality trio cross-referenced per synthesis §2.3(e); criterion registered once at route-distinctness tier.,sorry-free lemma,,"ratio-inequality trio with R23B-C5-F2-01, R23B-C5-F2-02: Corrected ratio inequality: F2-01 is the arithmetic criterion, T3-02 its Lean derivation, F2-02 the controller-owned charter-defect finding. Cross-referenced per SYNTHESIS.md Sec.2.3(e); the criterion is registered once, at route-distinctness tier.",,
C5,R23B-C5-T3-03,"retag_empty_of_singleton_hub_choke (+ RetagEdge restatement), sorry-free on the project's own API",lean,,"RETAINED, receipt scope corrected (no fixture instantiation as shipped; vacuous at the decide rank p = 2)",ADJ-T slate; synthesis SYNTHESIS.md §2.2,sorry-free lemma,,,,
C5,R23B-C5-T3-04,"The CB(1,2) fixture identities; CB(1,2) and CB(2,3) are GOVERNED-COLD",lean,,"RETAINED — bounded zero used to WITHHOLD a claim, never to support one","ADJ-T slate; synthesis SYNTHESIS.md §2.2; overlap/flags: overlaps F2-04 Governed-coldness merged scope per synthesis §2.3(d): one fact, cross-referenced.",sorry-free lemma,,"merge-scope with R23B-C5-F2-04: Governed-coldness of CB(1,2)/CB(2,3) merged scope per SYNTHESIS.md Sec.2.3(d): one fact, cross-referenced, not duplicated.",,
C5,R23B-C5-T3-05,"indepOn_card — STATED, NOT PROVED; carries sorryAx via the isolated open sub-lemma indepOn_insert_card",lean,,RETAINED as OPEN; the sealed sorry-free literal is FALSE and may not be carried forward,ADJ-T slate; synthesis SYNTHESIS.md §2.2; overlap/flags: clause-1 2nd disjunct,stated-not-proved,,,,
C5,R23B-C5-F1-01,"No counterexample to the five registered C4-T5 identities, at the honest base 21, all rows p − x ∈ {2,3}, 11,902 subset instances; extended by critics to the orders 4–11 census",computation,,"retained_narrowed — BOUNDED ZERO, proves no identity",ADJ-F slate; synthesis SYNTHESIS.md §2.2,exact computation,,,,
C5,R23B-C5-F1-02,"Lemma R's closed forms hold, 0 discrepancies over 1,050 + 14,474 ordered pairs",computation,,"Attributed to CRIT-F1-T, NOT to C5-F1; bounded zero",ADJ-F slate; synthesis SYNTHESIS.md §2.2; overlap/flags: [†],exact computation,,,,
C5,R23B-C5-F1-03,Zero hot tags on any free tree of order ≤ 13 at any governed rank,computation,,retained_narrowed — bounded zero; F1's run-scope claim STRUCK/NARROWED,ADJ-F slate; synthesis SYNTHESIS.md §2.2,exact computation,,,,
C5,R23B-C5-F1-04,The five identities hold unchanged on disjoint-union forests,computation,,"retained_narrowed — INFORMATIONAL ONLY, never a forest-scope theorem; inferential clause STRUCK",ADJ-F slate; synthesis SYNTHESIS.md §2.2,exact computation,,,,
C5,R23B-C5-F2-01,The corrected CB-arm hotness criterion g_arm > 0 ⟺ 2(jk−p+2) > p−1,computation,,"retained, at route-distinctness tier (not N causally independent discoveries)",ADJ-F slate; synthesis SYNTHESIS.md §2.2; overlap/flags: [RI] [CB] Ratio-inequality trio cross-referenced per synthesis §2.3(e); criterion registered once at route-distinctness tier.,exact computation,,"ratio-inequality trio with R23B-C5-F2-02, R23B-C5-T3-02: Corrected ratio inequality: F2-01 is the arithmetic criterion, T3-02 its Lean derivation, F2-02 the controller-owned charter-defect finding. Cross-referenced per SYNTHESIS.md Sec.2.3(e); the criterion is registered once, at route-distinctness tier.",,
C5,R23B-C5-F2-02,"Charter-text defect, CRITICAL at spec tier: the printed 2(jk−p+1) > p−1 is FALSE at the witness",computation,,CONTROLLER-OWNED; never a route fault. CREDIT to C5-F2,ADJ-F slate; synthesis SYNTHESIS.md §2.2; overlap/flags: [C] [RI] Ratio-inequality trio cross-referenced per synthesis §2.3(e); criterion registered once at route-distinctness tier.,exact computation,,"ratio-inequality trio with R23B-C5-F2-01, R23B-C5-T3-02: Corrected ratio inequality: F2-01 is the arithmetic criterion, T3-02 its Lean derivation, F2-02 the controller-owned charter-defect finding. Cross-referenced per SYNTHESIS.md Sec.2.3(e); the criterion is registered once, at route-distinctness tier.",,
C5,R23B-C5-F2-03,r ≥ 1 scope of the CB closed form; FALSE at r = 0 under ℕ-truncation,computation,,retained — binding on any Lean statement of the form,ADJ-F slate; synthesis SYNTHESIS.md §2.2,exact computation,,,,
C5,R23B-C5-F2-04,"CB(1,2) and CB(2,3) are GOVERNED-COLD, with the deficiency half unexercisable on either",computation,,retained,"ADJ-F slate; synthesis SYNTHESIS.md §2.2; overlap/flags: overlaps T3-04 Governed-coldness merged scope per synthesis §2.3(d): one fact, cross-referenced.",exact computation,,"merge-scope with R23B-C5-T3-04: Governed-coldness of CB(1,2)/CB(2,3) merged scope per SYNTHESIS.md Sec.2.3(d): one fact, cross-referenced, not duplicated.",,
C5,R23B-C5-F2-05,Transport scaffolding gap: no abstract-side relation-family object exists; the activity filter is new content,computation,,retained — binding on C5-T2 and the C6 correspondence lane,"ADJ-F slate; synthesis SYNTHESIS.md §2.2; overlap/flags: R-4, R-5",exact computation,,,,
C5,R23B-C5-F2-06,"The CB closed form does not survive disjoint union: 1, 19, 160, 785 vs the chartered 1, 12, 60, 160",computation,,retained; GRADE UPGRADED minor-moderate → MAJOR; computed by CRIT-F2-U,ADJ-F slate; synthesis SYNTHESIS.md §2.2; overlap/flags: [†],exact computation,,,,
C5,R23B-C5-F3-01,"No target-tier event: zero positive S on 54 designed + 14,569 swept governed rows",computation,,retained_narrowed — BOUNDED ZERO; not a step toward universal S ≤ 0,ADJ-F slate; synthesis SYNTHESIS.md §2.2,exact computation,,,,
C5,R23B-C5-F3-02,The control battery at its corrected base: 32/32 passed; 28 genuine + 2 shallow + 2 non-falsifiable,computation,,"retained_narrowed — ""32/32 genuine"" REJECTED; no circularity",ADJ-F slate; synthesis SYNTHESIS.md §2.2,exact computation,,,,
C5,R23B-C5-F3-03,"§6 battery coverage gap — OPEN OBLIGATION carried to C6: order-26 Kadrawi–Levit non-LC trees, the order-243 beta witness, coefficient tails not exercised",computation,,"Route fault, MAJOR; live obligation",ADJ-F slate; synthesis SYNTHESIS.md §2.2; overlap/flags: → C6,exact computation,,,,
C5,R23B-C5-F3-04,"CB(8,92) whole-row reproduction: n = 1567, x = 490, p = 492, 737 favourable, S negative at 351 digits, S = g_arm + 736·g_u exactly",computation,,retained_narrowed; the full comparison was the critics'; NO ORDINAL registered,"ADJ-F slate; synthesis SYNTHESIS.md §2.2; overlap/flags: [CB] REGISTRAR NOTE (control/c5-registrar-gu-receipt.json): digits(g_u)=349 negative, resolved from sealed S (351d) and closed-form g_arm (347d) via S=g_arm+736*g_u exact; U2-01's shipped '350' corrected of record. Canonical CB(8,92) whole-row registration per synthesis §2.3(a); T1-06/U1-06/U2-01 cite, never re-register. NO reproduction ordinal registered (synthesis §2.3(c)).",exact computation,"CB(8,92) whole-row aggregate (canonical registration)",,"CB(8,92) witness evidence (C4-F1-01) -> C5 registrar g_u resolution [members: R23B-C4-F1-01, R23B-C5-F3-04, R23B-C5-U1-06, R23B-C5-U2-01]","REGISTRAR CORRECTION OF RECORD (control/c5-registrar-gu-receipt.json): digits(g_u)=349, negative; the U2-01-shipped figure of 350 is superseded. Duty 18: this correction is carried wherever this consolidation touches the row."
C5,R23B-C5-F3-05,The 54 designed rows advance NO new structure beyond C4; margins −99 … −4 against the witness's +1,computation,,Route fault MAJOR ×2; does NOT carry the structure clause,ADJ-F slate; synthesis SYNTHESIS.md §2.2,exact computation,,,,
C5,R23B-C5-U1-01,"Registry pin re-verified: 80 claims, b57e7990…; no movement, no INTAKE",process,,retained,ADJ-U slate; synthesis SYNTHESIS.md §2.2; overlap/flags: §6,receipt,,,,
C5,R23B-C5-U1-02,"RC-18 draft registry row (E993-R23-TAG-CLOSED-CUT-HALL, REFUTED, order 1567), a fresh row, not a rename",process,,retained_narrowed — REGISTRATION BLOCKED,ADJ-U slate; synthesis SYNTHESIS.md §2.2; overlap/flags: Ashton gate,receipt,,,,
C5,R23B-C5-U1-03,"Reverse-ordering alias census: 3 hits, every owner OPEN; supersedes and REJECTS RC-18 §2",process,,retained,ADJ-U slate; synthesis SYNTHESIS.md §2.2; overlap/flags: [†] Ashton gate,receipt,,,,
C5,R23B-C5-U1-04,"\bW4\b collides with 9 run-internal ledger rows, incl. the C4-fenced R23B-C3-F4-01/-01a and R23B-C4-T5-02; named escalation trigger",process,,retained,ADJ-U slate; synthesis SYNTHESIS.md §2.2; overlap/flags: [†] Ashton gate,receipt,,,"W4 / tag-closed-cut Hall (the TRS2 alias-lesson precedent) [members: R23B-C3-F4-01, R23B-C3-F4-01a, R23B-C4-F1-01, R23B-C4-T5-02, R23B-C5-U1-04]",
C5,R23B-C5-U1-05,"C6 terminal-close input list, staging-only; authority discipline sustained",process,,retained_narrowed — six mandatory repairs before C6 opens,ADJ-U slate; synthesis SYNTHESIS.md §2.2; overlap/flags: → C6,receipt,,,,
C5,R23B-C5-U1-06,"CB(8,92) rebuilt from U1's prose gloss alone, every integer digit-exact",computation,,retained,"ADJ-U slate; synthesis SYNTHESIS.md §2.2; overlap/flags: [CB] REGISTRAR NOTE (control/c5-registrar-gu-receipt.json): digits(g_u)=349 negative, resolved from sealed S (351d) and closed-form g_arm (347d) via S=g_arm+736*g_u exact; U2-01's shipped '350' corrected of record. Substantive novelty registered as 'from the prose gloss alone' — no ordinal (synthesis §2.3(c)).",exact computation,,"cites R23B-C5-F3-04 for CB(8,92) whole-row digits; Whole-row aggregate digit figures (n=1567,x=490,p=492,737 favourable,S 351 digits) registered once at R23B-C5-F3-04 per SYNTHESIS.md Sec.2.3(a); citing rows restate, they do not re-register.","CB(8,92) witness evidence (C4-F1-01) -> C5 registrar g_u resolution [members: R23B-C4-F1-01, R23B-C5-F3-04, R23B-C5-U1-06, R23B-C5-U2-01]","REGISTRAR CORRECTION OF RECORD (control/c5-registrar-gu-receipt.json): digits(g_u)=349, negative; the U2-01-shipped figure of 350 is superseded. Duty 18: this correction is carried wherever this consolidation touches the row."
C5,R23B-C5-U2-01,"CB(8,92) integers re-derived and validated against the actual graph by an edge-list DP that never touches the closed form",computation,,"retained; ""a THIRD route"" label REJECTED","ADJ-U slate; synthesis SYNTHESIS.md §2.2; overlap/flags: [CB] REGISTRAR NOTE (control/c5-registrar-gu-receipt.json): digits(g_u)=349 negative, resolved from sealed S (351d) and closed-form g_arm (347d) via S=g_arm+736*g_u exact; U2-01's shipped '350' corrected of record.",exact computation,,"cites R23B-C5-F3-04 for CB(8,92) whole-row digits; Whole-row aggregate digit figures (n=1567,x=490,p=492,737 favourable,S 351 digits) registered once at R23B-C5-F3-04 per SYNTHESIS.md Sec.2.3(a); citing rows restate, they do not re-register.","CB(8,92) witness evidence (C4-F1-01) -> C5 registrar g_u resolution [members: R23B-C4-F1-01, R23B-C5-F3-04, R23B-C5-U1-06, R23B-C5-U2-01]","REGISTRAR CORRECTION OF RECORD (control/c5-registrar-gu-receipt.json): digits(g_u)=349, negative; the U2-01-shipped figure of 350 is superseded. Duty 18: this correction is carried wherever this consolidation touches the row."
C5,R23B-C5-U2-02,"Order-91 (T22) closed forms, Catalan(33), satellite triple, bridge P − N = S; the arm is the only positive-g tag in the 67-tag table",computation,,retained,ADJ-U slate; synthesis SYNTHESIS.md §2.2,exact computation,,,,
C5,R23B-C5-U2-03,"T16 bridge / full-cut integers (P = 2255, N = 3945, S = −1690, def(F) = −1666)",computation,,values retained; independence certification REJECTED (the CRITICAL),ADJ-U slate; synthesis SYNTHESIS.md §2.2,exact computation,,,,
C5,R23B-C5-U2-04,"Per-family (g, μ, export) tag census over 684 sealed pertag lines, 9 families, 0 identity violations",computation,,"tag columns retained; S-range column retained_narrowed (Broom [−57057, 0]; Path [−16874, −12])",ADJ-U slate; synthesis SYNTHESIS.md §2.2,exact computation,,,,
C5,R23B-C5-U2-05,Hot-tag census: 1 at the 684+order-91 scope; 2 at the scope U2 tabulates,computation,,retained_narrowed — dataset_wide_hot_tag_count = 1 REJECTED at U2's own scope,ADJ-U slate; synthesis SYNTHESIS.md §2.2; overlap/flags: [CB],exact computation,,,,
C5,R23B-C5-U2-06,"König feasibility ledger on the 95 materialized rows / 670 tags, maximality certificates ONLY",computation,,"retained_narrowed (96 → 95; CB(8,92) added to the not-materializable set)",ADJ-U slate; synthesis SYNTHESIS.md §2.2; overlap/flags: [CB],exact computation,,,,
C5,R23B-C5-U2-07,Exclusion discipline: no per-instance u-leaf values invented for the 736 tags,process,,"retained, credited",ADJ-U slate; synthesis SYNTHESIS.md §2.2,receipt,,,,
C5,R23B-C5-U3-01,"Return-level duties 1–13 hygiene audit: D-1…D-6, every one TRUE at the cited lines; 0 SHA mismatches across all eight returns",process,,retained — hygiene tier only,ADJ-U slate; synthesis SYNTHESIS.md §2.2,receipt,,,,
C5,R23B-C5-U3-02,"Claim-status lint at the pin: exit 0, 80 claims, 10 UNREGISTERED_REFUTATION, zero REFUTED_REGRESSED_TO_OPEN; byte-identical to the sealed C4-close receipt",process,,retained — genuinely re-run by both critics,ADJ-U slate; synthesis SYNTHESIS.md §2.2,receipt,,,,
C5,R23B-C5-U3-03,Envelope audit of the C5 stage-3 wave; figure of record 6197 with a mandatory pruned-scope qualifier; no whole-run-root count registered,process,,"retained_narrowed, with three instrument defects disclosed on its face",ADJ-U slate; synthesis SYNTHESIS.md §2.2,receipt,,,,
C5,R23B-C5-U3-04,"Critic stance-lint receipt CONSISTENT (18 ids, both-stances-foreign, 6/6/6)",process,,verdict retained; method claim REJECTED,ADJ-U slate; synthesis SYNTHESIS.md §2.2,receipt,,,,
C5,R23B-C5-U3-05,"Slate-vs-ledger dry-run: 119 existing ids, 0 self-assigned, 0 collisions, 48 projected candidates",process,,"retained, ADVISORY ONLY (class-aware variant yields 54)",ADJ-U slate; synthesis SYNTHESIS.md §2.2; overlap/flags: §2.1,receipt,,,,
C5,R23B-C5-U3-06,Stage-6 instrument advisories (i) do not re-run u3_hygiene_audit.py as-is; (ii) instruments indexing a mutable tree need a stage/scope class,process,,retained — both adopted (§5.6),ADJ-U slate; synthesis SYNTHESIS.md §2.2; overlap/flags: → C6,receipt,,,,
,,,,,,,,,,,
APPENDIX,SUPERSESSION-LINKS,see scratchpad/c6-u2/consolidation-receipt.json for the structured form,,,,,,,,,
APPENDIX,LINK:W4 / tag-closed-cut Hall (the TRS2 alias-lesson precedent),members=R23B-C3-F4-01|R23B-C3-F4-01a|R23B-C4-F1-01|R23B-C4-T5-02|R23B-C5-U1-04,,,,cycles/cycle-4/C4-GATE-RECORD.md Sec.0; cycles/cycle-5/C5-LEDGER.csv row R23B-C5-U1-04; SEMANTIC-CONTRACT.md A2.2,,,,,"C3-F4-01/01a registered W4 SURVIVES at narrow scope (cycle 3). C4-F1-01 REFUTES the universal form at governed scope and is registered under a NEW row id -- C3-F4-01/01a are left UNTOUCHED at their narrower true scope, never renamed or aliased onto the new refutation (C4-GATE-RECORD.md Sec.0, 'the TRS2 alias-lesson precedent'). C4-T5-02 (LEMMA-W4-HOT) moves OPEN->REFUTED off the same witness in the same cycle (REFUTED never regresses). C5-U1-04 later finds all of C3-F4-01/01a and C4-T5-02 sit inside a 9-row \bW4\b alias collision and names it an escalation trigger. Duty 23 / A2.2: this whole chain is the dead branch, refuted-and-closed, never reopened."
APPENDIX,LINK:R23B-C4-T3-01 residual -> R23B-C5-T2-02 state of record,members=R23B-C4-T3-01|R23B-C5-T2-02|R23B-C5-T2-03,,,,"cycles/cycle-5/C5-LEDGER.csv rows R23B-C5-T2-02, R23B-C5-T2-03",,,,,"C4-T3-01 registers the two adequacy lemmas and narrows what [A1.1] discharges. C5-T2-02 is the cycle-5 state-of-record of THAT SAME residual (CLOSED for C both modes and C,P,N realization-side; OPEN for P,N via induce and induce itself); 'residual closed' is explicitly NOT registrable. C5-T2-03 records that the C5-folded Adequacy.lean is NOT a byte-identical carry of the sealed C4-T3 original -- a provenance correction carried across the cycle boundary."
APPENDIX,LINK:R23-C1-RANK2-IDENTITY -> R23-C2-31 (RC-04),members=R23-C1-RANK2-IDENTITY|R23-C2-31,,,,cycles/cycle-1/C1-LEDGER.csv row R23-C1-RANK2-IDENTITY; cycles/cycle-2/C2-LEDGER.csv row R23-C2-31,,,,,"C1's rank-two identity (registered as a sweep-upgraded identity, master-registry proposal only) is carried into C2 as RC-04, proved (not merely swept) with a forest law added, 999,736 labeled-tree-leaf instances, three independent code paths."
APPENDIX,LINK:R23-C1-NUMERIC-CORRECTIONS n=252 figure -> R23-C2-35 (provenance-unresolved),members=R23-C1-NUMERIC-CORRECTIONS|R23-C2-35,,,,cycles/cycle-1/C1-LEDGER.csv row R23-C1-NUMERIC-CORRECTIONS; cycles/cycle-2/C2-LEDGER.csv row R23-C2-35,,,,,"C1's n=252 |P| correction is revisited at C2: the Cayley-sum leg (280,393 not 280,392) is CONFIRMED, but the separate n=252 figure itself is ruled PROVENANCE-UNRESOLVED by exact-arithmetic exclusion (no plain-star or m=252 reading can produce the value)."
APPENDIX,"LINK:CB(8,92) witness evidence (C4-F1-01) -> C5 registrar g_u resolution",members=R23B-C4-F1-01|R23B-C5-F3-04|R23B-C5-U1-06|R23B-C5-U2-01,,,,control/c5-registrar-gu-receipt.json; cycles/cycle-4/C4-LEDGER.csv row R23B-C4-F1-01; cycles/cycle-5/C5-LEDGER.csv rows R23B-C5-F3-04/-U1-06/-U2-01,,,,,"The S=351-digit and g_arm=347-digit figures used by the C5 registrar to resolve the g_u digit-count contradiction (control/c5-registrar-gu-receipt.json) are read from the sealed C4-F1 evidence files (s_row_indep.json, witness-cb-8-92.json). The corrected figure (349, negative) is what F3-04/U1-06/U2-01 carry in C5; U2-01's shipped 350 is corrected of record. This is a cross-cycle evidentiary dependency, not merely an intra-C5 fix."
,,,,,,,,,,,
C6,=== C6 SLATE: TO-APPEND BLOCK ===,RESERVED for the stage-6 registrar. This route seat (C6-U2) mints no C6 row and drops none; the C6 slate is minted by the adjudicated C6 route/critic/adjudicator wave and installed here ONLY by the stage-6 registrar at the terminal gate. Do not populate above this line from any route seat's own authority.,,,,,,,,,
C6,R23B-C6-F1-01,"§6 battery obligation **R23B-C5-F3-03 DISCHARGED/CLOSED**: order-26 KL non-LC witness (TRS2 REFUTED at order 26, sole failing rank 13, deficit 378, digit-exact vs sealed fixture by two independent evaluators), order-243 T60 β witness (literal 243-vertex graph, favorable 181), coefficient tails; 179/179 genuine, 5/5 mutations fired; duty-14/15/16 compliant.",computation,,retained,ADJ-F C6 stage-5 (STAGE5-SEAL-C6 f3dbbf52); statement authoritative in the sealed adjudication,,,,,registrar terminal gate: minted from the sealed C6 adjudications; synthesis reconciled count 40 (T14/F8/U18); controller extraction-miss on compressed T2-05/-06/-07 caught at registration
C6,R23B-C6-F1-02,"order-91 S(T,34)=−498754180547001418536 and order-243 T60 S(T,90)=−1058142362147652597702654588268394677176033202323316960380 re-confirmed on-row, both values in-artifact — **BOUNDED ZEROS (S<0), evidence of nothing, not a step toward universal S≤0**; no target-tier event.",computation,,retained,ADJ-F C6 stage-5 (STAGE5-SEAL-C6 f3dbbf52); statement authoritative in the sealed adjudication,,,,,registrar terminal gate: minted from the sealed C6 adjudications; synthesis reconciled count 40 (T14/F8/U18); controller extraction-miss on compressed T2-05/-06/-07 caught at registration
C6,R23B-C6-F1-03,"rank-two filter control: P30(v=0,s=1) deg 2 coincidence (old=corrected=351=true i_2) vs K13 deg 3 divergence (old=0 ≠ corrected=1=true i_2), per SEMANTIC-CONTRACT A1.2 — corrected rank-two formula confirmed.",computation,,retained,ADJ-F C6 stage-5 (STAGE5-SEAL-C6 f3dbbf52); statement authoritative in the sealed adjudication,,,,,registrar terminal gate: minted from the sealed C6 adjudications; synthesis reconciled count 40 (T14/F8/U18); controller extraction-miss on compressed T2-05/-06/-07 caught at registration
C6,R23B-C6-F2-01,"terminal-deliverables adversarial audit: **no CRITICAL/MAJOR** on either U1/U2 set; all **eight** §9 items present or honestly STAGED-CITED (controller ""ten"" = clerical); six U1-05 repairs executed; RC-18 correct (claim_key, restored fingerprint, 0-fwd/3-rev census all-OPEN, disclosed 9-row W4 collision + escalation trigger, ""NOT registrable as drafted""); handoff carries no fence/ceiling/O14 leakage; final-status trichotomy honest. F2×U1 CONFIRMED de novo.",audit,,retained,ADJ-F C6 stage-5 (STAGE5-SEAL-C6 f3dbbf52); statement authoritative in the sealed adjudication,,,,,registrar terminal gate: minted from the sealed C6 adjudications; synthesis reconciled count 40 (T14/F8/U18); controller extraction-miss on compressed T2-05/-06/-07 caught at registration
C6,R23B-C6-F2-02,"route-fault (process, self-disclosed, non-mathematical): F2 shipped no packaged duty-14/15 instrument / no REFUSE path — MINOR; all findings reproduced under compliant critic instruments (no false clean); + two MINOR narrative nits (COUNTEREXOTIC scope; line-accounting).",process,,retained,ADJ-F C6 stage-5 (STAGE5-SEAL-C6 f3dbbf52); statement authoritative in the sealed adjudication,,,,,registrar terminal gate: minted from the sealed C6 adjudications; synthesis reconciled count 40 (T14/F8/U18); controller extraction-miss on compressed T2-05/-06/-07 caught at registration
C6,R23B-C6-F3-01,"single reproducible entry point (§9 item 2), `replay_all.py`: duty-14/15 compliant (root only from R23_RUN_ROOT; --root/--out required; 6 REFUSE paths exit 2, nothing written); 45/45 vs sealed pins; planted mutation fires; **non-circularity PROVEN** (one-pin tamper→red 44/45 exit 1); reproduced byte-identical by two critics. **Recommend gate installs frozen copy as `control/replay_all.py`.**",instrument,,retained,ADJ-F C6 stage-5 (STAGE5-SEAL-C6 f3dbbf52); statement authoritative in the sealed adjudication,,,,,registrar terminal gate: minted from the sealed C6 adjudications; synthesis reconciled count 40 (T14/F8/U18); controller extraction-miss on compressed T2-05/-06/-07 caught at registration
C6,R23B-C6-F3-02,"CB(8,92) whole-row terminal re-confirmation via replay + independent instrument: S 351 digits, g_arm 347 (comb closed form AND BRIDGE-1 DP), g_u 349 negative (S = g_arm + 736·g_u exact), at registrar figures of record (duty 22).",computation/receipt,,retained,ADJ-F C6 stage-5 (STAGE5-SEAL-C6 f3dbbf52); statement authoritative in the sealed adjudication,,,"R23B-C5-F3-04 (CB(8,92) canonical)",,registrar terminal gate: minted from the sealed C6 adjudications; synthesis reconciled count 40 (T14/F8/U18); controller extraction-miss on compressed T2-05/-06/-07 caught at registration
C6,R23B-C6-F3-03,"route-fault (nit): `replay_all.py` docstring ""both"" refusal paths vs six demonstrated — MINOR, demonstration exceeds prose, nothing overstated.",process,,retained,ADJ-F C6 stage-5 (STAGE5-SEAL-C6 f3dbbf52); statement authoritative in the sealed adjudication,,,,,registrar terminal gate: minted from the sealed C6 adjudications; synthesis reconciled count 40 (T14/F8/U18); controller extraction-miss on compressed T2-05/-06/-07 caught at registration
C6,R23B-C6-T1-01,"`THM_R23_B_bridge1_abstract`,",lean/structural,,retained,ADJ-T C6 stage-5 (STAGE5-SEAL-C6 f3dbbf52); statement authoritative in the sealed adjudication,,,,,registrar terminal gate: minted from the sealed C6 adjudications; synthesis reconciled count 40 (T14/F8/U18); controller extraction-miss on compressed T2-05/-06/-07 caught at registration
C6,R23B-C6-T1-02,`RelationTransport.lean` is **load-bearing**,lean/structural,,retained,ADJ-T C6 stage-5 (STAGE5-SEAL-C6 f3dbbf52); statement authoritative in the sealed adjudication,,,,,registrar terminal gate: minted from the sealed C6 adjudications; synthesis reconciled count 40 (T14/F8/U18); controller extraction-miss on compressed T2-05/-06/-07 caught at registration
C6,R23B-C6-T2-01,"R-3(a) — `P_eq_image_induce_P`,",lean/structural,,retained,ADJ-T C6 stage-5 (STAGE5-SEAL-C6 f3dbbf52); statement authoritative in the sealed adjudication,,,,,registrar terminal gate: minted from the sealed C6 adjudications; synthesis reconciled count 40 (T14/F8/U18); controller extraction-miss on compressed T2-05/-06/-07 caught at registration
C6,R23B-C6-T2-02,R-3(b) — `induce_ofSimpleGraph` PROVED,lean/structural,,retained_narrowed,ADJ-T C6 stage-5 (STAGE5-SEAL-C6 f3dbbf52); statement authoritative in the sealed adjudication,,,,,registrar terminal gate: minted from the sealed C6 adjudications; synthesis reconciled count 40 (T14/F8/U18); controller extraction-miss on compressed T2-05/-06/-07 caught at registration
C6,R23B-C6-T2-03,R-4 — `indepSetsOn_filter_ofSimpleGraph_image`,lean/structural,,retained,ADJ-T C6 stage-5 (STAGE5-SEAL-C6 f3dbbf52); statement authoritative in the sealed adjudication,,,,,registrar terminal gate: minted from the sealed C6 adjudications; synthesis reconciled count 40 (T14/F8/U18); controller extraction-miss on compressed T2-05/-06/-07 caught at registration
C6,R23B-C6-T2-04,"R-5 — `SG.P`, `SG.N`, `SG.DeleteEdge`,",lean/structural,,retained,ADJ-T C6 stage-5 (STAGE5-SEAL-C6 f3dbbf52); statement authoritative in the sealed adjudication,,,,,registrar terminal gate: minted from the sealed C6 adjudications; synthesis reconciled count 40 (T14/F8/U18); controller extraction-miss on compressed T2-05/-06/-07 caught at registration
C6,R23B-C6-T2-05,,process/incident,,"incident rows, major/major/minor — see §4",ADJ-T C6 stage-5 (STAGE5-SEAL-C6 f3dbbf52); statement authoritative in the sealed adjudication,,,,,"registrar terminal gate: minted from the sealed C6 adjudications; synthesis reconciled count 40 (T14/F8/U18); controller extraction-miss on compressed T2-05/-06/-07 caught at registration | registrar tier correction 2026-09-17: incident rows (T2 seal overwrite / lake clean / D-2), not lean content"
C6,R23B-C6-T2-06,,process/incident,,"incident rows, major/major/minor — see §4",ADJ-T C6 stage-5 (STAGE5-SEAL-C6 f3dbbf52); statement authoritative in the sealed adjudication,,,,,"registrar terminal gate: minted from the sealed C6 adjudications; synthesis reconciled count 40 (T14/F8/U18); controller extraction-miss on compressed T2-05/-06/-07 caught at registration | registrar tier correction 2026-09-17: incident rows (T2 seal overwrite / lake clean / D-2), not lean content"
C6,R23B-C6-T2-07,,process/incident,,"incident rows, major/major/minor — see §4",ADJ-T C6 stage-5 (STAGE5-SEAL-C6 f3dbbf52); statement authoritative in the sealed adjudication,,,,,"registrar terminal gate: minted from the sealed C6 adjudications; synthesis reconciled count 40 (T14/F8/U18); controller extraction-miss on compressed T2-05/-06/-07 caught at registration | registrar tier correction 2026-09-17: incident rows (T2 seal overwrite / lake clean / D-2), not lean content"
C6,R23B-C6-T3-01,one consolidated terminal Lean project builds at,lean/structural,,retained,ADJ-T C6 stage-5 (STAGE5-SEAL-C6 f3dbbf52); statement authoritative in the sealed adjudication,,,,,registrar terminal gate: minted from the sealed C6 adjudications; synthesis reconciled count 40 (T14/F8/U18); controller extraction-miss on compressed T2-05/-06/-07 caught at registration
C6,R23B-C6-T3-02,the §9-item-4 **honest 18-row fidelity-label,lean/structural,,retained,ADJ-T C6 stage-5 (STAGE5-SEAL-C6 f3dbbf52); statement authoritative in the sealed adjudication,,,,,registrar terminal gate: minted from the sealed C6 adjudications; synthesis reconciled count 40 (T14/F8/U18); controller extraction-miss on compressed T2-05/-06/-07 caught at registration
C6,R23B-C6-T3-03,"kernel-`decide` restatement of CB(1,2)",lean/structural,,retained,ADJ-T C6 stage-5 (STAGE5-SEAL-C6 f3dbbf52); statement authoritative in the sealed adjudication,,,,,registrar terminal gate: minted from the sealed C6 adjudications; synthesis reconciled count 40 (T14/F8/U18); controller extraction-miss on compressed T2-05/-06/-07 caught at registration
C6,R23B-C6-T3-04,the two duty-18 literals corrected of record —,lean/structural,,retained,ADJ-T C6 stage-5 (STAGE5-SEAL-C6 f3dbbf52); statement authoritative in the sealed adjudication,,,,,registrar terminal gate: minted from the sealed C6 adjudications; synthesis reconciled count 40 (T14/F8/U18); controller extraction-miss on compressed T2-05/-06/-07 caught at registration
C6,R23B-C6-T3-05,the disclosed R23-namespace collision,lean/structural,,terminal-record note,ADJ-T C6 stage-5 (STAGE5-SEAL-C6 f3dbbf52); statement authoritative in the sealed adjudication,,,,,registrar terminal gate: minted from the sealed C6 adjudications; synthesis reconciled count 40 (T14/F8/U18); controller extraction-miss on compressed T2-05/-06/-07 caught at registration
C6,R23B-C6-U1-01,"Six R23B-C5-U1-05 repairs executed (entry-point cite; §9-item-3 controls both witness rows; unresolved-correspondence-debt verbatim restore; fidelity table; witness-count 3+CB(8,92) fix; COUNTEREXAMPLE/§7 fixes)",process,,retained,ADJ-U C6 stage-5 (STAGE5-SEAL-C6 f3dbbf52); statement authoritative in the sealed adjudication,,,"R23B-C5-F3-04 (CB(8,92) canonical)",,registrar terminal gate: minted from the sealed C6 adjudications; synthesis reconciled count 40 (T14/F8/U18); controller extraction-miss on compressed T2-05/-06/-07 caught at registration
C6,R23B-C6-U1-02,"RC-18 revised: census 0 fwd/3 rev all-OPEN on the revised row (5 agreeing instruments), fingerprint restored, claim_key-absence corrected; **NOT registrable as drafted** (alias + 9-row W4 + escalation trigger); Ashton-gated",disclosure,,retained,ADJ-U C6 stage-5 (STAGE5-SEAL-C6 f3dbbf52); statement authoritative in the sealed adjudication,,,,,registrar terminal gate: minted from the sealed C6 adjudications; synthesis reconciled count 40 (T14/F8/U18); controller extraction-miss on compressed T2-05/-06/-07 caught at registration
C6,R23B-C6-U1-03,Two CLAIM-DISTINCTIONS draft entries (unwritten; entry 2 non-schema-conformant watch item),process,,retained,ADJ-U C6 stage-5 (STAGE5-SEAL-C6 f3dbbf52); statement authoritative in the sealed adjudication,,,,,registrar terminal gate: minted from the sealed C6 adjudications; synthesis reconciled count 40 (T14/F8/U18); controller extraction-miss on compressed T2-05/-06/-07 caught at registration
C6,R23B-C6-U1-04,"Mathematics-agent handoff (identities at scope; \|P\|≤\|N\|=O14 via BRIDGE-2; RTree horn = Ashton's decision, neither recommended); **install final C6 counts, not ""297""**",disclosure,,retained,ADJ-U C6 stage-5 (STAGE5-SEAL-C6 f3dbbf52); statement authoritative in the sealed adjudication,,,,,registrar terminal gate: minted from the sealed C6 adjudications; synthesis reconciled count 40 (T14/F8/U18); controller extraction-miss on compressed T2-05/-06/-07 caught at registration
C6,R23B-C6-U1-05,`def(G)` `=`→sealed `>=` operator align at install (C5-inherited; `>0`/fingerprint unaffected),minor,,retained,ADJ-U C6 stage-5 (STAGE5-SEAL-C6 f3dbbf52); statement authoritative in the sealed adjudication,,,,,registrar terminal gate: minted from the sealed C6 adjudications; synthesis reconciled count 40 (T14/F8/U18); controller extraction-miss on compressed T2-05/-06/-07 caught at registration
C6,R23B-C6-U2-01,"168-row TERMINAL-LEDGER (13/50/37/19/49), 0 collisions, dual extraction channels; rule-id/row-id regex bug found+fixed",process,,retained_narrowed,ADJ-U C6 stage-5 (STAGE5-SEAL-C6 f3dbbf52); statement authoritative in the sealed adjudication,,,,,registrar terminal gate: minted from the sealed C6 adjudications; synthesis reconciled count 40 (T14/F8/U18); controller extraction-miss on compressed T2-05/-06/-07 caught at registration
C6,R23B-C6-U2-02,"Five cross-cycle supersession links (W4/TRS2-alias; C4-T3-01→C5-T2-02/-03; two C1→C2; CB(8,92)→g_u registrar)",process,,retained_narrowed,ADJ-U C6 stage-5 (STAGE5-SEAL-C6 f3dbbf52); statement authoritative in the sealed adjudication,,,"R23B-C5-F3-04 (CB(8,92) canonical)",,registrar terminal gate: minted from the sealed C6 adjudications; synthesis reconciled count 40 (T14/F8/U18); controller extraction-miss on compressed T2-05/-06/-07 caught at registration
C6,R23B-C6-U2-03,11-value agreement matrix with per-value verification levels + fences/CRITICAL-carry (T3-01 kernel fence; T16 rejected-cert carry),process,,retained_narrowed,ADJ-U C6 stage-5 (STAGE5-SEAL-C6 f3dbbf52); statement authoritative in the sealed adjudication,,,,,registrar terminal gate: minted from the sealed C6 adjudications; synthesis reconciled count 40 (T14/F8/U18); controller extraction-miss on compressed T2-05/-06/-07 caught at registration
C6,R23B-C6-U2-04,**MAJOR** — envelope figure-of-record 6197 cell blank (regex line-wrap drops duty-22 figure; RETURN over-certifies); controller fills 6197 + non-null guard + re-seal,MAJOR,,retained_narrowed,ADJ-U C6 stage-5 (STAGE5-SEAL-C6 f3dbbf52); statement authoritative in the sealed adjudication,,,,,registrar terminal gate: minted from the sealed C6 adjudications; synthesis reconciled count 40 (T14/F8/U18); controller extraction-miss on compressed T2-05/-06/-07 caught at registration
C6,R23B-C6-U2-05,Self-test collision-branch not independently demonstrated (planted dup trips row-count REFUSE first),minor,,retained_narrowed,ADJ-U C6 stage-5 (STAGE5-SEAL-C6 f3dbbf52); statement authoritative in the sealed adjudication,,,,,registrar terminal gate: minted from the sealed C6 adjudications; synthesis reconciled count 40 (T14/F8/U18); controller extraction-miss on compressed T2-05/-06/-07 caught at registration
C6,R23B-C6-U2-06,"`build_agreement_matrix` docstring ""never typed from memory"" inaccurate for hardcoded (verified-correct) duty-22 cells",minor,,retained_narrowed,ADJ-U C6 stage-5 (STAGE5-SEAL-C6 f3dbbf52); statement authoritative in the sealed adjudication,,,,,registrar terminal gate: minted from the sealed C6 adjudications; synthesis reconciled count 40 (T14/F8/U18); controller extraction-miss on compressed T2-05/-06/-07 caught at registration
C6,R23B-C6-U2-07,Remove defused always-true `assert … or True` (line 109),minor,,retained_narrowed,ADJ-U C6 stage-5 (STAGE5-SEAL-C6 f3dbbf52); statement authoritative in the sealed adjudication,,,,,registrar terminal gate: minted from the sealed C6 adjudications; synthesis reconciled count 40 (T14/F8/U18); controller extraction-miss on compressed T2-05/-06/-07 caught at registration
C6,R23B-C6-U3-01,"Seals canonically verified, SUPERSEDED-not-drift reasoning, 80-claim pin unmoved, no INTAKE",process,,retained,ADJ-U C6 stage-5 (STAGE5-SEAL-C6 f3dbbf52); statement authoritative in the sealed adjudication,,,,,registrar terminal gate: minted from the sealed C6 adjudications; synthesis reconciled count 40 (T14/F8/U18); controller extraction-miss on compressed T2-05/-06/-07 caught at registration
C6,R23B-C6-U3-02,Duties 1–23 hygiene grading 5 COMPLIANT/3 DEFECT + envelope audit,process,,retained,ADJ-U C6 stage-5 (STAGE5-SEAL-C6 f3dbbf52); statement authoritative in the sealed adjudication,,,,,registrar terminal gate: minted from the sealed C6 adjudications; synthesis reconciled count 40 (T14/F8/U18); controller extraction-miss on compressed T2-05/-06/-07 caught at registration
C6,R23B-C6-U3-03,Duty-18 pre-seal literal lint (first cycle) 1 DEFECT + **D-2 new catch** (T2 undisclosed carry),disclosure,,retained,ADJ-U C6 stage-5 (STAGE5-SEAL-C6 f3dbbf52); statement authoritative in the sealed adjudication,,,,,registrar terminal gate: minted from the sealed C6 adjudications; synthesis reconciled count 40 (T14/F8/U18); controller extraction-miss on compressed T2-05/-06/-07 caught at registration
C6,R23B-C6-U3-04,Claim-status lint exit 0 (80/0/0; 0 REFUTED_REGRESSED; 0 PREDECESSOR_TERMINAL_LOST) + stance-lint CONSISTENT,process,,retained,ADJ-U C6 stage-5 (STAGE5-SEAL-C6 f3dbbf52); statement authoritative in the sealed adjudication,,,,,registrar terminal gate: minted from the sealed C6 adjudications; synthesis reconciled count 40 (T14/F8/U18); controller extraction-miss on compressed T2-05/-06/-07 caught at registration
C6,R23B-C6-U3-05,"Class-aware slate dry-run 51 candidates (T23/F16/U12), 0 collisions, advisory",process,,retained,ADJ-U C6 stage-5 (STAGE5-SEAL-C6 f3dbbf52); statement authoritative in the sealed adjudication,,,,,registrar terminal gate: minted from the sealed C6 adjudications; synthesis reconciled count 40 (T14/F8/U18); controller extraction-miss on compressed T2-05/-06/-07 caught at registration
C6,R23B-C6-U3-06,"**MAJOR / terminal-record lesson** — duty-18 lint hard-codes claimed side (duty-16 falsifiability method defect); must parse target returns; recurring class; results correct, impact nil",MAJOR,,retained,ADJ-U C6 stage-5 (STAGE5-SEAL-C6 f3dbbf52); statement authoritative in the sealed adjudication,,,,,registrar terminal gate: minted from the sealed C6 adjudications; synthesis reconciled count 40 (T14/F8/U18); controller extraction-miss on compressed T2-05/-06/-07 caught at registration
