obligation_id,claim,status,provenance
E993-T05,The all-graph edge-subdivision independence-polynomial identity holds. TREE,formally_verified,erdos-993-six-cycle-math-dre-2026-08-25/TERMINAL-LEDGER.csv
E993-T06,Leaf-fan identity LF2 holds. TREE,formally_verified,erdos-993-six-cycle-math-dre-2026-08-25/TERMINAL-LEDGER.csv
E993-T07,Leaf-fan identity LF1 with coefficientwise natural truncated subtraction holds. TREE,formally_verified,erdos-993-six-cycle-math-dre-2026-08-25/TERMINAL-LEDGER.csv
E993-T08,Leaf-fan alpha equality and strict terminal coefficient band hold for r>=2. TREE,formally_verified,erdos-993-six-cycle-math-dre-2026-08-25/TERMINAL-LEDGER.csv
E993-T15,Branch-ratio monotonicity is preserved under the proposed rooted composition. TREE,refuted_mechanism,erdos-993-six-cycle-math-dre-2026-08-25/TERMINAL-LEDGER.csv
E993-T16,Fixed-anchor terminal-sign transport survives path substitution. TREE,refuted_mechanism,erdos-993-six-cycle-math-dre-2026-08-25/TERMINAL-LEDGER.csv
E993-T17,Excluded-state alpha dominance supplies the proposed endpoint invariant. TREE,refuted_mechanism,erdos-993-six-cycle-math-dre-2026-08-25/TERMINAL-LEDGER.csv
E993-T18,The uniform weighted RSV invariant holds for every rational lambda>=1. TREE,refuted_mechanism,erdos-993-six-cycle-math-dre-2026-08-25/TERMINAL-LEDGER.csv
E993-T19,Universal tree-vector log-concavity can supply TRANSFER. TRANSFER,refuted_mechanism,erdos-993-six-cycle-math-dre-2026-08-25/TERMINAL-LEDGER.csv
E993-T20,TDLC1 contains every tree independence vector. TRANSFER,refuted_mechanism,erdos-993-six-cycle-math-dre-2026-08-25/TERMINAL-LEDGER.csv
LEAN-P1,I(subdivideEdge G e) = I(G) + X*I(contractEdge G e) ALL,formally_verified,erdos-993-2026-08-26-continuation/TERMINAL-LEDGER.csv
LEAN-P2,"LF2: I(leafFan G e r) = (1+X)^r I(G−u) + X I(G−{u,v}) ALL",formally_verified,erdos-993-2026-08-26-continuation/TERMINAL-LEDGER.csv
LEAN-P3,LF1 with coeffwise Nat truncated subtraction ALL,formally_verified,erdos-993-2026-08-26-continuation/TERMINAL-LEDGER.csv
LEAN-P4,"Leaf-fan strict terminal band: alpha(H)=beta+r and i_{k+1}<i_k on [beta+floor(r/2), beta+r−1] TREE",formally_verified,erdos-993-2026-08-26-continuation/TERMINAL-LEDGER.csv
LEAN-C1,lc_conv_wu: positive interval-support log-concave a convolved with weakly unimodal b is weakly unimodal ALL,formally_verified,erdos-993-2026-08-26-continuation/TERMINAL-LEDGER.csv
LEAN-C2A,cbg_conv_closed: (k+1)a_{k+1} <= 2(p−k)a_k is closed under discrete convolution ALL,formally_verified,erdos-993-2026-08-26-continuation/TERMINAL-LEDGER.csv
LEAN-C2B,cbg_terminal_band: weak decrease from K(D); strict when 3k>2D−1 and a_k>0 ALL,formally_verified,erdos-993-2026-08-26-continuation/TERMINAL-LEDGER.csv
C3:R2-C1,"PACKET §3 lemma discharged: LC convolved with LC is LC, with positivity preserved ALL",proved_informal,erdos-993-2026-08-26-continuation/TERMINAL-LEDGER.csv
C3:R2-C2,"Truncation corollary: prefix-positivity and prefix-LC to M_a, M_b give LC of the untruncated convolution on [0, min(M_a,M_b)−1] ALL",proved_informal,erdos-993-2026-08-26-continuation/TERMINAL-LEDGER.csv
C3:R1-C5,bipartite_extension_ratio_bound: (k+1)i_{k+1}(G) <= 2(alpha(G)−k)i_k(G) ALL,formally_verified,erdos-993-2026-08-26-continuation/TERMINAL-LEDGER.csv
C3:R1-C1,alpha(G−N[T]) <= alpha(G)−k for independent T of size k ALL,proved_informal,erdos-993-2026-08-26-continuation/TERMINAL-LEDGER.csv
C3:R1-C2,"alpha(H) >= | V(H) | /2 for bipartite H, matching-free proof ALL",proved_informal,erdos-993-2026-08-26-continuation/TERMINAL-LEDGER.csv
C3:R1-C3,Induced subgraphs of bipartite graphs are bipartite ALL,proved_informal,erdos-993-2026-08-26-continuation/TERMINAL-LEDGER.csv
C3:R1-C4,(k+1)i_{k+1}(G) = sum over independent k-sets T of | V(G) minus N[T] |  ALL,proved_informal,erdos-993-2026-08-26-continuation/TERMINAL-LEDGER.csv
C3:R1-C7,All-forest terminal band: weak decrease from K(alpha); strict when 3k>2alpha−1 and i_k>0 FOREST,formally_verified,erdos-993-2026-08-26-continuation/TERMINAL-LEDGER.csv
C3:R1-C6,"i_k(rK_2)=C(r,k)2^k and the ratio bound holds with exact equality at every k FOREST",proved_informal,erdos-993-2026-08-26-continuation/TERMINAL-LEDGER.csv
C3:R1-C8,"Band comparator Delta(beta,r)=ceil(r/2)−floor((beta+r)/3), exact only under the strict reading L_F(D)=ceil(2D/3) ALL",proved_informal,erdos-993-2026-08-26-continuation/TERMINAL-LEDGER.csv
C3:R1-C9,Three-way sign partition of Delta by T(r)=3ceil(r/2)−r ALL,proved_informal,erdos-993-2026-08-26-continuation/TERMINAL-LEDGER.csv
C3:R1-C10,3K(D)=2D−1 exactly iff D = 2 mod 3 ALL,proved_informal,erdos-993-2026-08-26-continuation/TERMINAL-LEDGER.csv
C3:R1-C11,i_K(rK_2)=i_{K+1}(rK_2) iff r = 2 mod 3 FOREST,proved_informal,erdos-993-2026-08-26-continuation/TERMINAL-LEDGER.csv
C3:PT-C1,Tree-scope PLC implies TREE: LC at 1..K−1 forces weak unimodality TREE,proved_informal,erdos-993-2026-08-26-continuation/TERMINAL-LEDGER.csv
C3:PF-C5,Any non-weakly-unimodal finite forest has first LC failure h(F) <= K(alpha)−1; delta_min(alpha) >= 1/3 + 2/(3alpha) > 1/3 FOREST,proved_informal,erdos-993-2026-08-26-continuation/TERMINAL-LEDGER.csv
C3:PT-C3,"Star margin identity margin(N,k)=(N+1)/[(k+1)(N−k+1)]; min margin is Theta(1/N) with N*min_margin -> 4 TREE",proved_informal,erdos-993-2026-08-26-continuation/TERMINAL-LEDGER.csv
C3:PT-C6,Forest-scope PLC is a materially stronger antecedent than tree-scope PLC; it must survive convolution FOREST,proved_informal,erdos-993-2026-08-26-continuation/TERMINAL-LEDGER.csv
C3:X2-C1,Leaf normal form; G is Koenig-Egervary iff D=G−u−v is; density preserved both directions ALL,proved_informal,erdos-993-2026-08-26-continuation/TERMINAL-LEDGER.csv
C3:X2-C2,Every KE graph has alpha >= n/2; (Q-KE) implies FOREST implies TREE; converse of the density characterization is FALSE TREE,proved_informal,erdos-993-2026-08-26-continuation/TERMINAL-LEDGER.csv
C3:X2-C3,Leaf case dichotomy and X2-S1': d(C)<=u(A) and d(A)<=u(C)+2 imply A+xC weakly unimodal ALL,proved_informal,erdos-993-2026-08-26-continuation/TERMINAL-LEDGER.csv
C3:X2-C5,Density ascent band; any strict valley of a density graph is at index >= kappa_dens(alpha)+1; i_1<=i_2 when alpha>=n/2 and n>=9 ALL,proved_informal,erdos-993-2026-08-26-continuation/TERMINAL-LEDGER.csv
C3:X2-C6,Exact terminal witness specification for (Q-DEN')/(Q-KE): case-alpha clauses 1-7 and case-beta clauses 1'-3' TREE,proved_informal,erdos-993-2026-08-26-continuation/TERMINAL-LEDGER.csv
C3:X2-C7,"KE two-sided bound C(a,k) <= i_k(D) <= 2^k C(a,k); ascent band; every KE graph with alpha in {1,2,3,5} is weakly unimodal TREE",proved_informal,erdos-993-2026-08-26-continuation/TERMINAL-LEDGER.csv
C3:X3-C3,"gap(G,r) <= | delta(G,r)−1 | , equality at unique modes; hence 0<=delta<=2 implies gap<=1 and not-PO1 implies not-AI ALL",proved_informal,erdos-993-2026-08-26-continuation/TERMINAL-LEDGER.csv
C3:X3-C6,"LEM-B / POC2: if L <= U+2 then I(G) weakly unimodal iff c_{U+1} >= min(c_U, c_{U+2}); at a gap=2 vertex U+1 is the unique possible failure index ALL",proved_informal,erdos-993-2026-08-26-continuation/TERMINAL-LEDGER.csv
C3:X3-C7,"LEM-C ascent sandwich: min(u(E),u(N)+1) <= u(I(G)) <= max(u(E),u(N)+1); d(I(G)) <= max(d(E),d(N)+1) unconditionally ALL",proved_informal,erdos-993-2026-08-26-continuation/TERMINAL-LEDGER.csv
C3:X3-C8,"AI implies FOREST, by strong induction with explicit empty-forest and isolated-vertex bases FOREST",proved_informal,erdos-993-2026-08-26-continuation/TERMINAL-LEDGER.csv
C3:X3-C9,Isolated vertex gives delta=0; K_2 endpoint gives 0<=delta<=1; hence every AI/PO1 counterexample forest has all components of order >= 3 FOREST,proved_informal,erdos-993-2026-08-26-continuation/TERMINAL-LEDGER.csv
C3:X3-C12,"Assuming ULEAF, every DEG(2,2) vertex is an AI vertex; T(9,4) has no DEG(3,2) vertex at all FOREST",proved_informal,erdos-993-2026-08-26-continuation/TERMINAL-LEDGER.csv
C3:PF-C3,Exact SH top-three coefficients and the alpha−1 log-concavity failure criterion FOREST,proved_informal,erdos-993-2026-08-26-continuation/TERMINAL-LEDGER.csv
C3:PF-C6,Corrected seven-item terminal witness obligation for any proposed nonunimodal tree or forest ALL,proved_informal,erdos-993-2026-08-26-continuation/TERMINAL-LEDGER.csv
C3:X1-C2,The convolution-additive polynomial prefix invariants are exactly the Q-linear forms in the cumulants l_1..l_m TRANSFER,proved_informal,erdos-993-2026-08-26-continuation/TERMINAL-LEDGER.csv
C3:X1-C3,kappa = l_2 + (3/2)l_1 and q = l_3 + 2l_2 + (2/3)l_1; both convolution-additive when a_0=b_0=1 TRANSFER,proved_informal,erdos-993-2026-08-26-continuation/TERMINAL-LEDGER.csv
C3:X1-C4,"q(i(G)) = sum_v C(deg_v,2) − t(G) and kappa(i(G)) = n − | E | , for every finite simple graph TRANSFER",proved_informal,erdos-993-2026-08-26-continuation/TERMINAL-LEDGER.csv
C3:X1-C5,"G6 = {a_0=1, q >= 0} is convolution-closed, contains (1), and contains every finite simple graph's vector TRANSFER",proved_informal,erdos-993-2026-08-26-continuation/TERMINAL-LEDGER.csv
C3:X1-C6,"G8 = {a_0=1, q <= C(a_1−kappa,2)} is convolution-closed and contains every graph vector TRANSFER",proved_informal,erdos-993-2026-08-26-continuation/TERMINAL-LEDGER.csv
C3:X1-C7,"G7 via A4 is convolution-closed and contains every FOREST vector; A4 counts induced K_{1,3} plus induced P_4 TRANSFER",proved_informal,erdos-993-2026-08-26-continuation/TERMINAL-LEDGER.csv
C3:X1-C13,Four exact realizability refutations; plus: any forest-containing class with a non-WU member has that member non-realizable unless FOREST is false TRANSFER,proved_informal,erdos-993-2026-08-26-continuation/TERMINAL-LEDGER.csv
C3:X1-C14,"q is not a function of the (horizon,peak,degree) profile; G6 is not divisor-closed hence not a zero-location class TRANSFER",proved_informal,erdos-993-2026-08-26-continuation/TERMINAL-LEDGER.csv
C3:PU-C1,"Structural characterization of DEG(3,2)-blocked trees by conditions B1-B4 FOREST",proved_informal,erdos-993-2026-08-26-continuation/TERMINAL-LEDGER.csv
C3:PU-C5I,u(a) <= K(D) when D != 2 mod 3 and u(a) <= K(D)+1 when D = 2 mod 3; hence u(a) <= K(D)+1 unconditionally FOREST,proved_informal,erdos-993-2026-08-26-continuation/TERMINAL-LEDGER.csv
C3:PU-C5II,Two trees with identical radius-1 profile have gap 2 and gap 0; no radius-1 selection rule can be correct FOREST,proved_informal,erdos-993-2026-08-26-continuation/TERMINAL-LEDGER.csv
C3:PU-C6,"gap at the K_{1,5} centre is 1 in isolation and 2 inside K_{1,3} disjoint K_{1,5}; a disconnected PO1 search must range over all vertices of all components FOREST",proved_informal,erdos-993-2026-08-26-continuation/TERMINAL-LEDGER.csv
C3:N1-C1,Every finite forest vector satisfies the pointwise Kruskal-Katona inequality TRANSFER,proved_informal,erdos-993-2026-08-26-continuation/TERMINAL-LEDGER.csv
C3:N1-C2,Correctness of the cascade/upper-shadow bound function TRANSFER,proved_informal,erdos-993-2026-08-26-continuation/TERMINAL-LEDGER.csv
C3:N1-C6,KK necessary direction proved; C_KK convolution closure retained CONDITIONAL on the cited classical realizability direction TRANSFER,proved_informal,erdos-993-2026-08-26-continuation/TERMINAL-LEDGER.csv
C3:N1-C8,"C_TG is a subset of C_Z, unconditionally, with no closure operation needed TRANSFER",proved_informal,erdos-993-2026-08-26-continuation/TERMINAL-LEDGER.csv
C3:N1-C9,Dichotomy: any class D containing C_TG with all members weakly unimodal implies FOREST; so D is circular or strictly harder than FOREST TRANSFER,proved_informal,erdos-993-2026-08-26-continuation/TERMINAL-LEDGER.csv
C3:N1-C10,"C_TG is a STRICT subset of C_Z: Q=(1,7,14,8,1) from T* at root x=−1 has kappa=0 hence is not forest-realizable TRANSFER",proved_informal,erdos-993-2026-08-26-continuation/TERMINAL-LEDGER.csv
C3:N1-C14,Four dead position-indexed families killed by three or four DISTINCT mechanisms; W_tau does not explain or unify the other three deaths TRANSFER,proved_informal,erdos-993-2026-08-26-continuation/TERMINAL-LEDGER.csv
C1:X3-C7,"POC1: gap(G,r) <= 1 implies I(G) weakly unimodal; unconditionally u(I(G)) >= U and d(I(G)) <= L FOREST",proved_informal,erdos-993-2026-08-26-continuation/TERMINAL-LEDGER.csv
C1:X3-C3,"One-crossing lemma: positive-support finite log-concave sequences are weakly unimodal, with strict descent after the crossing ALL",proved_informal,erdos-993-2026-08-26-continuation/TERMINAL-LEDGER.csv
C1:X3-C1,i_k(G) >= 1 for every finite simple graph and 0 <= k <= alpha(G) ALL,proved_informal,erdos-993-2026-08-26-continuation/TERMINAL-LEDGER.csv
C1:X3-C4,"Window reduction: a finite forest is weakly unimodal iff its truncation to [0,K(alpha)] is FOREST",proved_informal,erdos-993-2026-08-26-continuation/TERMINAL-LEDGER.csv
C1:R1-C6,Every finite tree of order >= 3 is a leafFan; the leaf-fan step is a COMPLETE induction step for TREE TREE,proved_informal,erdos-993-2026-08-26-continuation/TERMINAL-LEDGER.csv
C2:X2-C9,"X2-L: b weakly unimodal, d <= b, r >= max(4, 2gamma+3) implies (1+x)^r b + xd weakly unimodal; all-graph graph corollary TREE",proved_informal,erdos-993-2026-08-26-continuation/TERMINAL-LEDGER.csv
C2:X2-C11,"X2-F(gamma): a minimum-order non-WU forest has no vertex with r >= max(4,2gamma+3) degree-1 neighbours FOREST",proved_informal,erdos-993-2026-08-26-continuation/TERMINAL-LEDGER.csv
C2:N1-C9II,Any roller-coaster valley in a finite forest has k_2 < K(alpha) FOREST,proved_informal,erdos-993-2026-08-26-continuation/TERMINAL-LEDGER.csv
C1:PU-C12,"i_{alpha−1}(F) >= i_alpha(F) for forests with alpha>=2, strict for trees; exact residue alpha=2 FOREST",proved_informal,erdos-993-2026-08-26-continuation/TERMINAL-LEDGER.csv
E993-MA-T05,Finite convolution has exact positive Minkowski-sum support. TRANSFER,formally_verified,erdos-993-2026-08-26-continuation-math-agent/TERMINAL-LEDGER.csv
E993-MA-T06,Positive finite Nat vectors satisfying internal adjacent log-concavity have zero-extended Toeplitz TP2 kernels. TRANSFER,formally_verified,erdos-993-2026-08-26-continuation-math-agent/TERMINAL-LEDGER.csv
E993-MA-T07,The exact finite convolution of positive internally adjacent-log-concave Nat vectors is positive and internally adjacent-log-concave. TRANSFER,formally_verified,erdos-993-2026-08-26-continuation-math-agent/TERMINAL-LEDGER.csv
E993-MA-T08,Weak unimodality is equivalent to absence of a negative first difference followed later by a positive first difference. ALL,formally_verified,erdos-993-2026-08-26-continuation-math-agent/TERMINAL-LEDGER.csv
E993-MA-T09,Positive internally adjacent-log-concave finite Nat vectors are weakly unimodal. ALL,formally_verified,erdos-993-2026-08-26-continuation-math-agent/TERMINAL-LEDGER.csv
E993-MA-T10,The exact finite convolution from Cycle 3 is weakly unimodal. TRANSFER,formally_verified,erdos-993-2026-08-26-continuation-math-agent/TERMINAL-LEDGER.csv
E993-MA-T11,A deletion-closed finite family obeys the one-vertex extension-incidence identity. ALL,formally_verified,erdos-993-2026-08-26-continuation-math-agent/TERMINAL-LEDGER.csv
E993-MA-T12,Finite-simple-graph independent sets obey the extension-incidence identity. ALL,formally_verified,erdos-993-2026-08-26-continuation-math-agent/TERMINAL-LEDGER.csv
E993-MA-T13,Finite-simple-graph independent sets obey the external-open-neighborhood moment identity. ALL,formally_verified,erdos-993-2026-08-26-continuation-math-agent/TERMINAL-LEDGER.csv
E993-MA-T16,Arbitrary weakly unimodal nonnegative sequences are convolution-closed. TRANSFER,refuted_mechanism,erdos-993-2026-08-26-continuation-math-agent/TERMINAL-LEDGER.csv
E993-MA-T17,The nested interval-layer class satisfies the required convolution closure. TRANSFER,refuted_mechanism,erdos-993-2026-08-26-continuation-math-agent/TERMINAL-LEDGER.csv
E993-MA-T18,The stated common-pivot rooted centered-chain architecture composes for every rooted tree. TREE,refuted_mechanism,erdos-993-2026-08-26-continuation-math-agent/TERMINAL-LEDGER.csv
E993-MA-T19,Restricted Hall-core data determine the adjacent independence-coefficient sign. TREE,refuted_mechanism,erdos-993-2026-08-26-continuation-math-agent/TERMINAL-LEDGER.csv
OB-C9-F1-PROJECTION-FACTOR-DECODER,,REFUTED_EXACT_SCOPE,erdos-993-pair-g4-endpoint-strictness-dre-2026-09-01/OBLIGATIONS.csv
OB-C9-U1-LINKED-CROSS-MINOR,,REFUTED_EXACT_ROUTE_SCOPE,erdos-993-pair-g4-endpoint-strictness-dre-2026-09-01/OBLIGATIONS.csv
OB-C10-U3-AMBIENT-CLOSURE,,REFUTED_EXACT_SCOPE,erdos-993-pair-g4-endpoint-strictness-dre-2026-09-01/OBLIGATIONS.csv
OB-K4,,CLOSED_E1,erdos-993-pair-g4-endpoint-strictness-dre-2026-09-01/OBLIGATIONS.csv
R17-BETA,BetaTarget universal at k_A >= 2 (E993-BETA-TARGET). REFUTED by exact order-243 witness R17-BETA-CE-ORDER243-STAR60; controller-verified (control/beta-order243-verification/),refuted,erdos-993-beta-remainder-dre-2026-09-06/TERMINAL-LEDGER.csv
R17-BETA-D2-PGE7,BetaTarget restricted to support degree two at every rank p >= 7 (E993-BETA-TARGET stratum). REFUTED by the same order-243 witness,refuted,erdos-993-beta-remainder-dre-2026-09-06/TERMINAL-LEDGER.csv
C2-O1,BetaTarget restricted to support degree two at every p >= 7 (r17 cycle-2 obligation form). REFUTED by the same order-243 witness,refuted,erdos-993-beta-remainder-dre-2026-09-06/TERMINAL-LEDGER.csv
R18-HG2,HG2 on G2 and |U| >= 2p-2 (E993-AMBIENT-TARGET-DEG2 surviving obligation),still_open,erdos-993-hg2-dre-2026-09-06 (this run); see OBLIGATIONS.csv terminal_disposition
R18-GATE1,"HG2Faithful + ambientTargetDeg2_of_G1wide_and_HG2Faithful: faithful structure-carrying transcription, RG",verified_rg_transcription_only,erdos-993-hg2-dre-2026-09-06 C3-GATE-RECORD §1; proves nothing about HG2
R18-GATE2,"exchangeLemma_dominationCriterion abstract-sequence counting form + three transcription defs, RG at severed scope (E993-EXCHANGE-LEMMA-SEQ)",verified_rg_abstract_scope,erdos-993-hg2-dre-2026-09-06 C4-GATE-RECORD §1
R18-EXCH,E993-EXCHANGE-LEMMA (tree-level sorted-domination criterion),verified_proved_informal,erdos-993-hg2-dre-2026-09-06 C3-GATE-RECORD §4; edge-case boundary corrected at C5 (all-equal-degrees case FAILS; certificate narrowed)
R18-QFLOOR,"E993-QUADRATIC-FLOOR n >= 3 + t(k_shell+2) + C(t,2)",verified_proved_informal,erdos-993-hg2-dre-2026-09-06 C3-GATE-RECORD §4
R18-BF2E,"E993-BF2-EVERY-E: every-e closed form; box-free monotonicity; D(p,0) = Cat(p-1) proved",verified_proved_informal,erdos-993-hg2-dre-2026-09-06 C2/C4/C5 gate records
R18-CAND3,E993-CAND-R18C1T1-3 (S-1 per-remnant band discharge),still_open,exact scope in CLAIM-IDENTITY certificate; non-universal sufficiency; chartered population measured 4/9 instances fire (author-steered)
R18-CAND1,E993-CAND-R18C1T1-1 (epsilon-discount bound),refuted,"mechanism refutation, r18 C1; never a target counterexample"
R18-REFT5,REF-T-5 sufficiency mechanism slack_t <= H-D-1,refuted_as_universal,fires 44/49 rows = 28/33 instances; exact firing criterion 2H >= (p+2)D+2 at edgeless-U star-hub scope; C5-GATE-RECORD §2
R19-AGG-FAV,"E993-BETA-AGG: the favorable-leaf sum of g_v(T,p) is nonpositive for every governed RTree and p >= x(T)+2",still_open,r19 Stage 1 exact bounded discrimination and isolated independent replay; universal proof not awarded
R19-AGG-SUPPORT,"E993-BETA-AGG-SUPPORT: every favorable support fibre has nonpositive total g_v(T,p)",refuted,r19 exact T_22 order-91 marked singleton support at p=34; controller replay plus isolated forest-DP replay; computation tier
R19-C1-T1,E993-BETA-AGG route T1: coefficient-level signed charge or injection,partial,Stage 3 exact expansion; leaf-tag-preserving charge refuted; retag/Hall mechanism awaits critics
R19-C1-T2,E993-BETA-AGG route T2: cross-support compensation or flow,partial,Stage 3 exact flows for T_22 and T_60; universal tree coupling open
R19-C1-T3,E993-BETA-AGG route T3: minimum-first-recovery strict-descent utility,partial,Stage 3 support dichotomy; rank-to-recovery/common-leaf connector open
R19-C1-F1,E993-BETA-AGG route F1: symbolic T_m falsification frontier,partial,Stage 3 exact scan m<=1000 over 778993 eligible ranks; zero positive aggregate; bounded evidence
R19-C1-F2,E993-BETA-AGG route F2: heterogeneous multi-hub adversary,partial,Stage 3 exact two-hub scan 1024 configurations and 13996 eligible ranks; zero positive aggregate; bounded evidence
R19-C1-F3,E993-BETA-AGG route F3: witness-guided graft and prune search,partial,Stage 3 exact local and scaled-ray searches over 4540 trees; zero positive aggregate; bounded evidence
R19-C1-U1,E993-BETA-AGG route U1: transportation primal-dual representation,partial,Stage 3 exact transport equivalence; unrestricted dual collapses to target
R19-C1-U2,E993-BETA-AGG route U2: sign-chamber generating-function representation,partial,Stage 3 chamber identity; non-increasing-boundary mechanism refuted
R19-C1-U3,E993-BETA-AGG route U3: multiplicity-covariance representation,partial,Stage 3 exact covariance identity; T_m bounded sign evidence only
R19-C4-FIXED-GAMMA,E993-R19-FIXED-GAMMA-HALL: every governed fixed Delete/Retag relation satisfies Hall,still_open,Canonical claim registration 2026-09-07; stronger than E993-BETA-AGG; residual-token cap refuted but Hall itself open
R19-C4-TM-RATIOS,E993-R19-TM-RATIO-PACKAGE: R-I R-0 R-star and R-K hold for every m>=1 on their exact ranges,still_open,Canonical claim registration 2026-09-07; bounded tests and formally verified conditional implication only
R19-C4-R2-HALL,E993-R19-R2-HALL-UNIVERSAL: every eligible governed adjacent-rank transition satisfies the frozen radius-two Hall certificate,still_open,Canonical claim registration 2026-09-07; stronger than and not equivalent to E993-BETA-AGG
R19-C4-U2-FACES,E993-R19-U2-UNIVERSAL-FACES: every eligible governed row satisfies S_ORB<=0 and C<=-S_ORB,still_open,Canonical claim registration 2026-09-07; bounded order-13 evidence and formally verified conditional composition only
R19-C5-T1,E993-R19-FIXED-GAMMA-HALL: active-pointed orbit-capacity induction proves Hall or yields a governed deficient cut,still_open,Cycle 5 route allocation; fixed relation and all prior mechanism fences retained
R19-C5-T2,E993-R19-TM-RATIO-PACKAGE: reduced-determinant proof or exact failure of the four all-m ratio inequalities,still_open,Cycle 5 route allocation; exact T_m family scope only
R19-C5-T3,E993-R19-AGG-SLACK-DESCENT: aggregate slack and persistent bad support force a smaller governed bad object,still_open,"Run-local Cycle 5 claim registration; new descent face, not a reopening of either refuted beta claim"
R19-C5-F1,E993-BETA-AGG: parameterized compensation asymptotics seek a positive global favorable-leaf aggregate,still_open,Cycle 5 adversarial route; finite null evidence cannot prove the universal target
R19-C5-F2,E993-R19-R2-HALL-UNIVERSAL: nonempty-demand radius-two cut falsification,still_open,Cycle 5 adversarial route; Hall failure is mechanism-only unless the same tuple has positive S_F
R19-C5-F3,E993-R19-U2-UNIVERSAL-FACES: corrected all-leaf orbit/covariance census and q>1 adversaries,still_open,Cycle 5 adversarial route; exact degree-one predicate and all original leaves required
R19-C5-U1,"E993-R19-U1-BASE-FACE: the exact base-rank aggregate S_F(T,x(T)+2) is nonpositive for every governed RTree",still_open,Run-local Cycle 5 claim registration; proper subclaim of the aggregate target
R19-C5-U2,E993-BETA-AGG: finite compressed edit-state induction distinct from refuted fixed-depth direct profile C_k,still_open,Cycle 5 unresolved route; state must be frozen before testing and must not encode the target
R19-C5-U3,E993-PAIR-G4: corridor alternating-path provenance forces a same-original-leaf endpoint,still_open,Cycle 5 unresolved route; scalar marginals and assumed diagonal edges remain fenced
R19-C9-REF-PRUNE,E993-R19-ROOT-SAFE-PRUNE-TOTALITY: every governed nonbase target-root state admits a connected strict deletion preserving every literal original leaf,refuted_mechanism,r19 Cycle 9 proved-informal mechanism refutation; canonical identity registered 2026-09-09; does not refute E993-BETA-AGG or Erdős 993
R19-C9-REF-CORRIDOR,E993-R19-SUPPORT-LOCKED-CORRIDOR-ADVANCE: a support-locked state system can provide a literal-label-preserving adjacent advance along a positive-length support path,refuted_mechanism,r19 Cycle 9 proved-informal mechanism refutation; canonical identity registered 2026-09-09; carried provenance remains open
R19-C9-REF-TRANSPORT,E993-R19-SUPPORT-PRESERVING-UNIT-TRANSPORT: every governed base-rank row admits exact support-label-preserving unit-token transport,refuted_mechanism,r19 Cycle 9 computation-tier order-91 mechanism refutation; canonical identity registered 2026-09-09; cross-support transport remains open
R21-C1-T1,E993-R19-FIXED-GAMMA-HALL: minimal deficient fixed-Gamma Hall cuts admit a one-base or laminar normal form,still_open,Cycle 1 distinct route; mechanism subclaim only
R21-C1-T2,E993-R19-FIXED-GAMMA-HALL: arbitrary active-base subsets satisfy a uniform exact compensation inequality,still_open,Cycle 1 load-bearing compensation route
R21-C1-T3,E993-R19-FIXED-GAMMA-HALL: weighted flow dual feasibility certifies every exact Hall subset inequality,still_open,Cycle 1 distinct flow route
R21-C1-T4,E993-R19-FIXED-GAMMA-HALL: deficit uncrossing reduces arbitrary cuts to a controlled laminar family,still_open,Cycle 1 distinct submodular route
R21-C1-T5,E993-R19-FIXED-GAMMA-HALL: induction on active-base count preserves exact Hall feasibility,still_open,Cycle 1 distinct induction route
R21-C1-T6,E993-R19-FIXED-GAMMA-HALL: valid orbit quotient inequalities lift to literal-leaf Hall feasibility,still_open,Cycle 1 distinct symmetry route; no assumed diagonal edges
R21-C1-T7,E993-BETA-AGG: a direct coefficient injection or signed involution proves the complete favorable-leaf aggregate,still_open,Cycle 1 direct target route; not pointwise beta
R21-C1-F1,E993-R19-FIXED-GAMMA-HALL: authenticated exact search for a governed deficient cut with complete same-row aggregate,still_open,Cycle 1 falsification route; mechanism and target events separated
R21-C1-F2,E993-BETA-AGG: heterogeneous multi-hub constructions seek a positive complete favorable-leaf aggregate,still_open,Cycle 1 adversarial family route
R21-C1-F3,E993-BETA-AGG: governed T60 graft amplification seeks a positive complete favorable-leaf aggregate,still_open,Cycle 1 witness-amplification route
R21-C1-F4,E993-R19-FIXED-GAMMA-HALL: exact ILP or SAT search seeks a realizable active-base collision deficient cut,still_open,Cycle 1 constraint-search route
R21-C1-F5,E993-BETA-AGG: boundary ranks and plateau cases seek an exact governed violation,still_open,Cycle 1 boundary route
R21-C1-F6,E993-R19-FIXED-GAMMA-HALL: distinguish Hall-mechanism failure from global aggregate failure on the same governed row,still_open,Cycle 1 logical-separation route
R21-C1-F7,E993-BETA-AGG: audit exact governed-RTree semantic adequacy and eligibility before universal inference,still_open,Cycle 1 semantic-adversary route
R21-C1-U1,E993-R19-FIXED-GAMMA-HALL: Farkas duality isolates the minimal missing arbitrary-subset inequality,still_open,Cycle 1 representation route
R21-C1-U2,E993-R19-FIXED-GAMMA-HALL: matching-theorem transfer under fully checked hypotheses,still_open,Cycle 1 literature and theorem-transfer route
R21-C1-U3,E993-BETA-AGG: sign-reversing involution permits cross-support cancellation,still_open,Cycle 1 representation-change route
R21-C1-U4,E993-BETA-AGG: exact mass transport or derandomized coupling yields global nonpositivity,still_open,Cycle 1 probabilistic representation route
R21-C1-U5,E993-R19-FIXED-GAMMA-HALL: hypergraph circulation or b-matching captures multi-base interactions,still_open,Cycle 1 generalized-flow route
R21-C1-U6,E993-R19-FIXED-GAMMA-HALL: minimal local multi-base obstructions admit finite or well-quasi-ordered classification,still_open,Cycle 1 structural-classification route
R21-C1-U7,E993-R19-FIXED-GAMMA-HALL: exact formal lemma DAG for compensation and the Hall-to-O14 bridge,still_open,Cycle 1 formalization-preparation route
R21-C1-LEAN-MINDEF,E993-R19-FIXED-GAMMA-HALL auxiliary: every inclusion-minimal deficient finite relation set has deficit one and no private neighbor,formally_verified,Cycle 1 governed Lean gate; generic finite-relation scope only
R21-C2-HEADLINE-AGG,E993-BETA-AGG: universal favorable-original-leaf aggregate after Cycle 2,still_open,Cycle 2 neutral synthesis; no universal proof or governed counterexample
R21-C2-HEADLINE-HALL,E993-R19-FIXED-GAMMA-HALL: universal fixed Delete/Retag Hall mechanism after Cycle 2,still_open,Cycle 2 neutral synthesis; arbitrary multibase tree control remains open
R21-C2-LEAN-SHADOW,E993-BETA-AGG auxiliary: ordinary finite-simple-graph shadow-count and adjacent-rank identities,formally_verified,Cycle 2 governed Lean gate; no ordinary-to-governed coefficient identification
R21-C3-HEADLINE-AGG,E993-BETA-AGG: universal favorable-original-leaf aggregate at terminal closeout,still_open,Cycle 3 neutral synthesis and blocked Stage 7; no decisive event
R21-C3-HEADLINE-HALL,E993-R19-FIXED-GAMMA-HALL: universal fixed Delete/Retag Hall mechanism at terminal closeout,still_open,Cycle 3 neutral synthesis; governed admission and arbitrary-cut control remain open
R21-C3-LEAN-CC-RESIDUAL,E993-R19-FIXED-GAMMA-HALL auxiliary: conditional connected-component residual decomposition and D(S) <= |S|,blocked,"Cycle 3 Stage 7; independent informal audit, kernel, and fidelity passed, but full workflow statement binding failed after bounded repair exhaustion"
R21-C3-GOVERNED-BINDING,"E993-R19-FIXED-GAMMA-HALL: authenticate one governed row with literal Delete/Retag maps, active-base conventions, and same-row Hall and aggregate evaluators",still_open,Cycle 3 load-bearing semantic prerequisite
R21-C3-T7-INTEGRITY,E993-R19-FIXED-GAMMA-HALL auxiliary integrity: reconcile C3-T7 inner canonical self-hash with the authenticated outer packet,still_open,Cycle 3 adjudication; inner hash may not be relied upon
R22-PREGATE-C3-LEAN,E993-R19-FIXED-GAMMA-HALL auxiliary: reissue the unchanged conditional connected-component residual theorem under an exact source-bound contract,formally_verified,"Fresh r22 theorem contract; independent informal audit; Lean 4.32.2 kernel receipt; exact axiom allowlist; independent fidelity verdict match. Conditional finite Delete/Retag residual identity only; no governed realization, Hall, aggregate sign, O14, or Erdős 993 conclusion."
R22-C4-LEAN-MULTIBASE-COLLISION,E993-R19-FIXED-GAMMA-HALL auxiliary: exact generic finite multibase collision identity and per-active-base full-fibre boundary identity,formally_verified,"Cycle 4 governed Lean gate; generic finite typed-relation scope only; no governed Delete/Retag binding, tree-specific collision payment, Hall inequality, aggregate sign, O14, TREE, or Erdos 993 conclusion"
R22-C5-LEAN-COLLISION-MONOTONE,E993-R19-FIXED-GAMMA-HALL auxiliary: fixed-carrier cross-base collision is monotone under pure source deletion,formally_verified,"Cycle 5 governed Lean gate; generic finite typed-relation scope only; fixed source/target carriers, base labels, and relation; no retagging, carrier change, governed Delete/Retag binding, collision payment, Hall inequality, aggregate sign, O14, TREE, or Erdos 993 conclusion"
R22-C6-LEAN-PAIR-COLLISION-CAPACITY,"E993-R19-FIXED-GAMMA-HALL auxiliary: unordered distinct-base pair overlap double-counts as sum_y choose(d_y,2), which upper-bounds sum_y pred(d_y)",formally_verified,"Cycle 6 governed Lean gate; generic finite fixed-data scope only; no governed binding, K_pair<=A payment, Hall inequality, aggregate sign, O14, TREE, FOREST, TRANSFER, or Erdos 993 conclusion"
R22-C7-LEAN-MINIMAL-DEFICIENT-CORE,E993-R19-FIXED-GAMMA-HALL auxiliary: every nonempty inclusion-minimal deficient cut in a finite fixed relation has deficit one and no private neighbor,formally_verified,"Cycle 7 governed Lean gate; generic finite fixed-relation scope only; no governed semantic binding, tree payment, no-deficient-cut theorem, Hall consequence, aggregate sign, O14, TREE, FOREST, TRANSFER, or Erdos 993 conclusion"
R22-C8-LEAN-TREE-INCIDENCE-CORE,"E993-R19-FIXED-GAMMA-HALL auxiliary: every finite nontrivial tree's endpoint-incidence relation has the full vertex side as an inclusion-minimal deficit-one cut with proper-cut Hall, deletion-invariant full neighborhood, no private neighbor, and a tree incidence graph",formally_verified,"Cycle 8 governed Lean gate; generic finite-tree endpoint-incidence scope only; proves an abstract obstruction to tree-shape-only contradiction, not governed realization, fixed-Gamma Hall, aggregate sign, O14, TREE, FOREST, TRANSFER, or Erdos 993"
R22-C9-LEAN-MOBIUS-COLLISION-WEIGHT-UNIQUENESS,"E993-R19-FIXED-GAMMA-HALL auxiliary: for every finite labelled fibre the signed sum over subsets of cardinality at least two is card.pred, and exact representation by one fixed integer weight family on every subcut of a four-element fibre uniquely forces pair weight +1, triple weight -1, and four-set weight +1",formally_verified,"Cycle 9 governed Lean gate; generic signed subset-payment and four-fibre uniqueness scope only; proves the unaugmented all-subcut representation cannot be termwise nonnegative, not governed data, Hall, fixed-Gamma Hall, aggregate beta, O14, TREE, FOREST, TRANSFER, or Erdos 993"
R22-TERMINAL-HEADLINE-AGG,E993-BETA-AGG: universal complete favorable-original-leaf aggregate after the authorized nine-cycle lineage,still_open,Cycle 9 hard-ceiling closeout; no universal proof and no authenticated governed row with a positive complete aggregate
R22-TERMINAL-HEADLINE-HALL,E993-R19-FIXED-GAMMA-HALL: universal all-cut Hall theorem for the literal fixed Delete/Retag relation after the authorized nine-cycle lineage,still_open,Cycle 9 hard-ceiling closeout; no universal formation-derived payment and no authenticated governed deficient cut
R22-TERMINAL-GOVERNED-BINDING,E993-R19-FIXED-GAMMA-HALL: authority-anchored source-complete same-byte governed semantic binding,still_open,"Terminal serial prerequisite; no sealed nonempty governed envelope or universal authoritative constructor binds formation authority, admission, literal Delete/Retag data, every cut, complete leaves and coefficients, and independent same-byte Hall plus aggregate evaluators"
R20-C1-WINDOW-THM,"E993-PAIR-WINDOW-THM: THE WINDOW THEOREM: for nonnegative zero-extended-unimodal f,g with h=f (+) shift(g) (the leaf-recursion sum), h is unimodal iff the window between the two modes is unimodal. General sum algebra, single recursion step only; no bearing on TREE/FOREST/TRANSFER/COUNTEREXAMPLE (mechanism tier).",verified,"r20 C1-GATE-RECORD Sec1; CLAIM-IDENTITY.json E993-PAIR-WINDOW-THM (VERIFIED, proved_informal, 4 independent proofs); Lean Tier A RG award, C2-GATE-RECORD Sec1 (nothing formally_verified per contract Sec8)"
R20-C1-PHISTAR,"E993-PAIR-PHISTAR: PHI-STAR soundness theorem: g nonneg zero-extended-unimodal, f0>=0, m any maximizer of f => h=f (+) shift(g) nondecreasing/nonincreasing pattern implies h unimodal. The CANDIDATE aspect lives entirely in PHISTAR-CLOSURE (still open, next row). Mechanism tier.",verified,"r20 C1-GATE-RECORD Sec1; Lean Tier B RG award at the repaired exact form only, C2-GATE-RECORD Sec1"
R20-C1-PHISTAR-CLOSURE,"E993-PAIR-PHISTAR-CLOSURE: THE CLOSURE OBLIGATION (SOLUTION-CONTRACT OB-R20-PHISTAR-CLOSURE, the run's own central open object from C1): for every finite forest F with an edge, EXISTS a leaf v such that i(F) is nondecreasing on [0,m-1] and nonincreasing on [m+1,infinity), m=mode(i(F-v)). Target-implying; UNPROVED AND UNREFUTED at the terminal close.",still_open,r20 C1-GATE-RECORD Sec1 (registered as the new central obligation); r20 C8-GATE-RECORD Sec0 (successor frame bears on the related universal form ALLLEAF-WINDOW); OPEN at registry pin 7a605065/79
R20-C1-MODE-GAP,"E993-PAIR-MODE-GAP: Measured conjecture (TREES only; forest face carries no registered bound): for every tree T and leaf v, |mode(i(T-v))-mode(i(T-N[v]))|<=1. MEASURED, NOT PROVED; may not be cited as progress on anything.",still_open,r20 C1-GATE-RECORD Sec1/RUL-R20-C1-6; scope narrowed to trees at r20 C2-GATE-RECORD Sec3
R20-C1-IMPLIES-TARGET,"E993-PAIR-C1-IMPLIES-TARGET: Implication of record: contract-C1 (delta_f<=1 over forest-leaf pairs) implies E993-TGT-FOREST hence E993-TGT-TREE; bridge fact x(T)=last_mode(i(T)). The IMPLICATION is proved_informal; its antecedent (delta_f<=1, universally) is OPEN and may not be cited as established.",verified,r20 C1-GATE-RECORD Sec1; ADJ-T ruling 6
R20-C2-ALLLEAF-WINDOW,"E993-PAIR-ALLLEAF-WINDOW: Universal (all-leaves) closure form: for every forest F with an edge and EVERY leaf v, last_mode(i(F))-1 <= mode_first(i(F-v)) <= mode_first(i(F))+1. MEASURED ONLY, exhaustive to order<=17 (294,178 forests, 2,337,444 leaf instances, 0 failures) + 25.4M constructed. At the C8 close reduced to excluding the single cell (delta_f,plateau_span)=(1,1), never observed in 47.7M objects. Implies PHISTAR-CLOSURE.",still_open,"r20 C2-GATE-RECORD Sec3; r20 C8-GATE-RECORD Sec0 (THE SUCCESSOR FRAME, CYCLE9-ALLOCATION rule 2)"
R20-C2-LEAFDRIFT-01,"E993-PAIR-LEAFDRIFT-01: Leaf-drift bound (one-sided): mode_first(i(F))-mode_first(i(F-v)) in {0,+1} for every forest F with an edge and every leaf v. MEASURED ONLY, 36.6M instances to order 26. One of the two coordinates of the (1,1)-cell successor-frame exclusion (delta_f).",still_open,r20 C2-GATE-RECORD Sec3; r20 C8-GATE-RECORD Sec0
R20-C2-MODE-NR,"E993-PAIR-MODE-NR: Theorem NR: nonneg zero-extended-unimodal f,g with mode(g)>=mode(f)-1 => mode(h)>=mode(f), h=f (+) shift(g). Reduction live for TREES only. Lean RG award (theorem_NR_as_registered).",verified,r20 C2-GATE-RECORD Sec3; r20 C5-GATE-RECORD Sec2
R20-C2-MODE-D1,"E993-PAIR-MODE-D1: Theorem D1: nonneg zero-extended-unimodal f,g with mode(g)<=mode(f) => mode(h)<=mode(f)+1. REDUCTION-REFUTED note on the face: hypothesis s>=0 is FALSE on the 669 realizable s=-1 pairs, so contributes nothing to delta_f<=1 on that stratum.",verified,r20 C2-GATE-RECORD Sec3
R20-C2-PLATEAU-LE1,"E993-PAIR-PLATEAU-LE1: Plateau bound: the maximum-level plateau of i(F) has length<=2, for every forest F. MEASURED ONLY, exhaustive orders<=17 + 25.4M constructed, 0 exceptions. The other coordinate of the (1,1)-cell successor-frame exclusion (plateau_span).",still_open,r20 C2-GATE-RECORD Sec3; r20 C8-GATE-RECORD Sec0
R20-C2-UNION-MODE,"E993-PAIR-UNION-MODE: Union-mode guardrail: component-mode additivity under disjoint union is FALSE and unboundedly so; exact single-family law mode_first((1+cx)^k)=ceil((ck-1)/(c+1)) for integer c>=1,k>=1, PROVED general-c (ratio test + Darroch pin).",verified,r20 C2-GATE-RECORD Sec3
R20-C2-ALPHA-SANDWICH,E993-PAIR-ALPHA-SANDWICH: Alpha sandwich for realizable pairs: alpha(i(F-N[v]))<=alpha(i(F-v))<=alpha(i(F-N[v]))+1. Load-bearing: kills the exhibited abstract-retreat witnesses.,verified,"r20 C2-GATE-RECORD Sec3 (proved at C1 stage-6, promoted at C2 close)"
R20-C3-R1,"E993-PAIR-R1: Theorem R1 (pure sum-algebra form): nonneg zero-extended-unimodal g,r with f=g (+) shift(r); if mode_first(g)=mode_first(f)+1 (s=-1) then mode_first(r)<=mode_first(f)-1. Proved via MODE-NR contrapositive, 0/10,023 realizable exceptions on three independent implementations.",verified,r20 C3-GATE-RECORD Sec2
R20-C3-R2-GAP,"E993-PAIR-R2-GAP: The proved gap characterization at s=-1 (iff-lemma, unconditional): delta_f<=1 iff h_{M+2}<=max(h_M,h_{M+1}); the gap equals R2 OR R2' EXACTLY. Whether R2-or-R2' holds on all realizable pairs is the OPEN remainder -- exactly what PHISTAR-CLOSURE needs at s=-1. Lean RG award (gap_iff_lemma).",verified,r20 C3-GATE-RECORD Sec2; r20 C4-GATE-RECORD Sec2
R20-C3-NETZERO,"E993-PAIR-NETZERO: Net-zero realizability chain: every known abstract overshoot witness (472 at the tested box) dies under the registered conditions, down to 0 survivors. A BOUNDED ZERO ON ITS FACE -- the tested abstract box only; never proof; growing the box remains the standing falsification target.",still_open,r20 C3-GATE-RECORD Sec2; r20 C4-GATE-RECORD Sec3 (merged certificate C1)
R20-C3-STAR-CLOSURE,"E993-PAIR-STAR-CLOSURE: Closure proved exactly for stars K_{1,m}, all m, mode floor(m/2) (m=1 exception), Catalan-slack identity for t>=3. Near-star (Broom(m,2)) peak-location premise later PROVED UNCONDITIONALLY on two independent routes (r20 C5); import discharged at r20 C6.",verified,r20 C3-GATE-RECORD Sec2; r20 C5-GATE-RECORD Sec3 C1; r20 C6 import-discharge
R20-C3-PATH-CLOSURE,"E993-PAIR-PATH-CLOSURE: Closure proved exactly for paths P_n, all n (infinite family) -- the run's strongest single family result, incl. path log-concavity via the elementary factorial identity.",verified,r20 C3-GATE-RECORD Sec2
R20-C3-ALPHA-FLOOR,"E993-PAIR-ALPHA-FLOOR: Alpha floor: for every forest F on n vertices, alpha(F)>=ceil(n/2) (bipartiteness). A statement about the independence number and vertex count, not about mode(i(F)) -- registered under the serendipity clause.",verified,r20 C3-GATE-RECORD Sec2
R20-C4-S-NEG1-WINDOW-REDUCTION,"E993-PAIR-S-NEG1-WINDOW-REDUCTION: The s=-1 window-step identity (N1): at s=-1 (motion cell (1,0)) the window comparison reduces to two exact identities. Corollaries are exactly the registered R2 and R2'.",verified,r20 C4-GATE-RECORD Sec3 N1
R20-C4-R-LE-G-POINTWISE,"E993-PAIR-R-LE-G-POINTWISE: Pointwise domination r<=g (N2): for any graph G with a leaf/support pair (v,u), i(G-N[v])<=i(G-{v}) coefficientwise, by induced-subgraph monotonicity. Net kills at the net-zero chain's terminus are ZERO -- the sign-and-domination route to R2 is proved insufficient.",verified,r20 C4-GATE-RECORD Sec3 N2
R20-C4-BRANCH-FACTORIZATION,"E993-PAIR-BRANCH-FACTORIZATION: Branch factorization, FOREST-REPAIRED FORM (N3; beta' clause corrected at r20 C6 after the originally-registered clause was found mathematically false, 2,040/3,061 failures). The i(F-C(u)) factor is MANDATORY; the 'any graph' form is REFUSED and false in substance.",verified,r20 C4-GATE-RECORD Sec3 N3; r20 C6-GATE-RECORD Sec0/X2 (correction of record)
R20-C4-SPIDER-CLOSED-FORM,"E993-PAIR-SPIDER-CLOSED-FORM: General spider closed form (N4): i(Spider(l_1..l_K)) = prod q_{l_i} + x * prod q_{l_i-1}. MANDATORY SCOPE LINE: the closed form is a PROOF; the closure bound for general spiders is NOT proved. The run's broadest family theorem; subsumes STAR-CLOSURE, PATH-CLOSURE, and Broom(m,l) at every (m,l).",verified,r20 C4-GATE-RECORD Sec3 N4
R20-C4-CATERPILLAR-TRANSFER,"E993-PAIR-CATERPILLAR-TRANSFER: General caterpillar transfer recursion (N5) along the spine, arbitrary tooth vector incl. interior zeros. MANDATORY SCOPE LINE: the recursion is a PROOF; no closure bound for general caterpillars is proved.",verified,r20 C4-GATE-RECORD Sec3 N5
R20-C4-RANK2-EXACT,"E993-PAIR-RANK2-EXACT: Rank-2 exactness (N6): g_2=C(g_1-1,2) exactly when the leaf-deleted object is CONNECTED (tree face); on the forest face only the inequality survives.",verified,r20 C4-GATE-RECORD Sec3 N6
R20-C4-RANK3-TREE-SANDWICH,"E993-PAIR-RANK3-TREE-SANDWICH: Rank-3 tree sandwich (N7): C(n,3)-(n-2)^2 <= i_3 <= tree maximum, TREE face only; corrected lower endpoint (the C4 route deliverable's printed endpoint was wrong by exactly 1, violated by the path).",verified,r20 C4-GATE-RECORD Sec3 N7
R20-C4-RANK3-FOREST-MAX,"E993-PAIR-RANK3-FOREST-MAX: Rank-3 forest maximum (N8): i_3 <= C(n,3)-(n-c)(n-2)+C(n-c,2), all forests, all (n,c).",verified,r20 C4-GATE-RECORD Sec3 N8
R20-C4-RANK3-FOREST-MIN,"E993-PAIR-RANK3-FOREST-MIN: Rank-3 forest minimum, GENERAL (N9): i_3 >= C(n,3)-(n-c)(n-2)+max(n-2c,0), all forests, all (n,c), no regime restriction.",verified,r20 C4-GATE-RECORD Sec3 N9
R20-C5-FM-LEMMA,"E993-PAIR-FM-LEMMA: Lemma FM (N1): for integer sequences g,r and f:=g (+) shift(r), if M is an argmax of f then r_{M-1}-r_M >= g_{M+1}-g_M. No unimodality/nonnegativity/zero-extension/s-value/realizability hypothesis used. MANDATORY: narrows T2, does not resolve it, silent on T1/R2.",verified,r20 C5-GATE-RECORD Sec3 N1
R20-C5-R-LOGCONCAVE-RATIO-BOUND,"E993-PAIR-R-LOGCONCAVE-RATIO-BOUND: Cleared ratio bound (N2, total, division-free), conditional on r's log-concavity. MANDATORY: does NOT imply T1 in general (degenerates/fails when r_M*c <= b*(b-c)); sharpness attained at a non-degenerate witness.",verified,r20 C5-GATE-RECORD Sec3 N2
R20-C5-EDGE-JOIN-COMPOSITION,"E993-PAIR-EDGE-JOIN-COMPOSITION: Edge-join composition law, PAIR FORM (N3; repaired at r20 C6): for realizable leaf pairs, K2 is the forced atom; every leaf-marked tree reachable by edge-peeling at the support. GENERAL LAW form verified for any two graphs/marked vertices, no leaf/tree/forest/acyclicity hypothesis. FOUR REFUSALS OF RECORD bind (the f' formula, f^(2), MANDATORY CONDITION 2, and the any-two-rooted-graphs scope may none be altered).",verified,r20 C5-GATE-RECORD Sec3 N3; r20 C6-GATE-RECORD Sec0 (repair to the pair form; the C5 text may not be cited)
R20-C5-LOGCONCAVE-DOMINATED-R2-CONJECTURE,"E993-PAIR-LOGCONCAVE-DOMINATED-R2-CONJECTURE: REFUTED CONJECTURE (mechanism fence): 'g,r log-concave, no internal zero, r<=g pointwise, s=-1 implies h has strict unique mode at M+1' is FALSE -- minimal witness g=(1,2,3,3),r=(1); fully non-degenerate witness g=(4,8,10,10),r=(4,2,1). Mechanism tier only, abstract sequence objects with no forest order; NEVER a target event. Registered REFUTED as a fence against re-proposal.",refuted_mechanism,r20 C5-GATE-RECORD Sec1 RUL-R20-C5-1; Sec3
R20-C6-GENERATION-THEOREM,"E993-PAIR-GENERATION-THEOREM: GENERATION THEOREM FOR REALIZABLE TRIPLES: the realizable set is EXACTLY the closure of one atom {K2} under two laws (EDGE-JOIN, DISJOINT-UNION) at EVERY order -- unbounded, re-derived and re-executed (case-2 induction over every neighbour, 20,038/20,038). GENERATIVE, NOT RECOGNITIONAL: OB-R20-REALIZE is explicitly NOT discharged by this row. Five mandatory scope lines bind.",verified,r20 C6-GATE-RECORD Sec1
R20-C7-BROOM-DOMINATION,"E993-PAIR-BROOM-DOMINATION: Broom(m,l) domination theorem (G2, registered at the fourth assembly attempt): for every fixed l>=0 there is a finite M(l) such that for every m>=M(l), the Broom(m,l) sequence h is unimodal. FIXED l ONLY (simultaneous multi-leg growth refutation stands). Strengthened at r20 C8: M(l)=Gamma(l)+1 PROVED for l>=10, honest residue EMPTY.",verified,r20 C7-GATE-RECORD Sec1 N1; r20 C8-GATE-RECORD Sec1 (strengthened)
R20-C8-K2-GRAFT-PRESERVATION,"E993-PAIR-K2-GRAFT-PRESERVATION: K2-graft conditional preservation theorem (the run's one real preservation result, N1): for a leaf-marked forest at the s=-1 stratum with measured quad (1,0,0,2) and weakly unimodal f1,g1,r1,h1 (induction hypothesis), the K2-graft preserves the window box -- margin_B>=1 UNCONDITIONAL at the stratum; margin_A>=0 from the SINGLE named unproved premise P-CASE-I. STRICTLY SUB-CHARTERED: the K2 atom of ONE law, ONE stratum. FIREWALL: never consumes target-implying LEAFDRIFT-01. P-CASE-I: unproved, unrefuted, survived attack at every scope attempted.",conditional,r20 C8-GATE-RECORD Sec0-Sec1 N1
R20-C8-GENERAL-L-DOMINATION,"E993-PAIR-GENERAL-L-DOMINATION: General-L multi-background domination theorem (N2): for every finite nonempty leg multiset L (entries>=1) and every m>=M(L), the Spider(1^m,L) sequence h is dominated/unimodal -- closed by the one-sentence peel alone plus substitution into BROOM-DOMINATION, every link cited, none re-proved. Fixed finite L only; mechanism tier entirely.",verified,r20 C8-GATE-RECORD Sec1 N2
R23-ACTUAL-CONSTRUCTION,"E993-R19-FIXED-GAMMA-HALL auxiliary: the literal fixed Delete/Retag source and target sets and maps are instantiated on ordinary finite trees, with target typing, left-totality on the stated activated coordinates, and local multiplicities",proved_informal,Cycle 1 Stage 6 retained construction package; named r19 C2 activation fidelity remains unestablished
R23-COEFFICIENT-CORRESPONDENCE,"E993-R19-FIXED-GAMMA-HALL auxiliary: the tagged actual-tree cardinality identity |P|-|N| equals the complete favorable-leaf aggregate S(T,p)",proved_informal,Cycle 1 Stage 6 retained exact C_r and tagged-cardinality derivation; not Lean-verified
R23-RELATION-IMPLICATION,E993-R19-FIXED-GAMMA-HALL auxiliary: literal Hall implies full demand |P|<=|N| and hence E993-BETA-AGG; the exact aggregate target is |P|<=|N| and is weaker than Hall,proved_informal,Cycle 1 Stage 6 retained implication and strict mechanism-versus-target separation
R23-ACTUAL-DEFICIENCY,E993-R19-FIXED-GAMMA-HALL: universal all-cut Hall for the literal actual-tree fixed Delete/Retag relation,refuted,"Cycle 1 T22 order-91 rank-34 no-branch-center cut: |X|=1020660578375268831042, Gamma(X) subset Y, |Y|=1006434057637648542672, deficit at least 14226520737620288370; exact informal proof and independent computations"
R23-AGGREGATE-CONTROL,E993-BETA-AGG: mandatory actual-tree aggregate controls and exact evaluator chain are reproduced without treating bounded zeros as proof,verified_bounded_computation,Cycle 1 exact evaluator; T22 aggregate -498754180547001418536 and T60 aggregate -1058142362147652597702654588268394677176033202323316960380; universal aggregate remains open
R23-HEADLINE-AGG,E993-BETA-AGG: the complete favorable-original-leaf aggregate is nonpositive on every governed ordinary finite tree and admitted rank,still_open,Cycle 1 found no positive complete aggregate; the Hall mechanism is refuted and cannot establish this target
R23-STAGE7-T22-Z-CERT,"E993-R19-FIXED-GAMMA-HALL auxiliary: Z(22,34)=1020660578375268831042, Z(22,33)=1006434057637648542672, and Z(22,33)<Z(22,34) for the frozen no-center closed-form formula",formally_verified,"Governed Lean 4.32.2 workflow; theorem contract, independent informal audit, kernel and axiom receipt, independent fidelity match; arithmetic certificate only, not the actual-tree counting bridge or headline refutation"
R23-C1-BRIDGE1,|C_r(v)| = i_r(H_v) - i_r(H_v - W_v) via the explicit avoidance bijection,proved_informal,erdos-993-delete-retag-actual-dre-2026-09-13 (r23b) C1; T5 F1; ADJ-T T5.2; SYN L-01
R23-C1-BRIDGE2,"|P| - |N| = S(T,p) on every governed tuple; F empty => S=0",proved_informal,erdos-993-delete-retag-actual-dre-2026-09-13 (r23b) C1; T5 F2; ADJ-T T5.3; SYN L-02
R23-C1-RETAG-DOMAIN,"Lemma L1: A independent, w in A, {w,s_w} in E(T) => s_w notin A; hence Dom(Retag) exact and the two r19 readings extensionally identical - reading question CLOSED",proved_informal,erdos-993-delete-retag-actual-dre-2026-09-13 (r23b) C1; T5 L1; F2 concurring; ADJ-T D-1; ADJ-U D1; CRIT-9 Prop A
R23-C1-SIMPLE,"(P,N,Delete union Retag) is a plain bipartite graph - no multi-edges, every governed tuple",proved_informal,erdos-993-delete-retag-actual-dre-2026-09-13 (r23b) C1; U1 F2; CRIT-9 Prop B; ADJ-U D2; SYN L-06
R23-C1-COMPENSATION,"|Gamma(X)| = Sum|Delete-img| + Sum|Retag-img| - C(X) with C(X) the CROSS-FAMILY collision count; A(X)>=C(X) iff Hall on X; U4 sec6 form and CRIT-6 primary repair both REFUTED (336/8681 governed rows, witness K_{1,6}+pendant n=8 p=5)",proved_informal,erdos-993-delete-retag-actual-dre-2026-09-13 (r23b) C1; CRIT-6 U4-1; ADJ-U 3.3; SYN L-08/RC-07; control/c1-registrar-verification-receipt.json
R23-C1-OPENFACE-ZERO,"Open face 2p<n: deficiency 0 on all 2537 computed rows (exhaustive trees to order 16, paths to n=100); 5 rows scale-limited (S negative, deficiency uncomputed); all computed open-face rows have P nonempty",verified_bounded_computation,erdos-993-delete-retag-actual-dre-2026-09-13 (r23b) C1; F1 (Finding 2 as REPAIRED by ADJ-F R-2); F3; CRIT-4
R23-C1-DELETE-ONLY-OPEN,NO Delete-only Hall failure exists at any searched scope incl. the open face - contrary to the charge's expectation; r19 Thm 3.1 independently proof-read VALID and its inequality (3.1) is per-rank universal,verified_bounded_computation,erdos-993-delete-retag-actual-dre-2026-09-13 (r23b) C1; F3; ADJ-F; SYN
R23-C1-R22-P0-CONTRA,"r22 pair-overlap capacity route P0 (K_pair<=A) CONTRADICTED at S=P on four actual-tree star rows (504>448, 5040>3000, 39600>17820, 270270>98098); refutes that capacity route only - never Hall, never O14",verified_bounded_computation,erdos-993-delete-retag-actual-dre-2026-09-13 (r23b) C1; F6 sealed data; CRIT-8 F6-2; ADJ-F D-6; SYN RC-10
R23-C1-ELIGIBILITY-HAZARD,"Eligibility-blind evaluation manufactures false positives: S=+16 on a real tree at p=2<x+2 and S=+49 on a forest below floor, BRIDGE-2 still holding - standing hazard notice",verified_bounded_computation,erdos-993-delete-retag-actual-dre-2026-09-13 (r23b) C1; F2 F4; ADJ-F; SYN RC-09
R23-C1-RANK2-IDENTITY,"g_2(T-{v,s_v}) = C(n-3,2)+deg_T(s_v)-2 for every tree n>=3 and leaf v; registered r20 form equals it iff deg(s_v)=2 iff T-{v,s_v} connected; c(T-{v,s_v})=deg(s_v)-1; forest law i_2(S)=C(i_1(S)-1,2)+c(S)-1",proved_informal,erdos-993-delete-retag-actual-dre-2026-09-13 (r23b) C1; CRIT-2; ADJ-T; ADJ-F R-1; SYN RC-04
R23-C1-RTREE-PREMISE,"RTree.semanticAdequacyTarget stated/unproved/unattempted (r11-r18, 12 copies); per-instance adequacy decide-dischargeable (r8 precedent); universal statement is the gap; D9 anchor CLAIM-IDENTITY.json:217",proved_informal,erdos-993-delete-retag-actual-dre-2026-09-13 (r23b) C1; U2 F2; CRIT-7; ADJ-U; ADJ-T CR-4; SYN RC-11
R23-C1-NUMERIC-CORRECTIONS,Provenance/numeric corrections: order-91 aggregate absent from registry text; order-243 pinned by the audit companions; |P| at n=252 = 1195467554547486049348138233390178770894050423870400 (~1.195e51 not 1.2e54); 280393 not 280392; F6 k=6 deficiency 0 under run convention,verified_bounded_computation,erdos-993-delete-retag-actual-dre-2026-09-13 (r23b) C1; ADJ-T/U; SYN RC-12/RC-13
R23-C2-01,THM_R23_B_bridge1: ((G.C v r).card : ℤ) = (G.iOn (G.Hcarrier v) r : ℤ) − (G.iOn (G.removedClosedNbhdCarrier v) r : ℤ),verified,erdos-993-delete-retag-actual-dre-2026-09-13 (r23b) C2; ADJ-T §3 C2-T2 F-1 retained; headline retained_narrowed to C1-T6-encoding scope
R23-C2-02,"THM_R23_B_bridge2: \P\ − \N\ = S(T,p) at the encoding's ranks",verified,erdos-993-delete-retag-actual-dre-2026-09-13 (r23b) C2; ADJ-T §3 C2-T2 F-2 retained; same narrowing
R23-C2-03,"THM_R23_A re-stated and proved: well-definedness of the §3 data, Delete/Retag totality on their exact domains, every edge lands in N",verified,"erdos-993-delete-retag-actual-dre-2026-09-13 (r23b) C2; ADJ-T CR-T-2 (clause (4) narrowed to (4a); charge item ""multiplicity/simplicity"" NOT discharged by T1), §3 C2-T1 F-1…F-8, §5.1"
R23-C2-04,"lc4_retag_domain: for any SimpleGraph G, finite A pairwise non-adjacent, w ∈ A, G.Adj w s ⟹ s ∉ A",verified,erdos-993-delete-retag-actual-dre-2026-09-13 (r23b) C2; ADJ-T §3 C2-T3 LC-4 retained; F-1 axiom claim rejected
R23-C2-05,lc5_delete_domain: the activity characterization (A\{q}) ∩ W = ∅ ↔ A ∩ W = {q} given (A ∩ W).Nonempty,partial,erdos-993-delete-retag-actual-dre-2026-09-13 (r23b) C2; ADJ-T §3 C2-T3 LC-5 retained_narrowed
R23-C2-06,"lc6_simple: no multi-edges out of a single source (v,A) with v ∉ A",verified,"erdos-993-delete-retag-actual-dre-2026-09-13 (r23b) C2; ADJ-T CR-T-2, D-1 (T1-vs-T3 resolved for T3 at narrowed scope)"
R23-C2-07,lc7_compensation_cross_family_only(_add): the two Lean propositions,verified,"erdos-993-delete-retag-actual-dre-2026-09-13 (r23b) C2; ADJ-T CR-T-1: propositions RETAINED, identification RETAINED_NARROWED"
R23-C2-09,"THM-R23-C: all-cut Hall ⇒ injection ⇒ \P\ ≤ \N\ ⇒ S(T,p) ≤ 0, with the all-cut-vs-complete-demand distinction in the statement",proved_informal,"erdos-993-delete-retag-actual-dre-2026-09-13 (r23b) C2; ADJ-T §3 C2-T4b retained, dependency narrowed as a strengthening; §2 table"
R23-C2-10,The mechanism claim and the target claim DO diverge on a governed row — realized,verified_bounded_computation,"erdos-993-delete-retag-actual-dre-2026-09-13 (r23b) C2; ADJ-T CR-T-3 (CRIT-5's OPEN narrowing overruled, recorded correct-at-the-time); ADJ-F §1.2; ADJ-U C-INTAKE-1/2"
R23-C2-11,"All-cut Hall is strictly stronger than \P\ ≤ \N\, and false, while the single-cut demand survives",verified_bounded_computation,erdos-993-delete-retag-actual-dre-2026-09-13 (r23b) C2; ADJ-T §2 table retained and demonstrated; ADJ-U U2-D7
R23-C2-12,"The universal Delete-only Hall statement is REFUTED, not open, at literal ordinary-tree scope",refuted_mechanism,erdos-993-delete-retag-actual-dre-2026-09-13 (r23b) C2; ADJ-U C-INTAKE-2 (ruled load-bearing on U2-D4); ADJ-F §1.2 confirms the inference
R23-C2-13,"Lemma F1-EXT-1: if every A ∈ C_p(v) has \A ∩ W_v\ ≥ 2, within-tag Delete-only Hall holds at 2p ≥ n−1",proved_informal,erdos-993-delete-retag-actual-dre-2026-09-13 (r23b) C2; ADJ-F §4.1 F1-1 retained; §7 clause-2 disjunct 1
R23-C2-14,"REJECTED: F1's [proved]-tier ""hard ceiling"" — that single-step-deletion double counting cannot certify Hall below 2p = n−1",verified_bounded_computation,"erdos-993-delete-retag-actual-dre-2026-09-13 (r23b) C2; ADJ-F CR-F-1, ADJ-F-3, ADJ-F-4. F1's eight ""exact non-vacuous target"" rows are all closed affirmatively"
R23-C2-15,"The named finite obstruction replacing F1's closed rows: is there a structural lower bound on \N(B) \ B\ for active (p−1)-sets B in H_v — equivalently, can E = max_{B ∈ C_{p−1}(v)} #{u : B ∪ {u} ∈ C_p(v)} exceed p−1 on a governed row?",verified_bounded_computation,erdos-993-delete-retag-actual-dre-2026-09-13 (r23b) C2; ADJ-F CR-F-1 consequential correction; §7 clause-2 disjunct 3; ADJ-F §7 priority 2
R23-C2-16,W_v = ∅ ⟺ the leaf's component is exactly K_2; the degeneracy never reaches F_p(T),proved_informal,erdos-993-delete-retag-actual-dre-2026-09-13 (r23b) C2; ADJ-F §4.2 F2-1 retained; independently re-derived by a critic
R23-C2-17,"TRIVIAL vs ACTIVE empty C_p(v): C1-F2's order-7 witness is TRIVIAL (H_v ≅ P_5, i_4(P_5) = C(2,4) = 0); the first ACTIVE instance is at order 8 (v=1, s_v=7, W_v={5}, i_5(H_v)=1, C_5(v)=∅ by the filter)",proved_informal,"erdos-993-delete-retag-actual-dre-2026-09-13 (r23b) C2; ADJ-F §4.2 F2-4 retained — ""the route's strongest and most durable finding""; D-4 resolved for F2"
R23-C2-18,Cross-component Retag is realized on forests,verified_bounded_computation,erdos-993-delete-retag-actual-dre-2026-09-13 (r23b) C2; ADJ-F §4.2 F2-6b retained
R23-C2-19,"x(forest) is not bounded by min(x₁,x₂) ≤ x_F ≤ x₁+x₂",partial,erdos-993-delete-retag-actual-dre-2026-09-13 (r23b) C2; ADJ-F §4.2 F2-6d retained_narrowed
R23-C2-20,"Census: max deficiency 0 on all 3,777 nonempty-P rows — full-Hall (König) and tag-closed (literal 2^{\F\}) — over all non-isomorphic trees orders 3–13, p ∈ {x+2, x+3, x+4}; separations_found = 0",verified_bounded_computation,erdos-993-delete-retag-actual-dre-2026-09-13 (r23b) C2; ADJ-F §4.3 F3-3 retained; scope independently confirmed complete
R23-C2-21,"REJECTED as stated: ""no governed row of the literal relation has ever exhibited a Hall-deficient cut of any kind"", up to order 64",verified_bounded_computation,erdos-993-delete-retag-actual-dre-2026-09-13 (r23b) C2; ADJ-F §4.3 F3-6
R23-C2-22,"F3's question ""does there exist ANY governed row with a Hall-deficient cut at all?"" is well-posed and ANSWERED: YES, at order 91",verified_bounded_computation,"erdos-993-delete-retag-actual-dre-2026-09-13 (r23b) C2; ADJ-F §4.3 F3-7 — ""the single highest-value item F3 produced: it named the right question one cycle before the answer arrived"""
R23-C2-23,"The Kruskal–Katona hub family's shadow claim holds for every even x ≥ 4, with no ceiling",proved_informal,"erdos-993-delete-retag-actual-dre-2026-09-13 (r23b) C2; ADJ-F §4.3 F3-4 — ""F3 left a provable statement as a bounded computation and then mis-stated the trend in its own favour"""
R23-C2-24,The r22 P0 pair-overlap capacity route K_pair(S) ≤ A(S) FAILS on 15 actual rows at S = P,verified_bounded_computation,"erdos-993-delete-retag-actual-dre-2026-09-13 (r23b) C2; ADJ-F §4.6 F6-2/3/4 retained, F6-5 retained — ""the model statement of the cycle"""
R23-C2-25,Scope fence on R23-C2-24's rows: F6 computed no matching and no deficiency on any of its 15 rows,partial,erdos-993-delete-retag-actual-dre-2026-09-13 (r23b) C2; ADJ-F §4.6 F6-5′ retained_narrowed
R23-C2-26,"Handoff bar: any future capacity-style proof routing payment through a subset-indexed nonnegative per-target scheme must clear a bar that fails broadly, with or without shared support, given enough width",verified_bounded_computation,erdos-993-delete-retag-actual-dre-2026-09-13 (r23b) C2; ADJ-F §4.6 F6-9 retained; carry into the mathematics-agent handoff
R23-C2-27,Every finite nonempty tree is realized by some RTree (the converse of semanticAdequacyTarget),partial,erdos-993-delete-retag-actual-dre-2026-09-13 (r23b) C2; ADJ-F §4.4 F4-3 retained_narrowed; tier assigned by ADJ-F
R23-C2-28,"REJECTED: F4's verdict that both directions of semanticAdequacyTarget are TRUE with ""no located counterexample or obstruction on either side"", and that it is ""not an open mathematical question""",verified_bounded_computation,"erdos-993-delete-retag-actual-dre-2026-09-13 (r23b) C2; ADJ-F §4.4 F4-5, F4-6, F4-2, F4-9"
R23-C2-29,SOLUTION-CONTRACT.md §6 mandatory control battery: every named category PASSED; no instrument failed a control; the escalation clause is not triggered,verified_bounded_computation,erdos-993-delete-retag-actual-dre-2026-09-13 (r23b) C2; ADJ-F §4.5 net ruling + ADJ-F-6. Contested by ADJ-U U6-F6 — see §6.1
R23-C2-30,"REJECTED: F5b's methodological claim that ""the comparison target is read from sealed evidence, never typed from memory"", and make_replay_receipt.py as evidence for byte-identical replay",verified_bounded_computation,"erdos-993-delete-retag-actual-dre-2026-09-13 (r23b) C2; ADJ-F §4.5 F5b-7′, F5b-12; D-8"
R23-C2-31,"RC-04 rank-two identity: i_2(T−{v,s_v}) = C(n−3,2) + deg_T(s_v) − 2 for every tree n ≥ 3 and leaf v; guard: the registered form holds iff deg(s_v) = 2 iff T−{v,s_v} is connected; c(T−{v,s_v}) = deg_T(s_v) − 1; forest law i_2(S) = C(i_1(S)−1,2) + c(S) − 1",proved_informal,erdos-993-delete-retag-actual-dre-2026-09-13 (r23b) C2; ADJ-U §4.5 U5-D2…D6 retained; ADJ-F A1.2 / R-1 concurrence; ADJ-F §4.5 F5b-11
R23-C2-32,"RC-08 premise survives the registry mutation: neither predecessor row is a registry claim_key, and the MINDEF/MINIMAL-DEFICIENT hit list is still empty at 80 claims",verified_bounded_computation,"erdos-993-delete-retag-actual-dre-2026-09-13 (r23b) C2; ADJ-U §4.5 U5-D9, U5-D10 retained; R-C2(b)"
R23-C2-33,"RC-04b (NEW, alias hazard): E993-R19-FIXED-GAMMA-HALL's alias_patterns entry ""Delete/Retag.Hall"" matches the new REFUTED literal-ordinary-tree row",refuted_mechanism,"erdos-993-delete-retag-actual-dre-2026-09-13 (r23b) C2; ADJ-U C-INTAKE-6 / U5-D11, new at that seat. Ashton-gated proposal. No status moved"
R23-C2-34,The order-91 witness row's aggregate carries three-instrument agreement inside this run's own sealed record,partial,"erdos-993-delete-retag-actual-dre-2026-09-13 (r23b) C2; ADJ-U C-INTAKE-5 (positive yield) + U6-F2/F3 retained_narrowed — ""the evidence JSON is honest; the RETURN prose is not"""
R23-C2-36,"Row atlas: 460 (tree,p) instances, 56 relation-bearing, 404 degenerate; BRIDGE-2 exact on all 460, 0 violations; zero Retag-domain exclusions",verified_bounded_computation,erdos-993-delete-retag-actual-dre-2026-09-13 (r23b) C2; ADJ-U §4.3 U3-F1/F3/F6/F7 retained
R23-C2-37,Fence on R23-C2-36: the atlas publishes no Hall deficiency verdict and no cut data on any relation-bearing row,verified_bounded_computation,"erdos-993-delete-retag-actual-dre-2026-09-13 (r23b) C2; ADJ-U §4.3 U3-F8, U3-F2"
R23-C2-38,"Interior-p inspectable rows: three relation-bearing non-star rows with live Retag, plus one empty-relation instance",verified_bounded_computation,erdos-993-delete-retag-actual-dre-2026-09-13 (r23b) C2; ADJ-T §3 C2-T5 F-1…F-5
R23-C2-39,Mathlib Hall/matching API fit at the pin: prefer the primed Finset.all_card_le_biUnion_card_iff_existsInjective'; no packaged defect-Hall or bipartite König exists at the pin,verified_bounded_computation,erdos-993-delete-retag-actual-dre-2026-09-13 (r23b) C2; ADJ-T §3 C2-T4b §3 retained; §2 table
R23-C2-40,"The live fork for C3: ""Hall may not be the right tool — an explicit injection needs no subset-quantified hypothesis""",verified_bounded_computation,erdos-993-delete-retag-actual-dre-2026-09-13 (r23b) C2; ADJ-T §3 C2-T4b retained; §5.3 recommended C3 aim (iii)
R23-C2-41,Source fidelity: SEMANTIC-CONTRACT.md §3 verifies term-for-term against r19 c7-T1 §2 (ASCII-vs-Unicode only); the canonical registered claim text is verbatim-identical across all 7 citing CLAIMS.csv rows,verified_bounded_computation,"erdos-993-delete-retag-actual-dre-2026-09-13 (r23b) C2; ADJ-T §3 C2-T6b F-4, F-2 retained; two integer citations rejected"
R23-C2-42,A1.1's occurrence parenthetical is inaccurate; A1.1's operative premise is RETAINED IN FULL and BINDING,verified_bounded_computation,"erdos-993-delete-retag-actual-dre-2026-09-13 (r23b) C2; ADJ-T §3 C2-T6b F-1, D-4"
R23-C2-43,"Standing-duty interpretive ruling (duty 3, wall-clock): the duty is discharged by LOCATION — outside evidence/ and outside every hashed manifest — never by filename; it reaches the RETURN.md's own evidence-inventory table, since the RETURN is a sealed member of the stage manifest; verbatim quotation of an already-sealed timing literal as finding content is exempt and must be declared inside the hashed artifact",verified_bounded_computation,erdos-993-delete-retag-actual-dre-2026-09-13 (r23b) C2; ADJ-F CR-F-2 / ADJ-F-5 (reach) + ADJ-U §6.3 (symmetric carve-out). Convergent; adopt the union — see §6.5
R23-C2-44,"Standing-duty violation (duty 2, replay paths): U3 and U6 wrote __pycache__ into sealed trees",verified_bounded_computation,"erdos-993-delete-retag-actual-dre-2026-09-13 (r23b) C2; ADJ-U §6.2. Remedy binding on C3: copy scripts out of the sealed tree first, or PYTHONDONTWRITEBYTECODE=1 with an absolute path"
R23-C2-45,Instrument caveat: envelope_audit.py must not be adopted as the C3 standard without an extension fix and a declared blind-spot list,verified_bounded_computation,"erdos-993-delete-retag-actual-dre-2026-09-13 (r23b) C2; ADJ-U §4.4 U4-F3, U4-F4, U4-F6, U4-F11"
R23-C2-46,Topology defect (controller scope): three of nine C2 critic seats each audited one same-orientation target,verified_bounded_computation,erdos-993-delete-retag-actual-dre-2026-09-13 (r23b) C2; ADJ-F §6 / ADJ-F-2. C3 remedy: mechanical pre-dispatch lint of the 36-critic plan against declared stances
R23-C2-47,"Isolation: two self-disclosed breaches, both credited for disclosure, both charged",verified_bounded_computation,erdos-993-delete-retag-actual-dre-2026-09-13 (r23b) C2; ADJ-F §3; ADJ-U R-C1
R23-C2-48,"Correct conduct, zero fault, preserved: routes T4, T6 and F5 STOPPED on the Incident-A Stage-1 amendment-trail mismatch exactly as dispatched",verified_bounded_computation,erdos-993-delete-retag-actual-dre-2026-09-13 (r23b) C2; ADJ-T §3 stubs; ADJ-F CR-F-6 + process note
R23-C2-49,"Cross-portfolio agreement obtained without contact: U1's broom(handle=3,bristles=6) at p=6 and F6's broom_L=2_b=6 are the same 9-vertex tree, and two independently written instruments in two isolated routes agree exactly",verified_bounded_computation,erdos-993-delete-retag-actual-dre-2026-09-13 (r23b) C2; ADJ-U §5.5
R23-C2-50,No decisive event was produced by any r23 route in C2,verified_bounded_computation,"erdos-993-delete-retag-actual-dre-2026-09-13 (r23b) C2; ADJ-T §3 T5, ADJ-F §4.6 F6-6, ADJ-U §9"
R23B-C3-F1-01,"The order-91 no-branch-center cut is MIXED — 66 satellite slices properly cut, the arm slice wholly inside (forced: W_{a2} = {h}, h adjacent to every center)",proved_informal,"erdos-993-delete-retag-actual-dre-2026-09-13 (r23b) C3; retained — ADJ-F §7/F1, §3.4, digit-exact against receipt-2 and three independent critic legs plus ADJ-F's own"
R23B-C3-F1-02,"""Deficiency does NOT localize to a single tag; mixing is essential""",partial,"erdos-993-delete-retag-actual-dre-2026-09-13 (r23b) C3; retained_narrowed — ADJ-F §3.1, §7/F1, with CRIT-F1-U's closed form recorded as a C3 refinement. This narrowing is what dissolves the apparent F1/F4 conflict"
R23B-C3-F3-01,The one-step within-tag double count (p−1)X ≤ E·D_v(X) fails to certify X ≤ D_v(X) on the order-17 row and on the order-28 margin row,partial,"erdos-993-delete-retag-actual-dre-2026-09-13 (r23b) C3; retained_narrowed — ADJ-F §4.1. Must not be registered with the unqualified verb ""kills"". Sharpening adopted: on tag v=0 of T\ the actual degrees still close the count; what fails is the r19 generic constants (p−1 vs n−p−1) once n ≥ 2p+1"
R23B-C3-F3-02,"The design-space law: E ≤ n−p−1 for every target on every row; hence E ≤ p−1 always on 2p ≥ n, and E > p−1 forces n ≥ 2p+1",proved_informal,"erdos-993-delete-retag-actual-dre-2026-09-13 (r23b) C3; retained as exact — ADJ-F §4.4, ""the strongest retained item in the F portfolio"". Corroborated 0 violations over all trees of order ≤ 14 (35,394 governed rows, CRIT-F3-T) and all 2,192 scan rows (CRIT-F3-U); independently re-derived by CRIT-T5-U (B ⊆ N_{H_v}[B], V(H_v) = n−2). Consistent with both witnesses: 17 = 2·8+1 exactly; 16 ≥ 2·7+1 with slack"
R23B-C3-F4-01,W4 (tag-closed-cut Hall) SURVIVES the C3-F4 screen — the only one of seven weakenings to pass all three bars,proved_informal,"erdos-993-delete-retag-actual-dre-2026-09-13 (r23b) C3; retained, and strengthened — ADJ-F §3.2, §7/F4"
R23B-C3-F4-01a,"No tag-closed cut on the order-91 row is deficient, over all 2^67 — W4's remaining-proof item 1, discharged for that row only",verified_bounded_computation,"erdos-993-delete-retag-actual-dre-2026-09-13 (r23b) C3; retained — ADJ-F §3.3, and ADJ-F §8 item 1 upholds the scope-import hazard against recording it under F1's name. Items 2–4 stand: the general theorem is OPEN and is now known to require cross-tag Retag flow (at k=22 the arm tag's Delete image C(66,32) is smaller than the tag itself); a proved W4 yields exactly per-row P ≤ N = the O14 row via BRIDGE-2, never O14"
R23B-C3-F4-02,"W1, W2, W3, W5 KILLED; W6 screened out as not-a-mechanism; W7 fails bar (iii)",proved_informal,erdos-993-delete-retag-actual-dre-2026-09-13 (r23b) C3; retained (W2 retained_narrowed) — ADJ-F §7/F4. Recording W6 so no later seat re-proposes it is endorsed
R23B-C3-T1-01,"support v = s_v: existence, uniqueness, and nbrs v = {support v} for degree-one v",verified,"erdos-993-delete-retag-actual-dre-2026-09-13 (r23b) C3; retained — ADJ-T §3/T1. Sorry-free; axioms ⊆ [propext, Classical.choice, Quot.sound]; byte-identical replay on both critic seats; corroborated on 1,420,298 governed rows (CRIT-T1-U) and all labeled trees orders 2–8 plus every graph on ≤5 vertices (CRIT-T1-F) — bounded zeros, corroboration only"
R23B-C3-T1-02,"xOf = x(T) (first strict descent): exists_first_descent, xOf_spec, eq_xOf_of_first_descent",verified,"erdos-993-delete-retag-actual-dre-2026-09-13 (r23b) C3; retained — ADJ-T §3/T1. Load-bearing for T1-03's rank floor, not decorative"
R23B-C3-T1-03,BRIDGE-1/2 landed as actual-tree statements,partial,"erdos-993-delete-retag-actual-dre-2026-09-13 (r23b) C3; retained_narrowed — ADJ-T §3/T1, concurrent critic findings. Any promoted row must carry an explicit R23-C1-ELIGIBILITY-HAZARD cross-reference (S = +2 on P5 and S = +6 on K_{1,3} at the ungoverned p=1, BRIDGE-2 holding)"
R23B-C3-T2-01,"The Lean merge: LC-1/LC-2/LC-3 sorry-free together in one artifact; 72 declarations, zero sorryAx; 57/8/7 axiom-set partition",verified,"erdos-993-delete-retag-actual-dre-2026-09-13 (r23b) C3; retained — ADJ-T §3/T2. First sealed artifact in the run with zero sorryAx over the union, at that exact scope. See R23B-C3-T2-02 for the debt it creates"
R23B-C3-T2-02,"C3-T2's headline ""MERGE EXECUTED — the merge debt (ADJ-T D-2) is discharged""",partial,"erdos-993-delete-retag-actual-dre-2026-09-13 (r23b) C3; retained_narrowed — ADJ-T R-C5, D-6, verified by ADJ-T directly from the sealed bytes. Compounding and sustained: the xOf existence lemma is ORPHANED — T2 deferred it to C3-T4, and C3-T4's return does not mention xOf at all (zero occurrences), so no seat owns it; it must be re-aimed at C4 explicitly. (Mitigation recorded: C3-T1's exists_first_descent proves exactly that claim sorry-free in a diffe"
R23B-C3-T3-01,"THM-R23-A completed: thirteen conjuncts — C2's (1),(2),(3),(4a),(4b),(4c),(5) byte-unchanged plus (4d) tag-not-in-active-set, (4e) cross-family target distinctness, (4f) Delete/Retag mutual exclusivity, (4g) per-edge Delete-label uniqueness, (6) P/N membership characterization, (7) block-disjointness cardinalities",partial,"erdos-993-delete-retag-actual-dre-2026-09-13 (r23b) C3; retained_narrowed — ADJ-T §3/T3, clause count verified by ADJ-T directly from sealed bytes. #print axioms = [propext, Classical.choice, Quot.sound], no sorryAx; byte-identical replay on both critics. ADJ-T D-1's placement ruling executed: (6)/(7) are inside the theorem, not satellite lemmas"
R23B-C3-T3-03,Multi-edges are unrepresentable by type in a Prop-valued edge encoding; (4d)–(4g) are the non-trivial residue,partial,erdos-993-delete-retag-actual-dre-2026-09-13 (r23b) C3; retained_narrowed — ADJ-T §3/T3
R23B-C3-T3-04,"In-domain inhabitation in the route's own evidence: DB(3,2), n=7, p=4: x=2, F_4={2,3,4,5,6}, P=5 (blocks 1+1+1+1+1), N=21 (5+5+5+3+3), S=−16=P−N, 18 Delete + 18 Retag edges",verified_bounded_computation,erdos-993-delete-retag-actual-dre-2026-09-13 (r23b) C3; retained — ADJ-T §3/T3
R23B-C3-T4-01,"LC-5 completed: lc5_independence_downward_closed, lc5_rank_decrement, lc5_delete_domain(_exact) re-landed with hq removed to match the R23-C2-05 narrowed clause verbatim",verified,"erdos-993-delete-retag-actual-dre-2026-09-13 (r23b) C3; retained — ADJ-T §3/T4. The two lemmas C2 called ""unformalized and unnamed"" are now both named and proved"
R23B-C3-T4-02,"lc5_dom_delete_complete = ""Dom(Delete) exact""",partial,erdos-993-delete-retag-actual-dre-2026-09-13 (r23b) C3; retained_narrowed — ADJ-T §3/T4. R23-C1-DELETE-DOMAIN is proved modulo an identification that is C3-T1's charge; T4 does not claim otherwise
R23B-C3-T4-03,LC-7 re-landed at ι := tags of N; lc7_tags_of_N(_pairs) with hDD/hRR/hDR discharged by the targets' first coordinate,partial,"erdos-993-delete-retag-actual-dre-2026-09-13 (r23b) C3; retained_narrowed — ADJ-T §3/T4. The Lean proof is what carries this claim, replaying sorry-free byte-identically on both critic seats — see R23B-C3-T4-04 for what does not carry it"
R23B-C3-T5-01,The smallest order in the charged bracket 17..91 with a governed E > p−1 row is 17; W17 preserved,partial,"erdos-993-delete-retag-actual-dre-2026-09-13 (r23b) C3; retained_narrowed — ADJ-T §3/T5. SOUND at exactly that bracket scope; must NEVER be cited as ""the smallest order at which the obstruction occurs"" — that value is 16. C3-F3's SPIDER-BLOCK(7,8) is the same tree up to relabelling, reached by disjoint means (ADJ-T D-2, ADJ-F §4.3)"
R23B-C3-T5-07,"The smallest order carrying a governed row with E > p−1 is 16, with witness T16 preserved exactly",partial,"erdos-993-delete-retag-actual-dre-2026-09-13 (r23b) C3; retained_narrowed — the lane's material obstruction result. ADJ-T R-C3 / §6 clause 2; ADJ-F §9(a) adopts it independently and re-derives every integer on its own instrument. Adjudicated twice re-verified: ADJ-T's own literal enumerator and ADJ-F's own instrument, over CRIT-T5-F's two. Registrable only as ""no smaller order found on two independent exhaustive sweeps""; never extrapolated. The order-1"
R23B-C3-T5-07a,"Structural datum: T16's witness block is MIXED (three co-leaves of s_v plus three leaves of a different hub), so E = 7 < n−p−1 = 8 — strictly inside the trivial ceiling; and 2p = 14 < 15 = n−1, strictly below both retained positive faces",proved_informal,"erdos-993-delete-retag-actual-dre-2026-09-13 (r23b) C3; retained — ADJ-T R-C3(1)(2) and ADJ-F §9(a)(i)(ii), reached independently and in the same terms. This is the part that should reach the mathematics agent"
R23B-C3-T6-01,"THM_R23_C_hall_discharged: HallCondition p → S p ≤ 0, proved via subtype re-indexing → Finset.all_card_le_biUnion_card_iff_existsInjective' → Function.extend → the injection form",verified,"erdos-993-delete-retag-actual-dre-2026-09-13 (r23b) C3; retained — ADJ-T §3/T6. Six fork declarations plus both bridge proofs on [propext, Classical.choice, Quot.sound], no sorryAx. This is the route's substantive new formalization, and it discharges a CONDITIONAL"
R23B-C3-T6-02,"C3-T6's ""no lemma strictly between the conditional and the target; the fork's earliest unproved lemma IS the per-row demand""",partial,"erdos-993-delete-retag-actual-dre-2026-09-13 (r23b) C3; retained_narrowed — ADJ-T R-C4, D-5. No face may cite T6's F-1 as closing LC-G or as evidence that the injection route is exhausted"
R23B-C3-U2-01,"The definitive alias-hazard census: 13 ordered REFUTED-involving hazard pairs at the 80-claim pin b57e7990…, union over both channels (regex alias_patterns + bare-alias substring), five fields, no alias-length filter",refuted_mechanism,"erdos-993-delete-retag-actual-dre-2026-09-13 (r23b) C3; retained as the adjudicated definitive census — ADJ-U RU-C2, reproducible from scratchpad/c3-adj-u/adj_u_census3.py. ADJ-F §6.2's 7-pair table is exactly the three-field substring restriction of this census and is contained in it — the two lanes do not conflict (§6, item 6). Both critics retained in full at their declared conventions; the divergence was one convention (minimum alias length admitte"
R23B-C3-U5-01,"The R23-C2-37 atlas defect is repaired: 492 rows, both values and Hall data on every row; 460/460 cross-instrument agreement with the sealed U3 evaluator on F-count, S, x(T), P, N, Delete and Retag edge counts; 56/20/384 split, all 56 deficiency 0; 32 frontier rows under a mechanically enforced pre-declared budget",verified_bounded_computation,"erdos-993-delete-retag-actual-dre-2026-09-13 (r23b) C3; retained — ADJ-U §3/U5-1, U5-2, U5-3"
R23B-C3-U5-02,The König data on the atlas,partial,erdos-993-delete-retag-actual-dre-2026-09-13 (r23b) C3; retained_narrowed — ADJ-U §3/U5-12
R23B-C3-U5-03,"retag_W_exclusions nonzero where U3's sealed retag_domain_exclusions reads 0 — ""a difference in what the two instruments COUNT, not a relation discrepancy""",proved_informal,"erdos-993-delete-retag-actual-dre-2026-09-13 (r23b) C3; retained, UPGRADED — ADJ-U §3/U5-9. Ordered: record the decomposition so the two counters are never equated"
R23B-C3-U6-01,"The first strict descent separates from the first global mode at order 6, on the star K_{1,5}",verified_bounded_computation,"erdos-993-delete-retag-actual-dre-2026-09-13 (r23b) C3; retained, proposed as a MANDATORY CONTROL — ADJ-U §6. Two independent instruments (CRIT-U6-F's and ADJ-U's own Prüfer/AHU/DP enumeration) agree on all 93 trees. Not a target counterexample: it says nothing about O14, any mechanism, or weak unimodality — it is a convention control"
R23B-C4-F1-01,The universal tag-closed-cut Hall theorem (W4) is REFUTED at governed scope,refuted_mechanism,"erdos-993-delete-retag-actual-dre-2026-09-13 (r23b) C4; SUSTAINED IN FULL — ADJ-F §3.1, ""the highest-scrutiny replication chain of any single claim in Cycle 4."" A2.2-class fence extended verbatim to W4: no C5+ seat may re-open the universal tag-closed-cut Hall theorem, cite it as OPEN, or use F3's superseded ""remains OPEN"" language. Registered under a NEW row id, pointed to from R23B-C3-F4-01 as ""object subsequently refuted at C4"" — R23B-C3-F4-01 (the "
R23B-C4-F2-01,"F2 F-4 boundary pin: at p∈{0,1}, Favorable=∅ and \P\=\N\=0",verified_bounded_computation,erdos-993-delete-retag-actual-dre-2026-09-13 (r23b) C4; p=0: SUSTAINED. p=1: REJECTED as general — ADJ-F §3.3. Must not be installed as a p-generic fact in any merged Lean lattice file; binding on C4-T6/T1
R23B-C4-F3-01,LEMMA F3-1 (F3 Finding 2): hot ⟹ E_v ≥ p,proved_informal,erdos-993-delete-retag-actual-dre-2026-09-13 (r23b) C4; SUSTAINED and SHARP — ADJ-F §3.2. Strongest surviving necessary (never sufficient) condition for tag hotness; corroborated by CRIT-F3-U Finding 4 and CRIT-T5-F/U; never a proof of LEMMA-W4-HOT
R23B-C4-F4-01,"F4's three run-wide negative existentials: F4-1(ii) (""W4 survives is governed-scope only""), F4-4 (""no witness separates W4 from the per-row demand; converse OPEN, no strictness""), F4-5 (""the only Hall-verdict separation is the order-91 row"")",proved_informal,"erdos-993-delete-retag-actual-dre-2026-09-13 (r23b) C4; FALSE against the sealed C4-F1 witness — ADJ-F §3.4. F4 itself blameless (blind first-wave, dispatched before F1 existed). Must not reach T6's lattice or any downstream spine/synthesis text, and must not be read as regressing REFUTED W4 back to OPEN. Replacement wording (adopted verbatim, CRIT-F4-T/U): ""W4 ⟹ per-row demand is an implication; its converse is REFUTED by the C4-F1 witness CB(8,92), p"
R23B-C4-T1-01,"THE GRAND MERGE: one Lean project, zero sorryAx over the union (13-conjunct THM_R23_A + actual-tree identification/bridges + THM_R23_C both forms + xOf existence lemma + canonical lc4/5/6/7)",verified,"erdos-993-delete-retag-actual-dre-2026-09-13 (r23b) C4; RETAINED — ADJ-T §1. Statement-delta table sound (only declared deltas k13_isTree/k16_isTree cited as non-byte-identical); HallCondition occurs only as hypothesis, never asserted (A2.2 fence swept clean by both critics)"
R23B-C4-T2-01,"De-routed aggregate definienda: S and per-leaf quantities defined directly against actual adjacency (not the support stand-in), with equivalence lemmas to the C3 forms",verified,"erdos-993-delete-retag-actual-dre-2026-09-13 (r23b) C4; RETAINED, with a required ledger correction — ADJ-T §2. R23B-C3-T1-03's ""NOT lifted"" clause lists G.Favorable p in error (already support-free before T2); the ROW is wrong, not the return. Mandatory R23-C1-ELIGIBILITY-HAZARD cross-ref must be added at promotion. BRIDGE-2 half is transported, not newly proved — only bridge1Act_proof (BRIDGE-1) is new content; a promoted row must say so"
R23B-C4-T3-01,The two adequacy lemmas: carrier-restriction deletion adequacy (H_v by carrier restriction = actual vertex deletion) and Graph-n realization adequacy (every finite tree arises as a C1-T6-encoding graph),partial,"erdos-993-delete-retag-actual-dre-2026-09-13 (r23b) C4; RETAINED_NARROWED — ADJ-T §3, central ruling of this lane. CRIT-T3-U's MAJOR (F-1) sustained: the relation family (C, P, N, Graph.induce) has no transport lemma (20 _ofSimpleGraph lemmas grepped, none cover these); every _actual theorem mentioning one is FALSE as an abstract-finite-tree statement until repaired. T1's grand merge checked clean of over-citation. No downstream face may cite the abstr"
R23B-C4-T4-01,Retag exact-domain biconditional: clause (3) of THM_R23_A upgraded from well-typedness to the exact domain iff (activity condition),verified,"erdos-993-delete-retag-actual-dre-2026-09-13 (r23b) C4; RETAINED — ADJ-T §4. New clause (3) is not monotone with the old well-typedness clause — R23B-C3-T3-01 may not be cited for unconditional well-typedness; cite retag_erase_mem_IndOn_pred directly. Proof still routes through local_L1, pending lc4 substitution (flagged, not silently dropped). DB32 fixture: Delete-/Retag-target families coincide (18/18) — must not be read as cross-family disjointness"
R23B-C4-T5-01,"W4 structural route, Findings 1–7, incl. THEOREM W4-EXACT (def(G) = Σheat − Σexport), W4-COLD, HOT-SET/ONE-HOT",partial,"erdos-993-delete-retag-actual-dre-2026-09-13 (r23b) C4; RETAINED_NARROWED — ADJ-T §5. W4-EXACT predicts F1's exact deficit (strongest surviving product). Real non-degenerate fixture base is 7 rows, not 9 (P8@p=4, P10@p=5 are degenerate, P=0). T16 argmin-cut is an unstated 3-way symmetry tie, unrepresentable by the instrument's scalar field. 2 of 9 control checks are null on the all-cold fixture set — honestly disclosed in-text by T5 itself"
R23B-C4-T5-02,"Finding 8, LEMMA-W4-HOT (the G={v} instance of W4)",verified_bounded_computation,"erdos-993-delete-retag-actual-dre-2026-09-13 (r23b) C4; REFUTED (OPEN → REFUTED) — ADJ-T §5. Sealed C4-F1's witness is the G={v} instance of T5's own Finding-4 identity; T5's OPEN label was correct at its own seal time (banked before F1 was dispatched), no fault to T5. Same witness as R23B-C4-F1-01. Per the run's monotone-refutation convention: REFUTED never regresses to OPEN"
R23B-C4-T6-01,"Per-row demand consolidation / mechanism lattice of record (LAT-1..4, cut-class exactness, TFAE, rfl identity to THM_R23_C_hall_discharged)",partial,"erdos-993-delete-retag-actual-dre-2026-09-13 (r23b) C4; RETAINED_NARROWED — ADJ-T §6. Lean content sustained (no theorem in T6 is false — all are implications, none asserts W4). Forward-looking prose is STALE: ≥5 places state ""W4's general theorem remains OPEN,"" superseded by R23B-C4-F1-01. LAT-3 (tagClosedHall_implies_perRow_demand) and tagClosedHall_implies_S_nonpos now join the all-cut node in HYPOTHESIS-ONLY status. Mandatory R23-C1-ELIGIBILITY-HAZ"
R23B-C4-U1-01,"Finalization of proposed/CLAIM-UPDATE-PROPOSALS.md: RC-04b comprehensive, 13-pair definitive census, R23B mapping, all quotations byte-verified at pin b57e7990",verified_bounded_computation,"erdos-993-delete-retag-actual-dre-2026-09-13 (r23b) C4; SUSTAINED, certification-language corrections required — ADJ-U (U1). ""Every quotation … verified at the pin"" is true but unestablished by the cited instrument (verify_and_census.py lines 331–332 loop with a bare pass); honest count 49 of 52 falsifiable checks (3 hard-coded ""pass"": true null controls: repair_candidate_matrix, rc08_block_sha256, doc_no_wall_clock_iso_dates_outside_ids). D-U2-4 findi"
R23B-C4-U2-01,"Agreement matrix C4: pinned expected values incl. order-16 witness integers, j=65/j=66 tag-closed margins",verified_bounded_computation,"erdos-993-delete-retag-actual-dre-2026-09-13 (r23b) C4; SUSTAINED, zero CRITICAL/MAJOR against content — ADJ-U (U2). U2-T's self-caught seal-overwrite-and-restore transient on STAGE4-BRIEF-SEAL-C4.json (~4 min, restored byte-exact) ruled PROCESS-TIER, controller/gate-owned, not a route charge"
R23B-C4-U4-01,"Tag-closed cut data support: exact per-tag margin tables, König witnesses, both values every row",verified_bounded_computation,"erdos-993-delete-retag-actual-dre-2026-09-13 (r23b) C4; SUSTAINED, zero CRITICAL/MAJOR — ADJ-U (U4). Only minor replay-documentation gaps (a stale scratch log misread as zero control firings, corrected against out-planted/summary.json)"
R23B-C4-U5-01,Spine maintenance: staged spine folding C4's adjudicated outcomes,verified_bounded_computation,"erdos-993-delete-retag-actual-dre-2026-09-13 (r23b) C4; SUSTAINED, with corrections — ADJ-U (U5), directly re-verified by this adjudicator against the staged spine's own bytes. Gate directive: the W4 fold-marker's (line 537) ""OPEN status line stands"" default is unsafe post-adjudication (W4 is REFUTED); PLACEMENT checklist must name F1's verdict explicitly and carry ""REFUTED never regresses to OPEN"" as an enumerated checklist item"
R23B-C5-T1-01,"THEOREM TYPE-2-DIRECT: g_v = Δ_{p−2}(K_v) at deg(s_v) = 2, cut-free and unconditional",proved_informal,erdos-993-delete-retag-actual-dre-2026-09-13 (r23b) C5; ADJ-T slate; synthesis SYNTHESIS.md §2.2
R23B-C5-T1-02,"S(P_n,p) ≤ 0 on the path family, every n ≥ 4, every governed p, by peeling alone",proved_informal,erdos-993-delete-retag-actual-dre-2026-09-13 (r23b) C5; ADJ-T slate; synthesis SYNTHESIS.md §2.2
R23B-C5-T1-03,"Star family: \|C_r(v)\| = C(m−1,r) (r ≥ 1); the g_v ≤ 0 ⟺ p ≥ ⌈m/2⌉ arithmetic; S(K_{1,m},p) ≤ 0 governed",partial,erdos-993-delete-retag-actual-dre-2026-09-13 (r23b) C5; ADJ-T slate; synthesis SYNTHESIS.md §2.2
R23B-C5-T1-04,"Branch-leaf closed form, under the mandatory convention Δ_{−1} = 1",proved_informal,erdos-993-delete-retag-actual-dre-2026-09-13 (r23b) C5; ADJ-T slate; synthesis SYNTHESIS.md §2.2
R23B-C5-T1-06,"CB(8,92) arm hotness structurally explained: K_arm = 736 disjoint edges, x(K_arm) = 491, p−2 = 490 exactly one rank below the peel's first strict descent",proved_informal,erdos-993-delete-retag-actual-dre-2026-09-13 (r23b) C5; ADJ-T slate; synthesis SYNTHESIS.md §2.2; overlap/flags: [CB]
R23B-C5-T1-07,"The conversion's exact reach; peels with a branch point reduce to the open weak-unimodality question — a reduction, not a resolution",proved_informal,erdos-993-delete-retag-actual-dre-2026-09-13 (r23b) C5; ADJ-T slate; synthesis SYNTHESIS.md §2.2
R23B-C5-T2-01,"The six relation-family transport lemmas, sorry-free at the pin; 297 constants, sorryAx = 0, extra axioms 0; all graph-general",verified,erdos-993-delete-retag-actual-dre-2026-09-13 (r23b) C5; ADJ-T slate; synthesis SYNTHESIS.md §2.2
R23B-C5-T2-02,"State of record of R23B-C4-T3-01's residual: CLOSED for C both modes and C,P,N realization-side; OPEN for P,N via induce and for induce itself; second clause UNTOUCHED",partial,erdos-993-delete-retag-actual-dre-2026-09-13 (r23b) C5; ADJ-T slate; synthesis SYNTHESIS.md §2.2; overlap/flags: R-1…R-3
R23B-C5-T2-03,"Integration deltas of record: the folded Adequacy.lean is 2eda1bb4…, not a byte-identical carry of dbe4b15b…; three hunks; cross-cycle citation hazard on deletion_adequacy_actual",verified,erdos-993-delete-retag-actual-dre-2026-09-13 (r23b) C5; ADJ-T slate; synthesis SYNTHESIS.md §2.2
R23B-C5-T3-01,"witness_g_arm_pos: C(736,490)·2^490 < C(736,491)·2^491, kernel-checked, sorryAx-free, native_decide-free — with a binding fence against citing it as a kernel-checked g_arm > 0 for CB(8,92)",verified,erdos-993-delete-retag-actual-dre-2026-09-13 (r23b) C5; ADJ-T slate; synthesis SYNTHESIS.md §2.2; overlap/flags: [CB]
R23B-C5-T3-02,"The corrected ratio inequality in Lean, from Pascal; side conditions 2 ≤ r, r ≤ m necessary and disclosed",verified,erdos-993-delete-retag-actual-dre-2026-09-13 (r23b) C5; ADJ-T slate; synthesis SYNTHESIS.md §2.2; overlap/flags: [RI] Ratio-inequality trio cross-referenced per synthesis §2.3(e); criterion registered once at route-distinctness tier.
R23B-C5-T3-03,"retag_empty_of_singleton_hub_choke (+ RetagEdge restatement), sorry-free on the project's own API",verified,erdos-993-delete-retag-actual-dre-2026-09-13 (r23b) C5; ADJ-T slate; synthesis SYNTHESIS.md §2.2
R23B-C5-T3-04,"The CB(1,2) fixture identities; CB(1,2) and CB(2,3) are GOVERNED-COLD",verified,"erdos-993-delete-retag-actual-dre-2026-09-13 (r23b) C5; ADJ-T slate; synthesis SYNTHESIS.md §2.2; overlap/flags: overlaps F2-04 Governed-coldness merged scope per synthesis §2.3(d): one fact, cross-referenced."
R23B-C5-T3-05,"indepOn_card — STATED, NOT PROVED; carries sorryAx via the isolated open sub-lemma indepOn_insert_card",verified,erdos-993-delete-retag-actual-dre-2026-09-13 (r23b) C5; ADJ-T slate; synthesis SYNTHESIS.md §2.2; overlap/flags: clause-1 2nd disjunct
R23B-C5-F1-01,"No counterexample to the five registered C4-T5 identities, at the honest base 21, all rows p − x ∈ {2,3}, 11,902 subset instances; extended by critics to the orders 4–11 census",partial,erdos-993-delete-retag-actual-dre-2026-09-13 (r23b) C5; ADJ-F slate; synthesis SYNTHESIS.md §2.2
R23B-C5-F1-02,"Lemma R's closed forms hold, 0 discrepancies over 1,050 + 14,474 ordered pairs",verified_bounded_computation,erdos-993-delete-retag-actual-dre-2026-09-13 (r23b) C5; ADJ-F slate; synthesis SYNTHESIS.md §2.2; overlap/flags: [†]
R23B-C5-F1-03,Zero hot tags on any free tree of order ≤ 13 at any governed rank,partial,erdos-993-delete-retag-actual-dre-2026-09-13 (r23b) C5; ADJ-F slate; synthesis SYNTHESIS.md §2.2
R23B-C5-F1-04,The five identities hold unchanged on disjoint-union forests,partial,erdos-993-delete-retag-actual-dre-2026-09-13 (r23b) C5; ADJ-F slate; synthesis SYNTHESIS.md §2.2
R23B-C5-F2-01,The corrected CB-arm hotness criterion g_arm > 0 ⟺ 2(jk−p+2) > p−1,verified_bounded_computation,erdos-993-delete-retag-actual-dre-2026-09-13 (r23b) C5; ADJ-F slate; synthesis SYNTHESIS.md §2.2; overlap/flags: [RI] [CB] Ratio-inequality trio cross-referenced per synthesis §2.3(e); criterion registered once at route-distinctness tier.
R23B-C5-F2-02,"Charter-text defect, CRITICAL at spec tier: the printed 2(jk−p+1) > p−1 is FALSE at the witness",verified_bounded_computation,erdos-993-delete-retag-actual-dre-2026-09-13 (r23b) C5; ADJ-F slate; synthesis SYNTHESIS.md §2.2; overlap/flags: [C] [RI] Ratio-inequality trio cross-referenced per synthesis §2.3(e); criterion registered once at route-distinctness tier.
R23B-C5-F2-03,r ≥ 1 scope of the CB closed form; FALSE at r = 0 under ℕ-truncation,verified_bounded_computation,erdos-993-delete-retag-actual-dre-2026-09-13 (r23b) C5; ADJ-F slate; synthesis SYNTHESIS.md §2.2
R23B-C5-F2-04,"CB(1,2) and CB(2,3) are GOVERNED-COLD, with the deficiency half unexercisable on either",verified_bounded_computation,"erdos-993-delete-retag-actual-dre-2026-09-13 (r23b) C5; ADJ-F slate; synthesis SYNTHESIS.md §2.2; overlap/flags: overlaps T3-04 Governed-coldness merged scope per synthesis §2.3(d): one fact, cross-referenced."
R23B-C5-F2-05,Transport scaffolding gap: no abstract-side relation-family object exists; the activity filter is new content,verified_bounded_computation,"erdos-993-delete-retag-actual-dre-2026-09-13 (r23b) C5; ADJ-F slate; synthesis SYNTHESIS.md §2.2; overlap/flags: R-4, R-5"
R23B-C5-F2-06,"The CB closed form does not survive disjoint union: 1, 19, 160, 785 vs the chartered 1, 12, 60, 160",verified_bounded_computation,erdos-993-delete-retag-actual-dre-2026-09-13 (r23b) C5; ADJ-F slate; synthesis SYNTHESIS.md §2.2; overlap/flags: [†]
R23B-C5-F3-01,"No target-tier event: zero positive S on 54 designed + 14,569 swept governed rows",partial,erdos-993-delete-retag-actual-dre-2026-09-13 (r23b) C5; ADJ-F slate; synthesis SYNTHESIS.md §2.2
R23B-C5-F3-03,"§6 battery coverage gap — OPEN OBLIGATION carried to C6: order-26 Kadrawi–Levit non-LC trees, the order-243 beta witness, coefficient tails not exercised",verified_bounded_computation,erdos-993-delete-retag-actual-dre-2026-09-13 (r23b) C5; ADJ-F slate; synthesis SYNTHESIS.md §2.2; overlap/flags: → C6
R23B-C5-F3-04,"CB(8,92) whole-row reproduction: n = 1567, x = 490, p = 492, 737 favourable, S negative at 351 digits, S = g_arm + 736·g_u exactly",partial,"erdos-993-delete-retag-actual-dre-2026-09-13 (r23b) C5; ADJ-F slate; synthesis SYNTHESIS.md §2.2; overlap/flags: [CB] REGISTRAR NOTE (control/c5-registrar-gu-receipt.json): digits(g_u)=349 negative, resolved from sealed S (351d) and closed-form g_arm (347d) via S=g_arm+736*g_u exact; U2-01's shipped '350' corrected of record. Canonical CB(8,92) whole-row registration per synthesis §2.3(a); T1-06/U1-06/U2-01 cite, never re-register. NO reproduction ordinal registered (synthesis §2.3(c))."
R23B-C5-F3-05,The 54 designed rows advance NO new structure beyond C4; margins −99 … −4 against the witness's +1,verified_bounded_computation,erdos-993-delete-retag-actual-dre-2026-09-13 (r23b) C5; ADJ-F slate; synthesis SYNTHESIS.md §2.2
R23B-C5-U1-06,"CB(8,92) rebuilt from U1's prose gloss alone, every integer digit-exact",verified_bounded_computation,"erdos-993-delete-retag-actual-dre-2026-09-13 (r23b) C5; ADJ-U slate; synthesis SYNTHESIS.md §2.2; overlap/flags: [CB] REGISTRAR NOTE (control/c5-registrar-gu-receipt.json): digits(g_u)=349 negative, resolved from sealed S (351d) and closed-form g_arm (347d) via S=g_arm+736*g_u exact; U2-01's shipped '350' corrected of record. Substantive novelty registered as 'from the prose gloss alone' — no ordinal (synthesis §2.3(c))."
R23B-C5-U2-02,"Order-91 (T22) closed forms, Catalan(33), satellite triple, bridge P − N = S; the arm is the only positive-g tag in the 67-tag table",verified_bounded_computation,erdos-993-delete-retag-actual-dre-2026-09-13 (r23b) C5; ADJ-U slate; synthesis SYNTHESIS.md §2.2
R23B-C5-U2-04,"Per-family (g, μ, export) tag census over 684 sealed pertag lines, 9 families, 0 identity violations",partial,erdos-993-delete-retag-actual-dre-2026-09-13 (r23b) C5; ADJ-U slate; synthesis SYNTHESIS.md §2.2
R23B-C5-U2-06,"König feasibility ledger on the 95 materialized rows / 670 tags, maximality certificates ONLY",partial,erdos-993-delete-retag-actual-dre-2026-09-13 (r23b) C5; ADJ-U slate; synthesis SYNTHESIS.md §2.2; overlap/flags: [CB]
R23B-C6-F1-01,"§6 battery obligation **R23B-C5-F3-03 DISCHARGED/CLOSED**: order-26 KL non-LC witness (TRS2 REFUTED at order 26, sole failing rank 13, deficit 378, digit-exact vs sealed fixture by two independent evaluators), order-243 T60 β witness (literal 243-vertex graph, favorable 181), coefficient tails; 179/179 genuine, 5/5 mutations fired; duty-14/15/16 compliant.",refuted_mechanism,erdos-993-delete-retag-actual-dre-2026-09-13 (r23b) C6; ADJ-F C6 stage-5 (STAGE5-SEAL-C6 f3dbbf52); statement authoritative in the sealed adjudication
R23B-C6-F1-02,"order-91 S(T,34)=−498754180547001418536 and order-243 T60 S(T,90)=−1058142362147652597702654588268394677176033202323316960380 re-confirmed on-row, both values in-artifact — **BOUNDED ZEROS (S<0), evidence of nothing, not a step toward universal S≤0**; no target-tier event.",verified_bounded_computation,erdos-993-delete-retag-actual-dre-2026-09-13 (r23b) C6; ADJ-F C6 stage-5 (STAGE5-SEAL-C6 f3dbbf52); statement authoritative in the sealed adjudication
R23B-C6-F1-03,"rank-two filter control: P30(v=0,s=1) deg 2 coincidence (old=corrected=351=true i_2) vs K13 deg 3 divergence (old=0 ≠ corrected=1=true i_2), per SEMANTIC-CONTRACT A1.2 — corrected rank-two formula confirmed.",verified_bounded_computation,erdos-993-delete-retag-actual-dre-2026-09-13 (r23b) C6; ADJ-F C6 stage-5 (STAGE5-SEAL-C6 f3dbbf52); statement authoritative in the sealed adjudication
R23B-C6-F3-02,"CB(8,92) whole-row terminal re-confirmation via replay + independent instrument: S 351 digits, g_arm 347 (comb closed form AND BRIDGE-1 DP), g_u 349 negative (S = g_arm + 736·g_u exact), at registrar figures of record (duty 22).",verified_bounded_computation,erdos-993-delete-retag-actual-dre-2026-09-13 (r23b) C6; ADJ-F C6 stage-5 (STAGE5-SEAL-C6 f3dbbf52); statement authoritative in the sealed adjudication
R23B-C6-T1-01,"`THM_R23_B_bridge1_abstract`,",verified,erdos-993-delete-retag-actual-dre-2026-09-13 (r23b) C6; ADJ-T C6 stage-5 (STAGE5-SEAL-C6 f3dbbf52); statement authoritative in the sealed adjudication
R23B-C6-T1-02,`RelationTransport.lean` is **load-bearing**,verified,erdos-993-delete-retag-actual-dre-2026-09-13 (r23b) C6; ADJ-T C6 stage-5 (STAGE5-SEAL-C6 f3dbbf52); statement authoritative in the sealed adjudication
R23B-C6-T2-01,"R-3(a) — `P_eq_image_induce_P`,",verified,erdos-993-delete-retag-actual-dre-2026-09-13 (r23b) C6; ADJ-T C6 stage-5 (STAGE5-SEAL-C6 f3dbbf52); statement authoritative in the sealed adjudication
R23B-C6-T2-02,R-3(b) — `induce_ofSimpleGraph` PROVED,partial,erdos-993-delete-retag-actual-dre-2026-09-13 (r23b) C6; ADJ-T C6 stage-5 (STAGE5-SEAL-C6 f3dbbf52); statement authoritative in the sealed adjudication
R23B-C6-T2-03,R-4 — `indepSetsOn_filter_ofSimpleGraph_image`,verified,erdos-993-delete-retag-actual-dre-2026-09-13 (r23b) C6; ADJ-T C6 stage-5 (STAGE5-SEAL-C6 f3dbbf52); statement authoritative in the sealed adjudication
R23B-C6-T2-04,"R-5 — `SG.P`, `SG.N`, `SG.DeleteEdge`,",verified,erdos-993-delete-retag-actual-dre-2026-09-13 (r23b) C6; ADJ-T C6 stage-5 (STAGE5-SEAL-C6 f3dbbf52); statement authoritative in the sealed adjudication
R23B-C6-T3-01,one consolidated terminal Lean project builds at,verified,erdos-993-delete-retag-actual-dre-2026-09-13 (r23b) C6; ADJ-T C6 stage-5 (STAGE5-SEAL-C6 f3dbbf52); statement authoritative in the sealed adjudication
R23B-C6-T3-02,the §9-item-4 **honest 18-row fidelity-label,verified,erdos-993-delete-retag-actual-dre-2026-09-13 (r23b) C6; ADJ-T C6 stage-5 (STAGE5-SEAL-C6 f3dbbf52); statement authoritative in the sealed adjudication
R23B-C6-T3-03,"kernel-`decide` restatement of CB(1,2)",verified,erdos-993-delete-retag-actual-dre-2026-09-13 (r23b) C6; ADJ-T C6 stage-5 (STAGE5-SEAL-C6 f3dbbf52); statement authoritative in the sealed adjudication
R23B-C6-T3-04,the two duty-18 literals corrected of record —,verified,erdos-993-delete-retag-actual-dre-2026-09-13 (r23b) C6; ADJ-T C6 stage-5 (STAGE5-SEAL-C6 f3dbbf52); statement authoritative in the sealed adjudication
R23B-C6-T3-05,the disclosed R23-namespace collision,verified,erdos-993-delete-retag-actual-dre-2026-09-13 (r23b) C6; ADJ-T C6 stage-5 (STAGE5-SEAL-C6 f3dbbf52); statement authoritative in the sealed adjudication
