claim_id,status,scope,statement_source
E993-UNIV-TREE-TRS2,REFUTED,all finite trees; universal,proposals/cycle2/latest-code/master/CLAIM-IDENTITY.json#E993-UNIV-TREE-TRS2
E993-TREE-REAL-ROOTED,REFUTED,all finite trees; universal,proposals/cycle2/latest-code/master/CLAIM-IDENTITY.json#E993-TREE-REAL-ROOTED
E993-EXISTS-TREE-NEG-ADJ-MINOR,VERIFIED,existential; exact finite witness,proposals/cycle2/latest-code/master/CLAIM-IDENTITY.json#E993-EXISTS-TREE-NEG-ADJ-MINOR
E993-TRS2-IFF-ALC,VERIFIED,abstract NNSeq with positive interval support; governed Lean theorem trs2_iff_adjacentLogConcave (r8),proposals/cycle2/latest-code/master/CLAIM-IDENTITY.json#E993-TRS2-IFF-ALC
E993-TRS2-CONVOLUTION-CLOSURE,VERIFIED,abstract NNSeq; governed Lean theorem (r8),proposals/cycle2/latest-code/master/CLAIM-IDENTITY.json#E993-TRS2-CONVOLUTION-CLOSURE
E993-TGT-TREE,OPEN,all finite nonempty trees; the conjecture's TREE headline,proposals/cycle2/latest-code/master/CLAIM-IDENTITY.json#E993-TGT-TREE
E993-TGT-FOREST,OPEN,all finite forests including the empty forest; the conjecture's FOREST headline,proposals/cycle2/latest-code/master/CLAIM-IDENTITY.json#E993-TGT-FOREST
E993-TGT-TRANSFER,OPEN,the reshaped transfer question; universal,proposals/cycle2/latest-code/master/CLAIM-IDENTITY.json#E993-TGT-TRANSFER
E993-EXISTS-COUNTEREXAMPLE,OPEN,existence; any order,proposals/cycle2/latest-code/master/CLAIM-IDENTITY.json#E993-EXISTS-COUNTEREXAMPLE
E993-THEOREM-A,OPEN,universal; THEOREM (A) of the corridor program,proposals/cycle2/latest-code/master/CLAIM-IDENTITY.json#E993-THEOREM-A
E993-THEOREM-B,OPEN,universal; leaf crossing-shift,proposals/cycle2/latest-code/master/CLAIM-IDENTITY.json#E993-THEOREM-B
E993-ALPHA-TARGET,OPEN,universal at k_A = 1; (α),proposals/cycle2/latest-code/master/CLAIM-IDENTITY.json#E993-ALPHA-TARGET
E993-BETA-TARGET,REFUTED,universal at k_A >= 2; (β),proposals/cycle2/latest-code/master/CLAIM-IDENTITY.json#E993-BETA-TARGET
E993-AMBIENT-TARGET-DEG2,OPEN,universal on the deg(s)=2 stratum; equivalent to (α) there via the governed r12 reduction,proposals/cycle2/latest-code/master/CLAIM-IDENTITY.json#E993-AMBIENT-TARGET-DEG2
E993-C13-I4-GT-I3,VERIFIED,universal for order >= 12,proposals/cycle2/latest-code/master/CLAIM-IDENTITY.json#E993-C13-I4-GT-I3
E993-COMP-AB,VERIFIED,a governed implication; neither hypothesis asserted,proposals/cycle2/latest-code/master/CLAIM-IDENTITY.json#E993-COMP-AB
E993-TRANSFER-TO-FOREST,CONDITIONAL,conditional; the universal antecedent is REFUTED (E993-UNIV-TREE-TRS2),proposals/cycle2/latest-code/master/CLAIM-IDENTITY.json#E993-TRANSFER-TO-FOREST
E993-P1-NNSEQ,VERIFIED,abstract NNSeq scope,proposals/cycle2/latest-code/master/CLAIM-IDENTITY.json#E993-P1-NNSEQ
E993-BAND-THEOREM,VERIFIED,universal on the band; premise-free,proposals/cycle2/latest-code/master/CLAIM-IDENTITY.json#E993-BAND-THEOREM
E993-STRICT-UNITS,OPEN,"universal; OB-G1/OB-G2, the S3 endpoint units",proposals/cycle2/latest-code/master/CLAIM-IDENTITY.json#E993-STRICT-UNITS
E993-PAIR-G4,OPEN,"universal; OB-PAIR-G4/OB-G3, the decisive S4 gap",proposals/cycle2/latest-code/master/CLAIM-IDENTITY.json#E993-PAIR-G4
E993-CAND-R18C1T1-3,OPEN,"G2 ∧ |U| >= 2p-2, deg(s)=2 stratum; fireability criterion deg_T(z_j) >= e+t+2-j attached; both named killers fire (92.0%/2.0%)",proposals/cycle2/latest-code/master/CLAIM-IDENTITY.json#E993-CAND-R18C1T1-3
E993-CAND-R18C1T1-1,REFUTED,"as printed in R18C1-T1 §4; mechanism claim, never a target claim",proposals/cycle2/latest-code/master/CLAIM-IDENTITY.json#E993-CAND-R18C1T1-1
E993-L0-CONV-DELTA,VERIFIED,"any nonnegative sequences f,g, any rank r; product-side; does not prove, approach, or narrow HG2",proposals/cycle2/latest-code/master/CLAIM-IDENTITY.json#E993-L0-CONV-DELTA
E993-PT-BOUND,VERIFIED,"premise-free; beta_t = P_t in 12,806/12,806 premise-holding evaluations; dominated gap to D is unbounded (beta_t/D = p/2)",proposals/cycle2/latest-code/master/CLAIM-IDENTITY.json#E993-PT-BOUND
E993-CHOOSE-DELTA-POS,VERIFIED,Mathlib-tier arithmetic; NOT a fact about HG2,proposals/cycle2/latest-code/master/CLAIM-IDENTITY.json#E993-CHOOSE-DELTA-POS
E993-BF-1,VERIFIED,"exact, not pessimism; witnessed (order-11 row i_{p-1}(U)=18)",proposals/cycle2/latest-code/master/CLAIM-IDENTITY.json#E993-BF-1
E993-BF-2,VERIFIED,"binding on every (|U|, i_j(U))-only refinement",proposals/cycle2/latest-code/master/CLAIM-IDENTITY.json#E993-BF-2
E993-BF-3,OPEN,design brief of record for the fifth representation layer; sequence-shape and root-state-recursion continuations stay refused (F1/F2; reserved I/A/B zone),proposals/cycle2/latest-code/master/CLAIM-IDENTITY.json#E993-BF-3
E993-EXCHANGE-LEMMA,VERIFIED,"any tree, deg(s)=2 stratum, any t, any k_shell; premise-free combinatorial criterion",proposals/cycle2/latest-code/master/CLAIM-IDENTITY.json#E993-EXCHANGE-LEMMA
E993-BF2-EVERY-E,VERIFIED,"generalizes E993-BF-2's m = 2p-2 (e=0) registered scope to every shell offset; the vocabulary obstruction deepens, never relaxes, with e",proposals/cycle2/latest-code/master/CLAIM-IDENTITY.json#E993-BF2-EVERY-E
E993-QUADRATIC-FLOOR,VERIFIED,"deg_T(s)=2 stratum, any t, any k_shell; NO confinement claim; NO R-20/GATE-2 relevance (bounds the J_1-empty case, not the J_0-nonempty firing case); symbols: k_shell := |U| - (2p-2), Rem_j branch remnants, C2 route numbering",proposals/cycle2/latest-code/master/CLAIM-IDENTITY.json#E993-QUADRATIC-FLOOR
E993-EXCHANGE-LEMMA-SEQ,VERIFIED,"abstract sequences ONLY — severed from the tree-bound parent E993-EXCHANGE-LEMMA (n : N free; z, Rem unconstrained; no instance antecedents); hr StrictAnti load-bearing, hd inert (MUT-hd); the counting-form <=> sorted-domination step is kernel-checked by NO ONE",proposals/cycle2/latest-code/master/CLAIM-IDENTITY.json#E993-EXCHANGE-LEMMA-SEQ
E993-BETA-AGG,OPEN,universal favorable-leaf aggregate on the governed RTree model; all p >= x(T)+2; individual positive margins are permitted; this is not the refuted pointwise (beta) claim and cannot be presented as a reopening of E993-BETA-TARGET,proposals/cycle2/latest-code/master/CLAIM-IDENTITY.json#E993-BETA-AGG
E993-BETA-AGG-SUPPORT,REFUTED,universal per-support favorable-leaf aggregate on the governed RTree model; distinct from both the global aggregate E993-BETA-AGG and the refuted pointwise E993-BETA-TARGET,proposals/cycle2/latest-code/master/CLAIM-IDENTITY.json#E993-BETA-AGG-SUPPORT
E993-CERT-WINDOW-LB,VERIFIED,all finite trees; the comonotone mode-centred box certificate attains S(T) exactly (optimality proved),proposals/cycle2/latest-code/master/CLAIM-IDENTITY.json#E993-CERT-WINDOW-LB
E993-LAMBDA2-CONJ,OPEN,"all finite trees; MEASURED CONJECTURE, not a theorem",proposals/cycle2/latest-code/master/CLAIM-IDENTITY.json#E993-LAMBDA2-CONJ
E993-PAIR-WINDOW-THM,VERIFIED,general sum algebra on the stated domain; single recursion step only — says nothing about iterated closure,proposals/cycle2/latest-code/master/CLAIM-IDENTITY.json#E993-PAIR-WINDOW-THM
E993-PAIR-PHISTAR,VERIFIED,the predicate Phi* and its soundness at the stated domain; the CANDIDATE aspect lives entirely in E993-PAIR-PHISTAR-CLOSURE,proposals/cycle2/latest-code/master/CLAIM-IDENTITY.json#E993-PAIR-PHISTAR
E993-PAIR-PHISTAR-CLOSURE,OPEN,"all finite forests with an edge; TARGET-IMPLYING (proving it proves FOREST hence TREE); strictly weaker than the full motion conjecture (implied by C1's delta_f conjunct); NOT known to be implied by the target — a genuine intermediate. Falsification signature: a forest where EVERY leaf fails the bound (a mechanism kill of Phi*-closure, never itself a target event)",proposals/cycle2/latest-code/master/CLAIM-IDENTITY.json#E993-PAIR-PHISTAR-CLOSURE
E993-PAIR-MODE-GAP,OPEN,"MEASURED, NOT PROVED — may not be cited as progress on anything",proposals/cycle2/latest-code/master/CLAIM-IDENTITY.json#E993-PAIR-MODE-GAP
E993-PAIR-C1-IMPLIES-TARGET,VERIFIED,the IMPLICATION and the bridge fact; the antecedent (C1 universally) is OPEN and may not be cited as established,proposals/cycle2/latest-code/master/CLAIM-IDENTITY.json#E993-PAIR-C1-IMPLIES-TARGET
E993-PAIR-ALLLEAF-WINDOW,OPEN,"MEASURED ONLY — exhaustive orders <= 17 (294,178 forests cumulative, 2,337,444 leaf instances, 0 failures; extended by CRIT-T1-F) + 25.4M constructed polynomials; implies E993-PAIR-PHISTAR-CLOSURE; min-working-leaves=2 excluded as a path-family artifact",proposals/cycle2/latest-code/master/CLAIM-IDENTITY.json#E993-PAIR-ALLLEAF-WINDOW
E993-PAIR-LEAFDRIFT-01,OPEN,"MEASURED ONLY — 36.6M instances to order 26 (ADJ-F/CRIT-F2-T amplified populations), opposite-shift adversarial family proved EMPTY at scope; SPLIT: delta_f <= 1 IS the OPEN antecedent of E993-PAIR-C1-IMPLIES-TARGET (target-implying); delta_f >= 0 is discharged by E993-PAIR-MODE-NR conditional on s <= 1",proposals/cycle2/latest-code/master/CLAIM-IDENTITY.json#E993-PAIR-LEAFDRIFT-01
E993-PAIR-MODE-NR,VERIFIED,general sum algebra at the stated domain; reduction live for TREES only (s-hypothesis unmet on part of the forest face),proposals/cycle2/latest-code/master/CLAIM-IDENTITY.json#E993-PAIR-MODE-NR
E993-PAIR-MODE-D1,VERIFIED,"general sum algebra; REDUCTION-REFUTED NOTE ON THE FACE: the hypothesis s >= 0 is FALSE on the 669 realizable s=-1 pairs (orders <= 14), so this theorem contributes nothing to delta_f <= 1 on that stratum",proposals/cycle2/latest-code/master/CLAIM-IDENTITY.json#E993-PAIR-MODE-D1
E993-PAIR-PLATEAU-LE1,OPEN,"MEASURED ONLY — exhaustive orders <= 17 + 25.4M constructed polynomials, 0 exceptions (CRIT-T1-F barrier hunt)",proposals/cycle2/latest-code/master/CLAIM-IDENTITY.json#E993-PAIR-PLATEAU-LE1
E993-PAIR-UNION-MODE,VERIFIED,"proved (ratio test + Darroch); the registered DISCOVERY is the guardrail, not the classical formula (CRIT-F2-T's framing adopted)",proposals/cycle2/latest-code/master/CLAIM-IDENTITY.json#E993-PAIR-UNION-MODE
E993-PAIR-ALPHA-SANDWICH,VERIFIED,"realizable tree/forest leaf pairs; proved (C1 stage-6 derivation, promoted at the C2 close because load-bearing: kills the exhibited abstract-retreat witnesses)",proposals/cycle2/latest-code/master/CLAIM-IDENTITY.json#E993-PAIR-ALPHA-SANDWICH
E993-PAIR-R1,VERIFIED,"sum algebra only (f's unimodality struck as unused — the WINDOW-THM non-minimality lesson); forest-facing use rides the OB-R20-SCHEME vertex-count order (debt discharged by amendment, C3-GATE-RECORD §4)",proposals/cycle2/latest-code/master/CLAIM-IDENTITY.json#E993-PAIR-R1
E993-PAIR-R2-GAP,VERIFIED,"the characterization is PROVED; whether R2-or-R2-prime HOLDS on all realizable pairs is the OPEN remainder (it is exactly what E993-PAIR-PHISTAR-CLOSURE needs at s = -1); R2 alone is sufficient-not-necessary (568 abstract failures, 96 with delta_f <= 1 — all 96 die under realizability normalization; an abstract-box fact); 'equivalent to overshoot' is BLOCKED as false",proposals/cycle2/latest-code/master/CLAIM-IDENTITY.json#E993-PAIR-R2-GAP
E993-PAIR-NETZERO,OPEN,"A BOUNDED ZERO ON ITS FACE — the tested abstract box only (lengths <= 5-ish, small values); evidence of nothing beyond itself; the run's realizability evidence, never proof; growing the box is the standing falsification target",proposals/cycle2/latest-code/master/CLAIM-IDENTITY.json#E993-PAIR-NETZERO
E993-PAIR-STAR-CLOSURE,VERIFIED,"the star family exactly; NEAR-STARS Broom(m,2): the peak-location premise is PROVED UNCONDITIONALLY at r20 C5 on two independent routes, either sufficing - Route A (F lane): closed-form gap identities in both parities, rise D(2s,s+1)-D(2s,s)=C(2s,s)/(s+1) and 4C(2s+1,s+1)/(s+2) (route R20C5-F2), fall C(2s,s)(5s+4)/((s+1)(s+2)) and 2C(2s+1,s+1)/(s+2) (CRIT-F2-T and CRIT-F2-U independently and identically - credit JOINT AND EQUAL; adjudicated ADJ-F F2-2), closing mode(D(m,.)) = floor(m/2)+1 for every m >= 0 with unimodality from the explicit factorization (1+x)^m(1+2x) (a factorization, not a citation - RUL-R20-C4-8 not engaged); Route B (T lane): the same by the binomial-ratio trichotomy on D(m,k) = C(m+1,k)+C(m,k-1) (R20C5-T2; re-derived by both its critics and ADJ-T), no log-concavity or real-rootedness used. The R20C3-T2.md Sec3.2 dependency (whose claimed Sec6.1 receipt does not exist) and the m<=800 bound are RETIRED; the CONDITIONAL qualifier is STRUCK. deg D(m,.) = m+1, not m+2. IMPORT STATUS (r20 C6, supersedes the C5 line): the chartered R20C4-T2 import is DISCHARGED - the six finite cases m=0..5 are exhibited on the R20C6-T2 face and re-executed byte-identical on four independent instruments, and the m>=4 closure is supplied by R20C6-CRIT-T2-U M-1 from the full-row shape theorem plus integrality alone (no M(2), no three-zone argument, no R20C5-T2 citation). 'FULLY PROVED, both parts, for every m>=0, standing alone' may be written ONLY on the COMPOSITE (R20C6-T2 pars.1.3/1.4/1.6 + CRIT-T2-U M-1) and NEVER on the R20C6-T2 face as sealed (which discharged one import while introducing an undisclosed R20C5-T2 Sec2.2 import). AVAILABLE, NOT YET ASSEMBLED: R20C5-T2 Sec1.5 + Sec2.2 at l=2 (M(2)=6) prove the lemma import-free for every m >= 6, leaving exactly six finite cases m=0..5 for a successor. COMBS: three independent computations of record (338 of 900, first at k=3, k=3 witness; the original route receipt's wrong-object provenance defect stands as recorded); brooms/spiders (m,l <= 70): measured; the general spider closed form (E993-PAIR-SPIDER-CLOSED-FORM) now subsumes the proved core",proposals/cycle2/latest-code/master/CLAIM-IDENTITY.json#E993-PAIR-STAR-CLOSURE
E993-PAIR-PATH-CLOSURE,VERIFIED,the path family exactly; the run's strongest single family result,proposals/cycle2/latest-code/master/CLAIM-IDENTITY.json#E993-PAIR-PATH-CLOSURE
E993-PAIR-ALPHA-FLOOR,VERIFIED,"Every forest, no exception. FOREST and TREE face (RUL-R20-C1-3). A statement about the independence NUMBER and the VERTEX COUNT - not about mode(i(F)) or any mode-indexed quantity.",proposals/cycle2/latest-code/master/CLAIM-IDENTITY.json#E993-PAIR-ALPHA-FLOOR
E993-R19-FIXED-GAMMA-HALL,OPEN,"Universal fixed-Gamma Hall mechanism for the r19 aggregate-beta route; stronger than E993-BETA-AGG; excludes the refuted residual-token capacity cap(y)=D-d_minus(y). [2026-09-17, Horn B of record (r23b terminal close, Ashton-approved): the r23 ordinary-tree object is the definition of record for O14's purposes; this row remains OPEN on its own governed-RTree terms pending the universal transfer RTree.semanticAdequacyTarget, registered as a named open obligation (LEDGER.md r23b section; r23b CLAIM-DISTINCTIONS entry HORN-B-OF-RECORD).]",proposals/cycle2/latest-code/master/CLAIM-IDENTITY.json#E993-R19-FIXED-GAMMA-HALL
E993-R19-TM-RATIO-PACKAGE,OPEN,The exact r19 T_m special-family ratio package only; does not assert all-tree aggregate beta or termwise negativity.,proposals/cycle2/latest-code/master/CLAIM-IDENTITY.json#E993-R19-TM-RATIO-PACKAGE
E993-R19-R2-HALL-UNIVERSAL,OPEN,"Universal radius-two Hall certificate in r19; strictly stronger than and not equivalent to E993-BETA-AGG. [2026-09-17, Horn B of record (r23b terminal close, Ashton-approved): the r23 ordinary-tree object is the definition of record for O14's purposes; this row remains OPEN on its own governed-RTree terms pending the universal transfer RTree.semanticAdequacyTarget, registered as a named open obligation (LEDGER.md r23b section; r23b CLAIM-DISTINCTIONS entry HORN-B-OF-RECORD).]",proposals/cycle2/latest-code/master/CLAIM-IDENTITY.json#E993-R19-R2-HALL-UNIVERSAL
E993-R19-U2-UNIVERSAL-FACES,OPEN,The two universal orbit/covariance sign faces used by the r19 conditional composition theorem; stronger than and not equivalent to E993-BETA-AGG.,proposals/cycle2/latest-code/master/CLAIM-IDENTITY.json#E993-R19-U2-UNIVERSAL-FACES
E993-PAIR-S-NEG1-WINDOW-REDUCTION,VERIFIED,"general sum algebra; no unimodality needed for the algebra itself; the corollary branch identification proved on two independent derivations (R20C4-ADJ-T Lemma-W re-derivation; R20C4-ADJ-U from identities I+II, 3,995/3,995 numeric)",proposals/cycle2/latest-code/master/CLAIM-IDENTITY.json#E993-PAIR-S-NEG1-WINDOW-REDUCTION
E993-PAIR-R-LE-G-POINTWISE,VERIFIED,"any graph with a leaf/support pair; registered ON ITS PROOF. Discriminating power of record: kill rate 93.84% at the lengths-2-5 box, of which 84.5% is the index-0 coordinate (a weakened form of the registered r0=1); honest marginal given r0=1 is 64.7% (224->79); net kills at the net-zero chain's terminus are ZERO; at the sealed lengths-2-4 box the lemma contributes nothing beyond r0<=1 (111/111 index-0)",proposals/cycle2/latest-code/master/CLAIM-IDENTITY.json#E993-PAIR-R-LE-G-POINTWISE
E993-PAIR-BRANCH-FACTORIZATION,VERIFIED,"forests, with the i(F - C(u)) factor MANDATORY (without it the identity is FALSE on every disconnected instance: 82/82 failures; CE1 (a-u-b)+(c-d) is the minimal witness). 'Any graph' STRUCK OUTRIGHT - false in substance (the w_i need not lie in distinct components of G-u; CE2 C_4+pendant, CE3 triangle+leaf). The originally proposed forest/any-graph text is REFUSED and may not be cited",proposals/cycle2/latest-code/master/CLAIM-IDENTITY.json#E993-PAIR-BRANCH-FACTORIZATION
E993-PAIR-SPIDER-CLOSED-FORM,VERIFIED,"MANDATORY SCOPE LINE: the closed form is a PROOF (induction on legs); the CLOSURE BOUND for general spiders is NOT proved. Subsumes the proved cores of E993-PAIR-STAR-CLOSURE, E993-PAIR-PATH-CLOSURE, and Broom(m,l) at every (m,l)",proposals/cycle2/latest-code/master/CLAIM-IDENTITY.json#E993-PAIR-SPIDER-CLOSED-FORM
E993-PAIR-CATERPILLAR-TRANSFER,VERIFIED,MANDATORY SCOPE LINE: the recursion is a PROOF; no closure bound for general caterpillars is proved. Interior-zero tooth vectors included,proposals/cycle2/latest-code/master/CLAIM-IDENTITY.json#E993-PAIR-CATERPILLAR-TRANSFER
E993-PAIR-RANK2-EXACT,VERIFIED,"EXACT only when the deleted object is CONNECTED (tree face, RUL-R20-C1-3 qualifier per ADJ-F-2); on the FOREST face only the inequality survives. Strictly strengthens {edge bound, cap} on that side, one-directionally",proposals/cycle2/latest-code/master/CLAIM-IDENTITY.json#E993-PAIR-RANK2-EXACT
E993-PAIR-RANK3-TREE-SANDWICH,VERIFIED,"TREE face only (connectedness load-bearing, ADJ-F-2). The endpoint C(n,3) - (n-1)(n-3) printed in the C4 F3 route deliverable is WRONG BY EXACTLY 1 and violated by the path at every n >= 2 (ADJ-F-1, CRITICAL) - it may not be cited. f-side struck as exactly redundant",proposals/cycle2/latest-code/master/CLAIM-IDENTITY.json#E993-PAIR-RANK3-TREE-SANDWICH
E993-PAIR-RANK3-FOREST-MAX,VERIFIED,"all forests, all (n,c)",proposals/cycle2/latest-code/master/CLAIM-IDENTITY.json#E993-PAIR-RANK3-FOREST-MAX
E993-PAIR-RANK3-FOREST-MIN,VERIFIED,"all forests, all (n,c), NO REGIME RESTRICTION (registers WITHOUT the r_1 <= 2c caveat - ruled unnecessary, C4-GATE-RECORD par.3 N9); P2^min = max(n-2c,0) proved",proposals/cycle2/latest-code/master/CLAIM-IDENTITY.json#E993-PAIR-RANK3-FOREST-MIN
E993-R19-ROOT-SAFE-PRUNE-TOTALITY,REFUTED,"Exact r19 decorated-state mechanism: finite target trees, all original leaves literally marked, connected strict vertex deletion only; does not cover relabeling, disconnected carriers, graft successors, or compensated exits",proposals/cycle2/latest-code/master/CLAIM-IDENTITY.json#E993-R19-ROOT-SAFE-PRUNE-TOTALITY
E993-R19-SUPPORT-LOCKED-CORRIDOR-ADVANCE,REFUTED,"Exact r19 corridor mechanism: every state label is locked to its current support, each operation edge preserves the literal label, and an advance traverses two distinct consecutive supports; does not cover carried provenance independent of current support",proposals/cycle2/latest-code/master/CLAIM-IDENTITY.json#E993-R19-SUPPORT-LOCKED-CORRIDOR-ADVANCE
E993-R19-SUPPORT-PRESERVING-UNIT-TRANSPORT,REFUTED,"Exact r19 unit-token mechanism with every matching edge preserving the leaf-support label; does not cover cross-support transport, non-unit capacities, or other aggregate encodings",proposals/cycle2/latest-code/master/CLAIM-IDENTITY.json#E993-R19-SUPPORT-PRESERVING-UNIT-TRANSPORT
E993-PAIR-FM-LEMMA,VERIFIED,"the full sum algebra of Identity II; NO unimodality, nonnegativity, zero-extension, s-value, or realizability hypothesis is used (registration says so per the adjudicated text). MANDATORY: Lemma FM narrows T2; it does not resolve it, and it is silent on T1/R2.",proposals/cycle2/latest-code/master/CLAIM-IDENTITY.json#E993-PAIR-FM-LEMMA
E993-PAIR-R-LOGCONCAVE-RATIO-BOUND,VERIFIED,"VERIFIED (proved, conditional on r's log-concavity - strictly stronger than the mere unimodality R1 already assumes). MANDATORY: does NOT imply T1 in general - T1 follows iff r_M*c > b*(b-c), and at c=0, b>0 the bound degenerates to 0 > b^2, false; the route's disclosure of this gap is correct. SHARPNESS: attained at non-degenerate instances (witness g=(4,8,10,10), r=(4,2,1), r_M=2, R20C5-ADJ-T par.2.6.3); attainment holds exactly when r_M^2 = r_{M+1}*(r_M+b) (18,630 configurations, 0 characterisation mismatches; 413 non-degenerate slack-0). No route/critic-sampled population established the attribute (all their slack-0 hits were degenerate r_M=0); the adjudicator witness does.",proposals/cycle2/latest-code/master/CLAIM-IDENTITY.json#E993-PAIR-R-LOGCONCAVE-RATIO-BOUND
E993-PAIR-EDGE-JOIN-COMPOSITION,VERIFIED,"PAIR FORM: realizable leaf pairs, closed on them; K_2 is the FORCED atom (K_1 carries no leaf); every leaf-marked tree is reachable by edge-peeling at the support (proved by hand; 2,298/2,298 leaf instances over 435 trees to order 11) - the property that makes this row bear on OB-R20-REALIZE. GENERAL LAW: any two graphs, any marked vertices - NO leaf, tree, forest or acyclicity hypothesis (verified 81,225/81,225 incl. cyclic and disconnected; this scope may NOT be narrowed). FOUR REFUSALS OF RECORD (r20 C6, so no controller 'fixes' correct sentences): the f'-formula may NOT be replaced (every C6 replacement proposal is a true identity about a differently-constructed side-2-intact object, REFUSED); f^(2) := i(H2) may NOT be 'fixed' to i(H2-u2); MANDATORY CONDITION 2 (f^(2) notationally distinct from f_2) may NOT be reversed; the any-two-rooted-graphs scope may NOT be narrowed to leaves.",proposals/cycle2/latest-code/master/CLAIM-IDENTITY.json#E993-PAIR-EDGE-JOIN-COMPOSITION
E993-PAIR-LOGCONCAVE-DOMINATED-R2-CONJECTURE,REFUTED,mechanism tier only - abstract sequence objects with no forest order; NEVER a target event. Registered REFUTED as a fence against re-proposal (r19 fence practice; monotone refutation precedence binds).,proposals/cycle2/latest-code/master/CLAIM-IDENTITY.json#E993-PAIR-LOGCONCAVE-DOMINATED-R2-CONJECTURE
E993-PAIR-GENERATION-THEOREM,VERIFIED,"FIVE MANDATORY LINES (all required): (1) OBJECT CLASS - forests not trees-only, triples not pairs; authority is CYCLE6-ALLOCATION's T-1 text, NOT contract Sec2 (whose PHI-REAL says 'an actual tree T and leaf v'); the triple form carries NO content beyond the pair form (r = (f-g)/x - triple- and pair-completeness are EQUIVALENT). (2) REDUCTION - the leaf-freedom lemma (realizable in the contract's leaf sense IFF realizable at ANY vertex of H := F-v) is proved, not measured. (3) GENERATIVE, NOT RECOGNITIONAL - decides no given (f,g,r) without search, supplies no separating invariant; OB-R20-REALIZE is NOT discharged and stays OPEN. (4) PROOF, NOT COMPUTATION - the universal quantifier is carried by the structural induction; the exhaustive m<=17 verification (1,354,143 triples at m=17, both directions) is corroboration only; no bounded match is evidence of anything beyond its box. (5) MECHANISM TIER - nothing here asserts, implies or bears on TREE/FOREST/TRANSFER/COUNTEREXAMPLE. EDGE-JOIN CITATION CAVEAT: this row may cite the r20 C6-repaired E993-PAIR-EDGE-JOIN-COMPOSITION text only, never the C5 text as originally written; MANDATORY CONDITION 2 of that row stands.",proposals/cycle2/latest-code/master/CLAIM-IDENTITY.json#E993-PAIR-GENERATION-THEOREM
E993-PAIR-BROOM-DOMINATION,VERIFIED,"FIXED l only — the simultaneous multi-leg growth refutation (r20 C5/C6) stands. M(l) table of record l = 0..24 on three mutually independent exhaustive scans, incl. closed-form exceptions l=0 (M=6) and l=1 (M=5). The closed form M(l) = max(2(s_l+2), Gamma(l)+1) is MEASURED l=0..24, NOT proved. MANDATORY: 'complete and gapless' may never be written on this row (struck three times in-run); the false 'condition (ii) reduces to j=1' mechanism (binding j = 2..5 at l = 0..6) may not be cited. The general-L multi-background extension is REGISTERED as E993-PAIR-GENERAL-L-DOMINATION (idx 78, the same C8 gate; sentence corrected r20 C9).",proposals/cycle2/latest-code/master/CLAIM-IDENTITY.json#E993-PAIR-BROOM-DOMINATION
E993-PAIR-K2-GRAFT-PRESERVATION,CONDITIONAL,"STRICTLY SUB-CHARTERED (C8-GATE-RECORD par.0): the K2 ATOM of ONE law (EDGE-JOIN), ONE stratum (s=-1); an atom instance is not a law - general EDGE-JOIN and DISJOINT-UNION carry no preservation theorem; delta_f=0 carries no theorem. FIREWALL: this restated form never consumes target-implying P-DF01 (= OPEN E993-PAIR-LEAFDRIFT-01); the route face's Corollary carried that breach and is struck of record. Registered CONDITIONAL - the row is not VERIFIED-unconditional and may never be cited without P-CASE-I named.",proposals/cycle2/latest-code/master/CLAIM-IDENTITY.json#E993-PAIR-K2-GRAFT-PRESERVATION
E993-PAIR-GENERAL-L-DOMINATION,VERIFIED,"fixed finite L only (simultaneous multi-leg growth refuted r20 C5/C6, stands); M(L) finite by the composite's chain; the SPIDER-CLOSED-FORM citation carries that row's mandatory scope line (the closed form is a proof; general-spider CLOSURE is not proved). Neither Broom nor Spider(1^m,L) can test R2 - mechanism tier entirely.",proposals/cycle2/latest-code/master/CLAIM-IDENTITY.json#E993-PAIR-GENERAL-L-DOMINATION
E993-R23-LITERAL-ACTUAL-TREE-FIXED-GAMMA-HALL,REFUTED,Literal ordinary-tree instantiation fixed by the r23 semantic contract; not every legacy governed RTree encoding. A changed or enlarged relation is a different claim.,proposals/cycle2/latest-code/master/CLAIM-IDENTITY.json#E993-R23-LITERAL-ACTUAL-TREE-FIXED-GAMMA-HALL
E993-R23-TAG-CLOSED-CUT-HALL,REFUTED,"Governed r23 scope (the A2.2-class dead-branch fence); the tag-closed-cut mechanism specifically, as distinct from the already-REFUTED all-cut mechanism (E993-R23-LITERAL-ACTUAL-TREE-FIXED-GAMMA-HALL, order-91) and from Delete-only universal Hall (refuted a fortiori from the same witness family). A changed or narrowed cut class is a different claim; the per-row demand |P| <= |N| (the O14 row) is NOT this claim and remains OPEN. Object of record: the r23 ordinary-tree object (Horn B).",proposals/cycle2/latest-code/master/CLAIM-IDENTITY.json#E993-R23-TAG-CLOSED-CUT-HALL
E993-G1WIDE-NO-SIZE-CAP,OPEN,Actual finite trees and separately the binder-for-binder RTree target in the solution contract,proposals/cycle2/latest-code/master/CLAIM-IDENTITY.json#E993-G1WIDE-NO-SIZE-CAP
E993-G1-GUARDED-KSCOPE25,REFUTED,G1-eligible actual tree tuples,proposals/cycle2/latest-code/master/CLAIM-IDENTITY.json#E993-G1-GUARDED-KSCOPE25
E993-MA-T16,REFUTED,"(1,1,2)*(1,1,3)=(1,2,6,5,6); factors are not graph vectors. Nested interval-layer closure is the same WU class according to the same source row 18.",proposals/cycle2/latest-code/master/CLAIM-IDENTITY.json#E993-MA-T16
E993-MA-T18,REFUTED,"Center-rooted K1,4 refutes universal composition and membership; the tree remains unimodal.",proposals/cycle2/latest-code/master/CLAIM-IDENTITY.json#E993-MA-T18
E993-MA-T19,REFUTED,"K1,3 and K1,4 show the retained data are insufficient; no target counterexample follows.",proposals/cycle2/latest-code/master/CLAIM-IDENTITY.json#E993-MA-T19
E993-T15,REFUTED,Refutes the proposed invariant only; witness tree remains unimodal.,proposals/cycle2/latest-code/master/CLAIM-IDENTITY.json#E993-T15
E993-T16,REFUTED,Refutes the proposed transport rule only.,proposals/cycle2/latest-code/master/CLAIM-IDENTITY.json#E993-T16
E993-T17,REFUTED,Refutes the proposed endpoint premise only.,proposals/cycle2/latest-code/master/CLAIM-IDENTITY.json#E993-T17
E993-T18,REFUTED,"Fails on rooted K_(1,6) at lambda=10; TREE unaffected.",proposals/cycle2/latest-code/master/CLAIM-IDENTITY.json#E993-T18
E993-T20,REFUTED,W_51 violates TDLC1 and remains weakly unimodal.,proposals/cycle2/latest-code/master/CLAIM-IDENTITY.json#E993-T20
OB-C9-F1-PROJECTION-FACTOR-DECODER,REFUTED,The Cycle 10 exact projection collision is not reversed.,proposals/cycle2/latest-code/master/CLAIM-IDENTITY.json#OB-C9-F1-PROJECTION-FACTOR-DECODER
OB-C9-U1-LINKED-CROSS-MINOR,REFUTED,The center-rooted four-vertex star has chi_2=-1.,proposals/cycle2/latest-code/master/CLAIM-IDENTITY.json#OB-C9-U1-LINKED-CROSS-MINOR
OB-C10-U3-AMBIENT-CLOSURE,REFUTED,The predecessor ambient-array refutation is not reversed.,proposals/cycle2/latest-code/master/CLAIM-IDENTITY.json#OB-C10-U3-AMBIENT-CLOSURE
R17-BETA-D2-PGE7,REFUTED,"Exact BetaTarget guards, support degree two and p>=7. Same actual order-91 marked witness in frozen audit; not equated to unrestricted beta scope.",proposals/cycle2/latest-code/master/CLAIM-IDENTITY.json#R17-BETA-D2-PGE7
R18-REFT5,REFUTED,fires 44/49 rows = 28/33 instances; exact firing criterion 2H >= (p+2)D+2 at edgeless-U star-hub scope; C5-GATE-RECORD §2,proposals/cycle2/latest-code/master/CLAIM-IDENTITY.json#R18-REFT5
E993-G1-GATEWAY-NORMAL-FORM,VERIFIED,"Ordinary finite trees with handle v-s-g and deg(s)=2; structural theorem without numerical G1 eligibility; empty residuals/blocks, grouped components, repeated isomorphism types included.",proposals/cycle2/latest-code/master/CLAIM-IDENTITY.json#E993-G1-GATEWAY-NORMAL-FORM
E993-G1-ORDINARY-PLE5-CLASSIFICATION-AND-SIGN,VERIFIED,Exact compound ordinary-graph low-rank theorem: full forest classification/count interface and exact ordinary G1 corollary; natural truncated guards reconciled to integer target rank. No RTree or p>=6 claim.,proposals/cycle2/latest-code/master/CLAIM-IDENTITY.json#E993-G1-ORDINARY-PLE5-CLASSIFICATION-AND-SIGN
E993-G1-MIXED-RESIDUAL-STRATUM,VERIFIED,Ordinary graph/count theorem. D_m has two adjacent centers with m leaves on each; K has one center joined to hubs carrying c_j pendant length-two arms. Empty lists and repeated factors allowed; fixed finite B list only.,proposals/cycle2/latest-code/master/CLAIM-IDENTITY.json#E993-G1-MIXED-RESIDUAL-STRATUM
E993-G1-PATH-FOREST-NORECOVERY,VERIFIED,"All ordinary path forests, including empty forest, isolated vertices and repeated path components.",proposals/cycle2/latest-code/master/CLAIM-IDENTITY.json#E993-G1-PATH-FOREST-NORECOVERY
E993-G1-UNBOUNDED-GUARDED-ENDPOINT-PATHS,VERIFIED,"Unbounded positive actual-graph witness family; existential n for each M, not every sufficiently large n.",proposals/cycle2/latest-code/master/CLAIM-IDENTITY.json#E993-G1-UNBOUNDED-GUARDED-ENDPOINT-PATHS
E993-TAIL-ONSET-DELETION,VERIFIED,"Full nonpositive tails, original graph neighborhood, not one-rank signs.",proposals/cycle2/latest-code/master/CLAIM-IDENTITY.json#E993-TAIL-ONSET-DELETION
E993-TAIL-ONSET-CONVOLUTION,VERIFIED,Finite nonzero nonnegative polynomial sequences; tau as globally defined.,proposals/cycle2/latest-code/master/CLAIM-IDENTITY.json#E993-TAIL-ONSET-CONVOLUTION
E993-G1-ALIGN-SUFFICIENT,CONDITIONAL,Full original guards plus existential ALIGN; surviving ALIGN premise explicitly required.,proposals/cycle2/latest-code/master/CLAIM-IDENTITY.json#E993-G1-ALIGN-SUFFICIENT
E993-G1-EXISTENTIAL-ALIGN,OPEN,Universal over exact ordinary G1 tuples; existential vertex selection and full deletion tails.,proposals/cycle2/latest-code/master/CLAIM-IDENTITY.json#E993-G1-EXISTENTIAL-ALIGN
E993-G1-ATTACHMENT-ROOT-ALIGN,REFUTED,Specified attachment roots in the original gateway decomposition; full tails.,proposals/cycle2/latest-code/master/CLAIM-IDENTITY.json#E993-G1-ATTACHMENT-ROOT-ALIGN
E993-G1-ALL-VERTEX-ALIGN,REFUTED,"All residual vertices, a stronger universal assertion than prescribed-root ALIGN.",proposals/cycle2/latest-code/master/CLAIM-IDENTITY.json#E993-G1-ALL-VERTEX-ALIGN
E993-G1-RESIDUAL-ADMISSION-BOUND,VERIFIED,Only the two residual guards; no ambient or sign sufficiency claimed.,proposals/cycle2/latest-code/master/CLAIM-IDENTITY.json#E993-G1-RESIDUAL-ADMISSION-BOUND
E993-G1-EDGELESS-INELIGIBILITY,VERIFIED,"All n including zero; numerical admission impossibility, compatible with structural gateway realizability.",proposals/cycle2/latest-code/master/CLAIM-IDENTITY.json#E993-G1-EDGELESS-INELIGIBILITY
E993-INDEPENDENCE-POSITIVE-DELTA-SIZE,VERIFIED,All finite ordinary simple graphs; negative ranks included by coefficient zero extension.,proposals/cycle2/latest-code/master/CLAIM-IDENTITY.json#E993-INDEPENDENCE-POSITIVE-DELTA-SIZE
E993-G1-PRESCRIBED-RECOVERY-LIFT,OPEN,Universal prescribed forest/rank pair lifting; original neighborhoods and full graph/count transport.,proposals/cycle2/latest-code/master/CLAIM-IDENTITY.json#E993-G1-PRESCRIBED-RECOVERY-LIFT
E993-G1-PRESCRIBED-LIFT-IMPLIES-FOREST,CONDITIONAL,Logical implication retaining both antecedents; uses the positive-difference size theorem.,proposals/cycle2/latest-code/master/CLAIM-IDENTITY.json#E993-G1-PRESCRIBED-LIFT-IMPLIES-FOREST
E993-INDEPENDENCE-UNIMODAL-IFF-NORECOVERY,VERIFIED,"Finite ordinary graph independence sequences, including the empty graph; first strict descent and zero tail conventions.",proposals/cycle2/latest-code/master/CLAIM-IDENTITY.json#E993-INDEPENDENCE-UNIMODAL-IFF-NORECOVERY
E993-FOREST-IMPLIES-ORDINARY-G1,CONDITIONAL,One-way conjecture implication; retains FOREST antecedent; no RTree representation conclusion.,proposals/cycle2/latest-code/master/CLAIM-IDENTITY.json#E993-FOREST-IMPLIES-ORDINARY-G1
E993-G1-NONTRS2-CORE-REDUCTION,CONDITIONAL,Pointwise conditional core theorem; empty core product is [1]; all LC factors have positive interval support; exact ordinary component counts required.,proposals/cycle2/latest-code/master/CLAIM-IDENTITY.json#E993-G1-NONTRS2-CORE-REDUCTION
E993-FOREST-IFF-UNIVERSAL-NONTRS2-CORE,VERIFIED,Universal premise-strength equivalence over all ordinary finite forests; neither side is asserted true.,proposals/cycle2/latest-code/master/CLAIM-IDENTITY.json#E993-FOREST-IFF-UNIVERSAL-NONTRS2-CORE
E993-G1-ORDINARY-RTREE-TRANSPORT,OPEN,Only the representation direction actually needed by a frozen target; no gratuitous universal two-way encoding requirement.,proposals/cycle2/latest-code/master/CLAIM-IDENTITY.json#E993-G1-ORDINARY-RTREE-TRANSPORT
E993-G1-GUARDS-IMPLY-RESIDUAL-LC,REFUTED,"Only the full-guard ordinary G1 population; adjacent LC at every rank, not local inequalities at one target rank.",proposals/cycle2/latest-code/master/CLAIM-IDENTITY.json#E993-G1-GUARDS-IMPLY-RESIDUAL-LC
E993-G1-GUARDS-IMPLY-COMPONENT-LC,REFUTED,Full-guard ordinary population; componentwise LC is stronger than residual-product LC.,proposals/cycle2/latest-code/master/CLAIM-IDENTITY.json#E993-G1-GUARDS-IMPLY-COMPONENT-LC
E993-G1-AT-MOST-ONE-NONTRS2-COMPONENT,REFUTED,"Component occurrences counted with multiplicity, not distinct isomorphism types.",proposals/cycle2/latest-code/master/CLAIM-IDENTITY.json#E993-G1-AT-MOST-ONE-NONTRS2-COMPONENT
E993-G1-RESIDUAL-MAXDEG-LE200,REFUTED,Ordinary G1 population; finite threshold 200 only. Consequence: all weaker upper caps d<=200 also fail.,proposals/cycle2/latest-code/master/CLAIM-IDENTITY.json#E993-G1-RESIDUAL-MAXDEG-LE200
E993-G1-RESIDUAL-BRANCHCOUNT-LE197,REFUTED,Ordinary G1 population; finite threshold 197 only; cited residual is subcubic.,proposals/cycle2/latest-code/master/CLAIM-IDENTITY.json#E993-G1-RESIDUAL-BRANCHCOUNT-LE197
E993-G1-CROSSING-GAP-LE39,REFUTED,"Every exact ordinary G1 tuple; gap=(p-2)-x(U), finite threshold 39 only. Root supplied the originating definition and the 160P3 full-guard example.",proposals/cycle2/latest-code/master/CLAIM-IDENTITY.json#E993-G1-CROSSING-GAP-LE39
E993-G1-TAIL-DIFFERENCES-NUMERICALLY-NONINCREASING,REFUTED,"Numerical monotonicity only between first descent and the target rank, inclusive; refuted inside that interval by 80P3 at j=99,k=100,p=102,x(U)=80. Both differences are negative. No sign-no-recovery refutation.",proposals/cycle2/latest-code/master/CLAIM-IDENTITY.json#E993-G1-TAIL-DIFFERENCES-NUMERICALLY-NONINCREASING
E993-RECOVERING-FOREST-MINIMALITY-DELETION,CONDITIONAL,"Minimal among all recovering forests, not only connected trees or ambient G1 examples.",proposals/cycle2/latest-code/master/CLAIM-IDENTITY.json#E993-RECOVERING-FOREST-MINIMALITY-DELETION
E993-G1-MINIMUM-TREE-COUNTEREXAMPLE-MULTICORE,CONDITIONAL,"Minimum among TREE counterexamples, plus a failing G1 tuple on that same tree.",proposals/cycle2/latest-code/master/CLAIM-IDENTITY.json#E993-G1-MINIMUM-TREE-COUNTEREXAMPLE-MULTICORE
E993-G1-MINIMUM-TREE-K25-SIZE,CONDITIONAL,Exact ordinary K25 conditional size bound; two components may share one gateway.,proposals/cycle2/latest-code/master/CLAIM-IDENTITY.json#E993-G1-MINIMUM-TREE-K25-SIZE
E993-GAPPED-ADJACENT-LC-TIMES-UNIMODAL,REFUTED,"Abstract sequence scope. Witness a=[1,0,0,1], b=[1,1], product=[1,1,0,1,1].",proposals/cycle2/latest-code/master/CLAIM-IDENTITY.json#E993-GAPPED-ADJACENT-LC-TIMES-UNIMODAL
E993-SINGLE-TAIL-SIGN-IMPLIES-NORECOVERY,REFUTED,"Abstract sequence mechanism; [1,4,3,5,1] has x=1, a nonpositive tail rank and later positive recovery relative to x. No forest realization.",proposals/cycle2/latest-code/master/CLAIM-IDENTITY.json#E993-SINGLE-TAIL-SIGN-IMPLIES-NORECOVERY
E993-PATH-STRICT-DESCENT-WITHOUT-SUPPORT,REFUTED,"Unrestricted integer tail without upper support bound; refuted by zero extension, explicitly P30 at k=16.",proposals/cycle2/latest-code/master/CLAIM-IDENTITY.json#E993-PATH-STRICT-DESCENT-WITHOUT-SUPPORT
E993-FIRST-STRICT-DESCENT-IS-FIRST-MAXIMIZER,REFUTED,"Path family, with plateaus allowed. P1 already has [1,1], first maximizer 0 and first strict descent 1; larger integral-root plateaus are also reported.",proposals/cycle2/latest-code/master/CLAIM-IDENTITY.json#E993-FIRST-STRICT-DESCENT-IS-FIRST-MAXIMIZER
E993-G1-UNBOUNDED-ENDPOINT-PATH-CROSSING-FAILURES,VERIFIED,Positive infinitude/unboundedness theorem for the complement of the eligible path set; floor/plateau conventions retained.,proposals/cycle2/latest-code/master/CLAIM-IDENTITY.json#E993-G1-UNBOUNDED-ENDPOINT-PATH-CROSSING-FAILURES
E993-G1-RESIDUAL-AMBIENT-DEPENDENCE-WITNESSES,VERIFIED,Only the admitted finite comparisons. The six-leaf example establishes changes of ambient/rank data; separate equality-boundary examples establish eligibility dependence.,proposals/cycle2/latest-code/master/CLAIM-IDENTITY.json#E993-G1-RESIDUAL-AMBIENT-DEPENDENCE-WITNESSES
E993-GRAPH-FIRST-WIDE-SHARP-CLASSIFICATION,VERIFIED,"All finite simple graphs; exact first-wide cardinality, not all larger cardinalities.",proposals/cycle2/latest-code/master/CLAIM-IDENTITY.json#E993-GRAPH-FIRST-WIDE-SHARP-CLASSIFICATION
E993-GRAPH-FIRST-WIDE-CROSSING-SIGN,VERIFIED,All finite simple graphs with exact first strict-descent guard; no ambient tuple needed.,proposals/cycle2/latest-code/master/CLAIM-IDENTITY.json#E993-GRAPH-FIRST-WIDE-CROSSING-SIGN
E993-GRAPH-COVER-TAIL-CERTIFICATE,VERIFIED,"Conditional structural tail bound; vc is vertex-cover number, not the deletion-tail onset tau.",proposals/cycle2/latest-code/master/CLAIM-IDENTITY.json#E993-GRAPH-COVER-TAIL-CERTIFICATE
E993-G1-ODD-BROOM-EXACT-FAMILY,VERIFIED,"Exact actual odd-broom family at every t>=0, with original neighborhoods and marked leaf v; ordinary graph scope only.",proposals/cycle2/latest-code/master/CLAIM-IDENTITY.json#E993-G1-ODD-BROOM-EXACT-FAMILY
E993-G1-UNBOUNDED-DEGREE-ODD-BROOMS,VERIFIED,"Positive unbounded witness theorem, proposed consequence of C2-P04 since maxdeg(U_m)=m+1.",proposals/cycle2/latest-code/master/CLAIM-IDENTITY.json#E993-G1-UNBOUNDED-DEGREE-ODD-BROOMS
E993-G1-ODD-BROOM-VANISHING-RELATIVE-GAP,VERIFIED,"Actual family C2-P04, r=t+3; i_r(U)>0 is explicit. On its negative target max(i_r,i_(r+1))=i_r.",proposals/cycle2/latest-code/master/CLAIM-IDENTITY.json#E993-G1-ODD-BROOM-VANISHING-RELATIVE-GAP
E993-K26-POWERS-LOGCONCAVE,VERIFIED,Fixed order-26 tree only; graph meaning is k disjoint copies; no varying-core or all-tree claim.,proposals/cycle2/latest-code/master/CLAIM-IDENTITY.json#E993-K26-POWERS-LOGCONCAVE
E993-G1-K26-REPETITION-LC-BACKGROUND,VERIFIED,"Fixed K26 component repetitions, arbitrary LC forest background, empty/repeated factors allowed; LC background remains an explicit structural hypothesis.",proposals/cycle2/latest-code/master/CLAIM-IDENTITY.json#E993-G1-K26-REPETITION-LC-BACKGROUND
E993-TREE-VARYING-BASE-FIXED-POWER-OBSTRUCTION,VERIFIED,Positive quantified varying-base witness theorem; base depends on k. The power counts a forest of k disjoint copies; all-k G1 eligibility is not asserted.,proposals/cycle2/latest-code/master/CLAIM-IDENTITY.json#E993-TREE-VARYING-BASE-FIXED-POWER-OBSTRUCTION
E993-GRAPH-CLIQUE-PARTITION-NORMALIZED-COMPARISON,VERIFIED,"Actual ordinary finite graphs on the same vertex set; clique partition and edge containment explicit; P_k>0 on0..d, both graph counts vanish past d.",proposals/cycle2/latest-code/master/CLAIM-IDENTITY.json#E993-GRAPH-CLIQUE-PARTITION-NORMALIZED-COMPARISON
E993-G1-MATCHING-COMPARATOR-SUFFICIENT,CONDITIONAL,Conditional application of C2-P10; actual matching and nonpositive comparator step are both explicit. Past comparator degree counts vanish.,proposals/cycle2/latest-code/master/CLAIM-IDENTITY.json#E993-G1-MATCHING-COMPARATOR-SUFFICIENT
E993-ORDINARY-G1-IMPLIES-FOREST,OPEN,Open converse direction to the registered FOREST=>G1 implication; does not assert either conjecture.,proposals/cycle2/latest-code/master/CLAIM-IDENTITY.json#E993-ORDINARY-G1-IMPLIES-FOREST
E993-TREE-SQUARE-LOGCONCAVE,REFUTED,"Fixed exponent2, arbitrary tree base; distinct from fixed K26 powers.",proposals/cycle2/latest-code/master/CLAIM-IDENTITY.json#E993-TREE-SQUARE-LOGCONCAVE
E993-G1-IDENTICAL-TWO-CORE-IMPLIES-LC,REFUTED,"Restricted actual full-guard population, two identical occurrences; separate from generic all-tree square property.",proposals/cycle2/latest-code/master/CLAIM-IDENTITY.json#E993-G1-IDENTICAL-TWO-CORE-IMPLIES-LC
E993-TREE-POWER3-LOGCONCAVE,REFUTED,"Exactly exponent 3; base tree order is the witness parameter, not the order of its disjoint-union power.",proposals/cycle2/latest-code/master/CLAIM-IDENTITY.json#E993-TREE-POWER3-LOGCONCAVE
E993-TREE-POWER5-LOGCONCAVE,REFUTED,"Exactly exponent 5; base tree order is the witness parameter, not the order of its disjoint-union power.",proposals/cycle2/latest-code/master/CLAIM-IDENTITY.json#E993-TREE-POWER5-LOGCONCAVE
E993-TREE-POWER8-LOGCONCAVE,REFUTED,"Exactly exponent 8; base tree order is the witness parameter, not the order of its disjoint-union power.",proposals/cycle2/latest-code/master/CLAIM-IDENTITY.json#E993-TREE-POWER8-LOGCONCAVE
E993-LC-SPANNING-FOREST-NORMALIZED-COMPARISON,REFUTED,Relaxation from a clique union/normal independent-set poset to merely LC spanning forest.,proposals/cycle2/latest-code/master/CLAIM-IDENTITY.json#E993-LC-SPANNING-FOREST-NORMALIZED-COMPARISON
E993-G1-MAXMATCHING-COMPARATOR-NONPOSITIVE,REFUTED,"Applicability of the specific sufficient comparator step, not validity of normalized comparison.",proposals/cycle2/latest-code/master/CLAIM-IDENTITY.json#E993-G1-MAXMATCHING-COMPARATOR-NONPOSITIVE
E993-G1-UNRESTRICTED-CONNECTED-GRAPH-EXTENSION,REFUTED,Exact extension of G1 to connected cyclic ambient graphs at arbitrary wide residual size; not the n=2r+2 theorem.,proposals/cycle2/latest-code/master/CLAIM-IDENTITY.json#E993-G1-UNRESTRICTED-CONNECTED-GRAPH-EXTENSION
E993-G1-VARYING-POWER-FAMILY-EMBEDDING,OPEN,"Existence of all original handle and numerical guards with p=x(T)+1; no target-sign conclusion asserted and no prescribed ambient order or fixed wrapper assumed. Finite k1,2,3,5,8 examples alone do not prove this quantifier.",proposals/cycle2/latest-code/master/CLAIM-IDENTITY.json#E993-G1-VARYING-POWER-FAMILY-EMBEDDING
E993-G1-UNIFORM-POSITIVE-RELATIVE-GAP,REFUTED,"A single epsilon for the entire original ordinary G1 domain. The proposed all-odd broom arbitrarily-small negative gap would refute it, but that universal family proof has not been independently admitted.",proposals/cycle2/latest-code/master/CLAIM-IDENTITY.json#E993-G1-UNIFORM-POSITIVE-RELATIVE-GAP
E993-TREE-UNIFORM-LC-POWER,REFUTED,A graph-independent exponent. This is distinct from fixed-base eventual smoothing and from the finite already-refuted individual exponent claims. The all-k varying-base obstruction remains a proposal.,proposals/cycle2/latest-code/master/CLAIM-IDENTITY.json#E993-TREE-UNIFORM-LC-POWER
E993-GRAPH-SECOND-WIDE-CROSSING-SIGN,VERIFIED,All finite ordinary simple graphs in exactly the second wide cardinality band; x is first strict descent. Its ordinary G1 specialization is an application. No RTree transport.,proposals/cycle2/latest-code/master/CLAIM-IDENTITY.json#E993-GRAPH-SECOND-WIDE-CROSSING-SIGN
E993-GRAPH-D3-COVER-THRESHOLD-SHARPNESS,VERIFIED,An explicit all-rank witness family showing the cover-only threshold cannot be lowered to 3. Forest witnesses when r>=2. Not a crossing-guard or G1 counterexample.,proposals/cycle2/latest-code/master/CLAIM-IDENTITY.json#E993-GRAPH-D3-COVER-THRESHOLD-SHARPNESS
E993-GRAPH-D3-BARE-COVER3-SIGN,REFUTED,Bare cover-number-only sign guarantee; no first-descent premise.,proposals/cycle2/latest-code/master/CLAIM-IDENTITY.json#E993-GRAPH-D3-BARE-COVER3-SIGN
E993-FOREST-D3-BARE-MATCHING3-SIGN,REFUTED,Bare matching-number-only sign guarantee on forests; no first-descent premise.,proposals/cycle2/latest-code/master/CLAIM-IDENTITY.json#E993-FOREST-D3-BARE-MATCHING3-SIGN
E993-C2-F1-TARGET-RANK-LC-WITNESS,VERIFIED,"One explicit connected B508 residual, left-center root, 168 bare g-leaves, p=250, r=248.",proposals/cycle2/latest-code/master/CLAIM-IDENTITY.json#E993-C2-F1-TARGET-RANK-LC-WITNESS
E993-C2-F1-STRUCTURED-FINITE-SEARCH,VERIFIED,"Fourteen component types, ten templates, 54 root patterns, h=0 through 320.",proposals/cycle2/latest-code/master/CLAIM-IDENTITY.json#E993-C2-F1-STRUCTURED-FINITE-SEARCH
E993-C2-F1-488-VERTEX-ALIGN-CHECK,VERIFIED,"Four disjoint K(17,19,23) copies; all 488 vertices through ten exact orbit types.",proposals/cycle2/latest-code/master/CLAIM-IDENTITY.json#E993-C2-F1-488-VERTEX-ALIGN-CHECK
E993-G1-GUARDS-IMPLY-TARGET-RANK-LC,REFUTED,"Only the target LC coordinate, weaker than global residual LC. Negative target is compatible with failure of this premise.",proposals/cycle2/latest-code/master/CLAIM-IDENTITY.json#E993-G1-GUARDS-IMPLY-TARGET-RANK-LC
E993-ORDINARY-G1-FIRST-WIDE-SLICE,VERIFIED,"Ordinary finite-tree G1 with every original guard retained, original neighborhoods, p=x(T)+1, and equality |U|=2p-2. The proof gives p>=3 and reconciles natural p-2 with integer target rank. No claim for larger residuals or governed RTree.",proposals/cycle2/latest-code/master/CLAIM-IDENTITY.json#E993-ORDINARY-G1-FIRST-WIDE-SLICE
E993-FOREST-D3-BARE-MATCHING2-SIGN,REFUTED,"Bare matching-only condition, no early first-descent guard. Separate from the already refuted matching-at-least-3 condition.",proposals/cycle2/latest-code/master/CLAIM-IDENTITY.json#E993-FOREST-D3-BARE-MATCHING2-SIGN
E993-G1-GUARDS-IMPLY-BG-COVER,REFUTED,Necessity of the sufficient Basit-Galvin cover certificate on actual fully guarded ordinary trees. This is distinct from a clique comparator sign claim.,proposals/cycle2/latest-code/master/CLAIM-IDENTITY.json#E993-G1-GUARDS-IMPLY-BG-COVER
E993-GRAPH-ROOTED-GATEWAY-MOMENT-INCIDENCE,VERIFIED,Every finite ordinary residual graph with finite exact gateway root blocks; H reconstruction only for the registered ordinary gateway construction. No RTree transport.,proposals/cycle2/latest-code/master/CLAIM-IDENTITY.json#E993-GRAPH-ROOTED-GATEWAY-MOMENT-INCIDENCE
E993-GRAPH-SINGLE-RANK-DELETION-SUFFICIENT,CONDITIONAL,"Every finite ordinary graph with integer zero extension; conditional application to exact ordinary G1 tuples. Only the displayed ranks, not full tails.",proposals/cycle2/latest-code/master/CLAIM-IDENTITY.json#E993-GRAPH-SINGLE-RANK-DELETION-SUFFICIENT
E993-SEQUENCE-LOCAL-LC-CORRIDOR-SUFFICIENT,VERIFIED,Finite coefficient sequences with positive interval support and zero extension; applied only as a sufficient ordinary residual certificate.,proposals/cycle2/latest-code/master/CLAIM-IDENTITY.json#E993-SEQUENCE-LOCAL-LC-CORRIDOR-SUFFICIENT
E993-G1-GUARDS-IMPLY-LOCAL-LC-CORRIDOR,REFUTED,"Universal exact ordinary G1 population; local interval only, not global residual LC.",proposals/cycle2/latest-code/master/CLAIM-IDENTITY.json#E993-G1-GUARDS-IMPLY-LOCAL-LC-CORRIDOR
E993-C2-T2-FIVE-K96-FINITE-CONTROLS,VERIFIED,"Two explicit ordinary trees only, with complete edge lists and exact U,H,A,T polynomials in RESULTS.json.",proposals/cycle2/latest-code/master/CLAIM-IDENTITY.json#E993-C2-T2-FIVE-K96-FINITE-CONTROLS
E993-G1-ODD-BROOM-FIXED-DIAMETER-BRANCHCOUNT,VERIFIED,The exact ordinary six-edge-tail odd-broom family with odd m=2t+1 and t>=1; geometry of U only.,proposals/cycle2/latest-code/master/CLAIM-IDENTITY.json#E993-G1-ODD-BROOM-FIXED-DIAMETER-BRANCHCOUNT
E993-C2-F2-EVEN-BROOM-FINITE-CROSSING,VERIFIED,"Finite exact ordinary edge-list computation for t=1,...,40 and t=257 only.",proposals/cycle2/latest-code/master/CLAIM-IDENTITY.json#E993-C2-F2-EVEN-BROOM-FINITE-CROSSING
E993-C2-F2-TAIL10-FINITE-CONTROLS,VERIFIED,"Finite exact ordinary edge-list computation for tail length 10, t=0,...,30 and t=257 only.",proposals/cycle2/latest-code/master/CLAIM-IDENTITY.json#E993-C2-F2-TAIL10-FINITE-CONTROLS
E993-GRAPH-COVER3-STRICT-PRE-R-INCREASE,REFUTED,"Strict strengthening of the low-cover auxiliary pre-r bound only. The origin asserts weak nondecrease, so its theorem is not refuted.",proposals/cycle2/latest-code/master/CLAIM-IDENTITY.json#E993-GRAPH-COVER3-STRICT-PRE-R-INCREASE
E993-G1-COMMON-CONNECTOR-LIFT-SUFFICIENT,CONDITIONAL,Ordinary finite nonempty forests and the specified common-connector construction; sufficient root-profile inequalities retained verbatim; no assertion that a successful root set exists.,proposals/cycle2/latest-code/master/CLAIM-IDENTITY.json#E993-G1-COMMON-CONNECTOR-LIFT-SUFFICIENT
E993-G1-MINIMAL-CANONICAL-LIFT-IMPLIES-FOREST,CONDITIONAL,Conditional logical implication over minimum-order recovering forests only; the minimal canonical-lift premise remains unproved; no RTree scope.,proposals/cycle2/latest-code/master/CLAIM-IDENTITY.json#E993-G1-MINIMAL-CANONICAL-LIFT-IMPLIES-FOREST
E993-RECOVERING-FOREST-MINIMUM-COMPONENT-DICHOTOMY,CONDITIONAL,Hypothetical minimum by vertex count among all recovering finite ordinary forests; conditional on existence; component TRS2 has its admitted positive-interval meaning.,proposals/cycle2/latest-code/master/CLAIM-IDENTITY.json#E993-RECOVERING-FOREST-MINIMUM-COMPONENT-DICHOTOMY
E993-C2-U2-T649-ROOT-CONTROL,VERIFIED,One exact ordinary tree and marked tuple; fresh larger corroboration of E993-G1-ATTACHMENT-ROOT-ALIGN only; no existential-ALIGN or G1 refutation.,proposals/cycle2/latest-code/master/CLAIM-IDENTITY.json#E993-C2-U2-T649-ROOT-CONTROL
E993-G1-MINIMAL-CANONICAL-RECOVERY-LIFT,OPEN,"Unproved root-profile premise used by C2-U2. The wrapper is restricted to a single common connector and a three-edge handle, with no added bare leaves. Smaller domain and restricted codomain do not establish logical weakness relative to arbitrary prescribed-pair lifting.",proposals/cycle2/latest-code/master/CLAIM-IDENTITY.json#E993-G1-MINIMAL-CANONICAL-RECOVERY-LIFT
E993-G1-K26-B8-MIXED-GE99-LC-BACKGROUND,VERIFIED,"Exactly one fixed order-52 Q=B_8 core, at least 99 fixed K26 cores, and an explicitly LC finite-forest background; ordinary graphs only. The k=98 product is nonLC. Pending root intake; no arbitrary-core or uniform threshold claim.",proposals/cycle2/latest-code/master/CLAIM-IDENTITY.json#E993-G1-K26-B8-MIXED-GE99-LC-BACKGROUND
E993-C2-T3-THREE-FRESH-G1-CONTROLS,VERIFIED,"Exactly the three deterministic edge constructions and marked leaves generated by replay.py; finite computation only, pending root intake. The B_19 residual is nonLC; none is a target counterexample or an all-parameter embedding theorem.",proposals/cycle2/latest-code/master/CLAIM-IDENTITY.json#E993-C2-T3-THREE-FRESH-G1-CONTROLS
E993-K26-B8-MIXED-GE98-LOGCONCAVE,REFUTED,"Specified two-core family, no background. Fails at k=98, with negative margin -78271 at rank1398. This is not the proposed k>=99 statement.",proposals/cycle2/latest-code/master/CLAIM-IDENTITY.json#E993-K26-B8-MIXED-GE98-LOGCONCAVE
E993-LC-CONVOLUTION-WEAK-NONPOSITIVE-DIFFERENCE-PERSISTENCE,REFUTED,"Overstrong auxiliary step in the source report, not the valid LC-times-unimodal theorem. Counterexample a=[1,1,2,1], b=[1], r=1,s=2 has values0 and1. Sequence a is not asserted to be a graph independence sequence.",proposals/cycle2/latest-code/master/CLAIM-IDENTITY.json#E993-LC-CONVOLUTION-WEAK-NONPOSITIVE-DIFFERENCE-PERSISTENCE
E993-C2-F3-VARYING-POWER-FINITE-EMBEDDINGS-K1-24,VERIFIED,"The 24 individually checked exponents k=1,...,24 with the explicit wrapper and recorded e values; pending root registration. Finite exact computation only, with e searched in 0..32 for k<=16 and e=0 checked for k=17..24; no universal extrapolation.",proposals/cycle2/latest-code/master/CLAIM-IDENTITY.json#E993-C2-F3-VARYING-POWER-FINITE-EMBEDDINGS-K1-24
E993-FIXED-GRAPH-EVENTUAL-POWER-LOGCONCAVITY,VERIFIED,"Fixed finite graph first, then sufficiently large exponent; pending root registration as a literature-derived quantifier clarification. Application of Odlyzko--Richmond Theorem 1 after positive normalization; empty graph handled separately; no uniform threshold over graphs.",proposals/cycle2/latest-code/master/CLAIM-IDENTITY.json#E993-FIXED-GRAPH-EVENTUAL-POWER-LOGCONCAVITY
E993-FOREST-MAXMATCHING-CLIQUE-CERTIFICATE-OPTIMALITY,VERIFIED,"Ordinary coefficient polynomials for 0<=m<=floor(n/2), with positive supported denominator coefficients; forest corollary uses that every forest clique has order at most two.",proposals/cycle2/latest-code/master/CLAIM-IDENTITY.json#E993-FOREST-MAXMATCHING-CLIQUE-CERTIFICATE-OPTIMALITY
E993-C2-U3-STAR12-ROOT-PAIR,VERIFIED,The two explicit ordinary trees constructed in REPORT.md only; exact integer forest-DP computation.,proposals/cycle2/latest-code/master/CLAIM-IDENTITY.json#E993-C2-U3-STAR12-ROOT-PAIR
E993-C2-CT-F2-LARGER-BROOM-CONTROLS,VERIFIED,"Four literal finite ordinary trees only: (m,L)=(2063,6),(2062,6),(2063,10),(2063,14), with the original c-q-g-s-v marked attachment, exact original neighborhoods, and complete stored independent-set polynomials. No all-parameter extension is asserted.",proposals/cycle2/latest-code/master/CLAIM-IDENTITY.json#E993-C2-CT-F2-LARGER-BROOM-CONTROLS
E993-C2-CU-F2-FRESH-PARITY-TAIL-CONTROLS,VERIFIED,"Finite exact computation on these four explicitly enumerated ordinary trees only. The supporting bounded shape sweep has m=0..41,L=1..18, with 756 parameter pairs, 144 full-guard pairs and no positive target among those 144; no extrapolation or distinctness claim relative to older searches.",proposals/cycle2/latest-code/master/CLAIM-IDENTITY.json#E993-C2-CU-F2-FRESH-PARITY-TAIL-CONTROLS
E993-C2-CF-T2-SIX-K96-SHARED-GATEWAY-CONTROL,VERIFIED,"One explicit ordinary tree of order 773 with six disjoint K(14,15,17) residual components of total order 576, three pairwise load-two gateways and 191 additional empty gateways; plus the literal fixed-construction grid of 231 extra-leaf values 0 through 230. No universal or RTree result.",proposals/cycle2/latest-code/master/CLAIM-IDENTITY.json#E993-C2-CF-T2-SIX-K96-SHARED-GATEWAY-CONTROL
E993-C2-CF-T2-LOCAL-LC-SCOPE-ATTACKS,VERIFIED,"Two explicit finite scalar coefficient sequences only: [2,1,0,0,1,2] and [1,4,3,5,1]; neither is claimed to be an independence polynomial of a forest.",proposals/cycle2/latest-code/master/CLAIM-IDENTITY.json#E993-C2-CF-T2-LOCAL-LC-SCOPE-ATTACKS
E993-C2-CF-T3-FIVE-FRESH-G1-CONTROLS,VERIFIED,"Exactly the five deterministic edge constructions in independent_check.py, ambient orders3270,3323,3329,3510,269 respectively. Finite computations; no universal wrapper eligibility, forest unimodality or target counterexample.",proposals/cycle2/latest-code/master/CLAIM-IDENTITY.json#E993-C2-CF-T3-FIVE-FRESH-G1-CONTROLS
E993-C2-CU-T3-THREE-FRESH-G1-CONTROLS,VERIFIED,"Exactly three independently constructed ordinary trees: fresh_K103_Q8_P8 (ambient 2846), fresh_K101_Q9 (ambient 2789), and fresh_varying17 (ambient 2434), with the explicit edges and marked leaves in the owned evidence. Finite computation only; no all-parameter guard eligibility, no unrestricted G1 proof, no governed-RTree statement; pending root intake.",proposals/cycle2/latest-code/master/CLAIM-IDENTITY.json#E993-C2-CU-T3-THREE-FRESH-G1-CONTROLS
E993-K26-B9-MIXED-GE99-LOGCONCAVE,REFUTED,"Fixed B9 replacement, no background; ordinary finite forest, not the surviving specified B8 theorem. The witness order is the residual forest order, not ambient G1 tree order.",proposals/cycle2/latest-code/master/CLAIM-IDENTITY.json#E993-K26-B9-MIXED-GE99-LOGCONCAVE
E993-C2-CU-T2-SIX-K96-LOCAL-LC-FALSIFIER,VERIFIED,"One explicitly constructed ordinary tree of order 782 with six K(14,15,17) residual components, 197 additional g-leaves and complete edges and exact U,H,A,T polynomials. No all-parameter or minimality claim.",proposals/cycle2/latest-code/master/CLAIM-IDENTITY.json#E993-C2-CU-T2-SIX-K96-LOCAL-LC-FALSIFIER
E993-G1-EXISTENTIAL-SINGLE-RANK-DELETION,OPEN,"Every finite ordinary G1 tree tuple with the full frozen guards. Only the two displayed ranks; neither prescribed-root nor all-vertex quantification, and no full-tail premise.",proposals/cycle2/latest-code/master/CLAIM-IDENTITY.json#E993-G1-EXISTENTIAL-SINGLE-RANK-DELETION
E993-C2-CT-F1-BETA256-ALIGN-CONTROL,VERIFIED,"One explicit B256 residual of order 1027 attached at its center through a connector to g, with v-s-g and no bare g-leaves; finite wrapper trials h=0..12 are supplemental evidence.",proposals/cycle2/latest-code/master/CLAIM-IDENTITY.json#E993-C2-CT-F1-BETA256-ALIGN-CONTROL
E993-C2-CT-F1-T1588-TARGET-LC-CONTROL,VERIFIED,"One center-chain with alternating cores K(24,25,26), K(30,31,32), K(24,25,26), K(30,31,32), K(24,25,26), K(30,31,32), K(24,25,26), attached at the left center through a connector to g with v-s-g and h=398.",proposals/cycle2/latest-code/master/CLAIM-IDENTITY.json#E993-C2-CT-F1-T1588-TARGET-LC-CONTROL
E993-C2-CU-F1-BETA300-CONTROL,VERIFIED,"One beta-family residual B300 of order1203; attach a new four-vertex path at its center and one bare g-leaf. This is a single explicit ordinary tree, not an all-m statement.",proposals/cycle2/latest-code/master/CLAIM-IDENTITY.json#E993-C2-CU-F1-BETA300-CONTROL
E993-C2-CU-F1-LARGER-CHAIN-HORIZON,VERIFIED,"The exact seven arm triples (18,20,24),(20,22,26),(25,27,29),(18,21,23),(30,31,35),(20,22,26),(18,20,24), connected in center-chain order; roots0,434,898; h=0..720 only.",proposals/cycle2/latest-code/master/CLAIM-IDENTITY.json#E993-C2-CU-F1-LARGER-CHAIN-HORIZON
E993-FOREST-TWO-EDGE-NEXT-BAND-FAMILY,VERIFIED,"All integers r>=1 for this explicit actual-forest family, i0=1 and integer zero extension. It refutes only the bare matching-two d=3 sign; every family member fails x(F_r)<r and is not a G1 counterexample.",proposals/cycle2/latest-code/master/CLAIM-IDENTITY.json#E993-FOREST-TWO-EDGE-NEXT-BAND-FAMILY
E993-C2-CT-U1-LARGER-FINITE-TREE-BG-GAPS,VERIFIED,"Exactly three recorded finite ordinary trees with original neighborhoods, p=x(T)+1 and all four complete integer polynomials. No all-m theorem, unbounded deficit conclusion, positive-target event or RTree transport.",proposals/cycle2/latest-code/master/CLAIM-IDENTITY.json#E993-C2-CT-U1-LARGER-FINITE-TREE-BG-GAPS
E993-C2-CT-U1-LARGER-FINITE-CYCLIC-FENCES,VERIFIED,"Exactly four explicit cyclic graphs with the local leaf/degree-two handle and every numerical G1 guard. All fail the tree/acyclicity guard and lie outside residual order2r+2. They do not refute ordinary-tree G1, the boundary theorem or C1 forest low-rank scope.",proposals/cycle2/latest-code/master/CLAIM-IDENTITY.json#E993-C2-CT-U1-LARGER-FINITE-CYCLIC-FENCES
E993-C2-CF-U1-BOUNDED-FOCUSED-ATTACK,VERIFIED,"Only the explicit deterministic finite constructions and enumerations in INDEPENDENT-CHECKS.json and FOCUSED-BOUNDARY-CHECKS.json, with full edges and integer polynomials for named graph witnesses. Core-six evaluations are labelled constructions, not distinct isomorphism classes or all graphs at n20/n42. T36 is cyclic. T249/T219 are negative-target certificate-noncoverage witnesses. No universal family statement, novelty claim, Lean award or RTree transport.",proposals/cycle2/latest-code/master/CLAIM-IDENTITY.json#E993-C2-CF-U1-BOUNDED-FOCUSED-ATTACK
E993-GRAPH-EDGE-ADDITION-DELTA-NONINCREASE,REFUTED,Universal graph edge-addition monotonicity shortcut. The order42 witness also lies on n=2r+2. No early-descent premise and no ordinary-G1 implication asserted.,proposals/cycle2/latest-code/master/CLAIM-IDENTITY.json#E993-GRAPH-EDGE-ADDITION-DELTA-NONINCREASE
E993-C2-F3-K25-G1-EMBEDDING,VERIFIED,One specified ordinary tree of order 4778 with residual 25 disjoint B31 copies of total order 4750; pending root registration.,proposals/cycle2/latest-code/master/CLAIM-IDENTITY.json#E993-C2-F3-K25-G1-EMBEDDING
E993-C2-F3-K25-G1-LC-RANK-SEPARATION,VERIFIED,One exact actual ordinary tree of order4778 with residual25 copies of B31 of total order4750; pending root registration.,proposals/cycle2/latest-code/master/CLAIM-IDENTITY.json#E993-C2-F3-K25-G1-LC-RANK-SEPARATION
E993-C2-F3-PADDING-FIVE-CASE-ELIGIBILITY,VERIFIED,"Five explicitly stored ordinary-tree wrappers at (k,e)=(1,0),(1,3),(1,64),(7,0),(7,1); pending root registration.",proposals/cycle2/latest-code/master/CLAIM-IDENTITY.json#E993-C2-F3-PADDING-FIVE-CASE-ELIGIBILITY
E993-C2-F3-ZERO-PADDING-THREE-CASE-NONELIGIBILITY,VERIFIED,Three explicit ordinary-tree instances within a twelve-case boundary attack; pending root registration.,proposals/cycle2/latest-code/master/CLAIM-IDENTITY.json#E993-C2-F3-ZERO-PADDING-THREE-CASE-NONELIGIBILITY
E993-C2-CT-U2-T715-DISCONNECTED-ROOT-CONTROL,VERIFIED,"One explicitly constructed ordinary simple tree and its marked tuple. Fixed-root obstruction corroboration with a disconnected residual; no existential-ALIGN, recovery-lift or G1 counterexample, no all-parameter theorem, no RTree scope.",proposals/cycle2/latest-code/master/CLAIM-IDENTITY.json#E993-C2-CT-U2-T715-DISCONNECTED-ROOT-CONTROL
E993-C2-CT-U2-SMALL-GRAPH-CONNECTOR-CHECKS,VERIFIED,"Finite exhaustive labeled graph scope n=0..5 for deletion identities, q=-2..n+1; all nonempty forests n=1..5 and root-per-component choices for common connectors, k=-2..n+4. Includes the empty graph only in the general graph checks.",proposals/cycle2/latest-code/master/CLAIM-IDENTITY.json#E993-C2-CT-U2-SMALL-GRAPH-CONNECTOR-CHECKS
E993-C2-CF-U2-T807-ROOT-OBSTRUCTION,VERIFIED,"One explicit ordinary tree on vertices 0..806 with original neighborhoods; finite computation; no all-m theorem, no G1 or existential-ALIGN counterexample and no RTree scope.",proposals/cycle2/latest-code/master/CLAIM-IDENTITY.json#E993-C2-CF-U2-T807-ROOT-OBSTRUCTION
E993-C2-CF-U2-FOCUSED-IDENTITY-CONTROLS,VERIFIED,"Exact finite computation on the listed labeled graph census, root choices, five origin controls and eight explicitly parameterized wrappers. Negative ranks -3 through stated finite zero tails included. No universal lifting, ALIGN or forest-unimodality proof.",proposals/cycle2/latest-code/master/CLAIM-IDENTITY.json#E993-C2-CF-U2-FOCUSED-IDENTITY-CONTROLS
E993-C2-CT-U3-STAR24-STAR40-ROOT-PAIRS,VERIFIED,"Exactly four ordinary trees: m=24 gives ambient/residual orders 123/96; m=40 gives orders 203/160. Graph labels, original neighborhoods, every polynomial, rank and guard are specified in CRITIQUE.md and independent-evidence.json. No all-m claim.",proposals/cycle2/latest-code/master/CLAIM-IDENTITY.json#E993-C2-CT-U3-STAR24-STAR40-ROOT-PAIRS
E993-C2-CT-U3-ORDER102-LC-RELAXATION-WITNESS,VERIFIED,"The explicitly listed order-102 graph pair only, with exact independence polynomials and all H log-concavity margins. Mechanism refutation of LC-spanning-forest normalized comparison, not a G1 claim.",proposals/cycle2/latest-code/master/CLAIM-IDENTITY.json#E993-C2-CT-U3-ORDER102-LC-RELAXATION-WITNESS
E993-C2-CT-U3-FINITE-COMPARATOR-STRESS,VERIFIED,"Eight flow instances, two explicit order-87 graphs, exactly 698680 matching-grid rank comparisons, and six explicit forest/core powers of orders 26,52,78 and 52,104,156. Finite exact corroboration only; the universal proof is separately audited.",proposals/cycle2/latest-code/master/CLAIM-IDENTITY.json#E993-C2-CT-U3-FINITE-COMPARATOR-STRESS
E993-C2-CF-U3-STAR24-ROOT-PAIR,VERIFIED,"Only the two edge-labeled ordinary trees in independent-evidence.json fresh_star24_pair; exact integer include/exclude computation with all original-neighborhood guards, first descents and maximum matching sizes.",proposals/cycle2/latest-code/master/CLAIM-IDENTITY.json#E993-C2-CF-U3-STAR24-ROOT-PAIR
E993-C2-CF-U3-LC62-WITNESS,VERIFIED,Only the two explicit order-62 ordinary forests on one common vertex set in independent-evidence.json fresh_LC_order62; H is a spanning subforest of the tree G; no G1 tuple is asserted.,proposals/cycle2/latest-code/master/CLAIM-IDENTITY.json#E993-C2-CF-U3-LC62-WITNESS
E993-C2-COVER3-NINE-VERTEX-PLATEAU-WITNESS,VERIFIED,"One explicitly specified nine-vertex ordinary bipartite graph; it is not a forest or a G1 counterexample. Both critic occurrences identify this same graph, not two independent witness instances.",proposals/cycle2/latest-code/master/CLAIM-IDENTITY.json#E993-C2-COVER3-NINE-VERTEX-PLATEAU-WITNESS
E993-C2-CU-T3-B9-EXACT-FINITE-WITNESS,VERIFIED,"Exactly the deterministic ordinary tree fresh_K101_Q9 on 2789 vertices with residual 101 copies of K(3,4,4) and one K(9,9,9), marked v=2788, s=2787, g=2786. Finite exact computation; no G1 target counterexample and no refutation of the fixed B8 theorem.",proposals/cycle2/latest-code/master/CLAIM-IDENTITY.json#E993-C2-CU-T3-B9-EXACT-FINITE-WITNESS
E993-G1-B7-WRAPPER-PADDING-ELIGIBILITY-MONOTONE,REFUTED,Fixed B7 residual and fixed handle/center-root gateway; only the number of additional g-leaves changes. This minimal exact family already refutes a broader all-wrapper padding-preservation assertion.,proposals/cycle2/latest-code/master/CLAIM-IDENTITY.json#E993-G1-B7-WRAPPER-PADDING-ELIGIBILITY-MONOTONE
E993-G1-COUNTEREXAMPLE-PGE6-RESIDUAL-GE2P,CONDITIONAL,"Necessary region for a hypothetical ordinary G1 counterexample only. Uses inherited C1 p<=5 exclusion and the C2 first/second wide bands, including the second band's admitted literature dependency. Does not assert a counterexample exists.",proposals/cycle2/latest-code/master/CLAIM-IDENTITY.json#E993-G1-COUNTEREXAMPLE-PGE6-RESIDUAL-GE2P
E993-G1-VARYING-WRAPPER-AUTOMATIC-ELIGIBILITY,REFUTED,"Exactly the F3 varying-base structural wrapper family, B_a the order6a+4 center/three-hub/two-edge-arm tree and a=k+6. Structure alone is the proposed premise; no size, Gamma or crossing guard is assumed as an antecedent.",proposals/cycle2/latest-code/master/CLAIM-IDENTITY.json#E993-G1-VARYING-WRAPPER-AUTOMATIC-ELIGIBILITY
E993-FOREST-THIRD-WIDE-CROSSING-SIGN,VERIFIED,Exactly the third wide residual band; forest domain. No ambient Gamma premise is required. No all-simple-graph or RTree extension.,proposals/cycle2/latest-code/master/CLAIM-IDENTITY.json#E993-FOREST-THIRD-WIDE-CROSSING-SIGN
E993-ORDINARY-G1-THIRD-WIDE-SLICE,VERIFIED,"A finite ordinary tree T with distinct leaf v, degree-two support s, other neighbor g; A=T-{v,s}, H=A-g, U=A-N_A[g]=T-(N_T[v] union N_T[g]); p=x(T)+1>=3, r=p-2, Gamma=Delta_p(A)+Delta_(p-1)(H)<0, |U|>2p-3=2r+1, and x(U)<r. This is the specialization |U|=2p=2r+4.",proposals/cycle2/latest-code/master/CLAIM-IDENTITY.json#E993-ORDINARY-G1-THIRD-WIDE-SLICE
E993-FOREST-FIVE-EDGE-THIRD-BAND-COMPARATOR,VERIFIED,Exact spanning matching comparator in order 2r+4; no sign conclusion for an arbitrary residual without the normalized comparison.,proposals/cycle2/latest-code/master/CLAIM-IDENTITY.json#E993-FOREST-FIVE-EDGE-THIRD-BAND-COMPARATOR
E993-FOREST-COVER4-THIRD-BAND-PRE-R-INCREASE,VERIFIED,Forest cover-four branch only; strict positivity is asserted here. Do not import the refuted all-graph cover-three strictness at order 2r+3 or extend this statement to all graphs.,proposals/cycle2/latest-code/master/CLAIM-IDENTITY.json#E993-FOREST-COVER4-THIRD-BAND-PRE-R-INCREASE
E993-GRAPH-VERTEX-COVER-DELTA-PARTITION,VERIFIED,Counts are zero outside natural supported ranks. The set S must be independent in F[C]; neighborhood overlaps are preserved exactly.,proposals/cycle2/latest-code/master/CLAIM-IDENTITY.json#E993-GRAPH-VERTEX-COVER-DELTA-PARTITION
E993-BINOMIAL-DIFFERENCE-CATALAN-FLOOR,VERIFIED,Arithmetic auxiliary; independent of any graph or G1 hypothesis.,proposals/cycle2/latest-code/master/CLAIM-IDENTITY.json#E993-BINOMIAL-DIFFERENCE-CATALAN-FLOOR
E993-CATALAN-COVER4-PRE-R-INEQUALITY,VERIFIED,Arithmetic auxiliary for the cover-four branch only.,proposals/cycle2/latest-code/master/CLAIM-IDENTITY.json#E993-CATALAN-COVER4-PRE-R-INEQUALITY
E993-G1-RANK-SCALED-MARGIN-FACTOR2,REFUTED,"A finite ordinary tree T with distinct leaf v, degree-two support s, other neighbor g; A=T-{v,s}, H=A-g, U=A-N_A[g]=T-(N_T[v] union N_T[g]); p=x(T)+1>=3, r=p-2, Gamma=Delta_p(A)+Delta_(p-1)(H)<0, |U|>2p-3=2r+1, and x(U)<r. Positive denominator a_r is explicit.",proposals/cycle2/latest-code/master/CLAIM-IDENTITY.json#E993-G1-RANK-SCALED-MARGIN-FACTOR2
E993-C3-T121-FACTOR2-MARGIN-WITNESS,VERIFIED,One finite full ordinary G1 tuple. The positive assertion that this witness exists is separate from the false universal margin key.,proposals/cycle2/latest-code/master/CLAIM-IDENTITY.json#E993-C3-T121-FACTOR2-MARGIN-WITNESS
E993-G1-RANK-SCALED-MARGIN-FACTOR1,OPEN,"A finite ordinary tree T with distinct leaf v, degree-two support s, other neighbor g; A=T-{v,s}, H=A-g, U=A-N_A[g]=T-(N_T[v] union N_T[g]); p=x(T)+1>=3, r=p-2, Gamma=Delta_p(A)+Delta_(p-1)(H)<0, |U|>2p-3=2r+1, and x(U)<r. This is a rank-dependent lower bound on the unscaled relative gap, with factor 1/(r+1).",proposals/cycle2/latest-code/master/CLAIM-IDENTITY.json#E993-G1-RANK-SCALED-MARGIN-FACTOR1
E993-GRAPH-SR2-EXACT-AVERAGE-IDENTITIES,VERIFIED,"All integer ranks, including zero, negative ranks and support endpoints; i_j=0 outside natural supported ranks. Empty vertex sums are allowed. No vertex-existence consequence is included.",proposals/cycle2/latest-code/master/CLAIM-IDENTITY.json#E993-GRAPH-SR2-EXACT-AVERAGE-IDENTITIES
E993-GRAPH-SR2-INTERVAL-CHARACTERIZATION,VERIFIED,"An exact equivalence of predicates, not a theorem asserting either predicate always holds.",proposals/cycle2/latest-code/master/CLAIM-IDENTITY.json#E993-GRAPH-SR2-INTERVAL-CHARACTERIZATION
E993-GRAPH-SR2-MARGINAL-SUM-BOUNDS,CONDITIONAL,Conditional sum bounds only; n>=r+1 ensures a nonempty graph in this statement. No common vertex is asserted.,proposals/cycle2/latest-code/master/CLAIM-IDENTITY.json#E993-GRAPH-SR2-MARGINAL-SUM-BOUNDS
E993-SCALAR-SR2-NEGATIVE-SUMS-IMPLY-JOINT-SIGN,REFUTED,Pure scalar arrays. No graph-realizability assertion.,proposals/cycle2/latest-code/master/CLAIM-IDENTITY.json#E993-SCALAR-SR2-NEGATIVE-SUMS-IMPLY-JOINT-SIGN
E993-FOREST-NONPOSITIVE-TARGET-IMPLIES-SR2,REFUTED,"No earlier-descent, wide-size, ambient-tree or Gamma guard. Rank zero included.",proposals/cycle2/latest-code/master/CLAIM-IDENTITY.json#E993-FOREST-NONPOSITIVE-TARGET-IMPLIES-SR2
E993-FOREST-POSITIVE-RANK-NONPOSITIVE-TARGET-IMPLIES-SR2,REFUTED,"No earlier-descent, wide-size, ambient-tree or Gamma guard. Positive ranks only.",proposals/cycle2/latest-code/master/CLAIM-IDENTITY.json#E993-FOREST-POSITIVE-RANK-NONPOSITIVE-TARGET-IMPLIES-SR2
E993-GRAPH-NONPOSITIVE-TARGET-IMPLIES-SR2,REFUTED,"No earlier-descent, wide-size, ambient-tree or Gamma guard. Rank zero included.",proposals/cycle2/latest-code/master/CLAIM-IDENTITY.json#E993-GRAPH-NONPOSITIVE-TARGET-IMPLIES-SR2
E993-C3-SR2-SINGLETON-BOUNDARY-WITNESS,VERIFIED,One finite forest at the integer-zero-extension boundary.,proposals/cycle2/latest-code/master/CLAIM-IDENTITY.json#E993-C3-SR2-SINGLETON-BOUNDARY-WITNESS
E993-FOREST-ODD-EDGELESS-SR2-OBSTRUCTION-FAMILY,VERIFIED,"Explicit unbounded actual-forest family, failing both x(F)<r and n>2r+1.",proposals/cycle2/latest-code/master/CLAIM-IDENTITY.json#E993-FOREST-ODD-EDGELESS-SR2-OBSTRUCTION-FAMILY
E993-FOREST-NEGATIVE-TARGET-IMPLIES-SR2,REFUTED,No strict earlier-descent or ambient G1 guard. No size restriction.,proposals/cycle2/latest-code/master/CLAIM-IDENTITY.json#E993-FOREST-NEGATIVE-TARGET-IMPLIES-SR2
E993-FOREST-WIDE-NEGATIVE-TARGET-IMPLIES-SR2,REFUTED,No strict earlier-descent or ambient G1 guard. Wide-size guard retained.,proposals/cycle2/latest-code/master/CLAIM-IDENTITY.json#E993-FOREST-WIDE-NEGATIVE-TARGET-IMPLIES-SR2
E993-GRAPH-NEGATIVE-TARGET-IMPLIES-SR2,REFUTED,No strict earlier-descent or ambient G1 guard. No size restriction.,proposals/cycle2/latest-code/master/CLAIM-IDENTITY.json#E993-GRAPH-NEGATIVE-TARGET-IMPLIES-SR2
E993-C3-SR2-SIX-VERTEX-FAILURE-WITNESS,VERIFIED,"One finite forest, not an ambient G1 tuple.",proposals/cycle2/latest-code/master/CLAIM-IDENTITY.json#E993-C3-SR2-SIX-VERTEX-FAILURE-WITNESS
E993-FOREST-TWO-EDGE-STRICT-SR2-OBSTRUCTION-FAMILY,VERIFIED,Explicit unbounded ordinary-forest family. Every member satisfies the wide size guard and fails the strict earlier-descent guard.,proposals/cycle2/latest-code/master/CLAIM-IDENTITY.json#E993-FOREST-TWO-EDGE-STRICT-SR2-OBSTRUCTION-FAMILY
E993-FOREST-EARLIER-DESCENT-NEGATIVE-TARGET-IMPLIES-SR2,OPEN,"The earlier-descent strengthening explicitly mentioned by the correction, without adding an unstated ambient or size guard. Any further width-restricted variant must receive a separate statement.",proposals/cycle2/latest-code/master/CLAIM-IDENTITY.json#E993-FOREST-EARLIER-DESCENT-NEGATIVE-TARGET-IMPLIES-SR2
E993-ORDINARY-DEG2-SIBLING-G1-COEFFICIENT-IDENTIFICATION,VERIFIED,"Structural equalities at all integer ranks; no numerical eligibility is required. a,b,B use the r23 original-leaf definitions; B_s(T,p)=Delta_(p-1)(T-N_T[s]) and T-N_T[s]=H. Neighborhoods are those of the indicated original graph, with integer zero extension.",proposals/cycle2/latest-code/master/CLAIM-IDENTITY.json#E993-ORDINARY-DEG2-SIBLING-G1-COEFFICIENT-IDENTIFICATION
E993-C3-CB8-92-ORDINARY-RANK-SCOPE-CERTIFICATE,VERIFIED,One exact ordinary graph at two distinct ranks; no RTree transport and no universal aggregate or G1 verdict.,proposals/cycle2/latest-code/master/CLAIM-IDENTITY.json#E993-C3-CB8-92-ORDINARY-RANK-SCOPE-CERTIFICATE
E993-R23-LITERAL-DELETE-ONLY-HALL,REFUTED,Literal ordinary-tree universal Delete-only Hall. Restricted deletion faces remain separate.,proposals/cycle2/latest-code/master/CLAIM-IDENTITY.json#E993-R23-LITERAL-DELETE-ONLY-HALL
E993-R23-HOT-TAG-SINGLETON-HALL,REFUTED,"Every hot tag, at p>=x(T)+2. Narrower cut family than arbitrary tag-closed cuts; nevertheless refuted by the same eligible arm cut.",proposals/cycle2/latest-code/master/CLAIM-IDENTITY.json#E993-R23-HOT-TAG-SINGLETON-HALL
E993-R23-ZERO-RETAG-EXPORT-IMPLIES-NONPOSITIVE-TAG,REFUTED,"The zero-export shortcut; the source's stated hub/depth-three degree-two-chain class is also refuted by CB(8,92), since it imposes no adequate disjoint-edge-count bound.",proposals/cycle2/latest-code/master/CLAIM-IDENTITY.json#E993-R23-ZERO-RETAG-EXPORT-IMPLIES-NONPOSITIVE-TAG
E993-R23-RANK1-FAVORABLE-EMPTY,REFUTED,"Unrestricted p=1 boundary statement, outside the governed p>=x(T)+2 floor.",proposals/cycle2/latest-code/master/CLAIM-IDENTITY.json#E993-R23-RANK1-FAVORABLE-EMPTY
E993-FOREST-FIRST-DESCENT-DISJOINT-UNION-UPPER-ADDITIVITY,REFUTED,"Upper first-descent additivity only; neither a lower-bound claim nor forest nonunimodality. r27 Cycle 1 (2026-09-24): its K_1 instance is registered as E993-R27-KADDITION-CLOSURE-X-LE-5 (x ≤ 5); this refutation is untouched (witness pair K_{1,3}, P_4), and the stored scope contains no K_1 carve-out — the sub-family is untouched for the logical reason that a universal refuted by one witness pair says nothing about a proper sub-family. Status REFUTED unchanged.",proposals/cycle2/latest-code/master/CLAIM-IDENTITY.json#E993-FOREST-FIRST-DESCENT-DISJOINT-UNION-UPPER-ADDITIVITY
E993-R23-ORDINARY-FAVORABLE-LEAF-AGGREGATE,OPEN,Literal ordinary-tree aggregate. Each original leaf is a distinct tag even when supports coincide; higher-degree supports are included; the empty favorable set has sum zero. r26 (2026-09-24): its TOP-RANK RESIDUAL sub-case (RC) is formally verified as E993-R26-TOP-RANK-RESIDUAL-SIGN; this all-rank claim stays OPEN (other ranks and the non-residual class untouched; no positive complete eligible aggregate is known).,proposals/cycle2/latest-code/master/CLAIM-IDENTITY.json#E993-R23-ORDINARY-FAVORABLE-LEAF-AGGREGATE
E993-FOREST-EDGE-ADDITION-DELTA-NONINCREASE,REFUTED,"Finite ordinary forests F and H on the same vertex set, E(F) subset E(H), every natural rank r. No earlier-descent, ambient G1, connectivity, or target sign premise. This forest restriction differs from the existing all-simple-graph edge-addition claim.",proposals/cycle2/latest-code/master/CLAIM-IDENTITY.json#E993-FOREST-EDGE-ADDITION-DELTA-NONINCREASE
E993-C3-CENTER-CORRELATED-TWO-CORE-IDENTITY,VERIFIED,"Ordinary finite trees K(a,b,c) with three hub groups of positive arm counts; one center-center edge; either center root; every natural h; exact independence polynomials at all integer ranks by zero extension. No sign, recovery, G1, RTree, or universal-forest conclusion.",proposals/cycle2/latest-code/master/CLAIM-IDENTITY.json#E993-C3-CENTER-CORRELATED-TWO-CORE-IDENTITY
E993-C3-GRAPH-ADDABLE-VERTEX-AVERAGE-IDENTITY,VERIFIED,"All finite ordinary simple graphs and natural ranks, with exact ordinary independent-set counts; no G1 hypothesis is needed.",proposals/cycle2/latest-code/master/CLAIM-IDENTITY.json#E993-C3-GRAPH-ADDABLE-VERTEX-AVERAGE-IDENTITY
E993-C3-G1-POINTWISE-ADDABILITY-BOUND,REFUTED,Literal full ordinary G1 scope at r=p-2; universal over all independent r-sets in each residual.,proposals/cycle2/latest-code/master/CLAIM-IDENTITY.json#E993-C3-G1-POINTWISE-ADDABILITY-BOUND
E993-C3-CLUSTER-GRAPH-EVERY-VERTEX-SR2,VERIFIED,All finite ordinary cluster graphs and natural ranks; matching forests in the forest subcase.,proposals/cycle2/latest-code/master/CLAIM-IDENTITY.json#E993-C3-CLUSTER-GRAPH-EVERY-VERTEX-SR2
E993-C3-FOREST-WIDE-CROSSING-EDGE-DELTA-NONINCREASE,REFUTED,"A proposed stronger-premise forest edge-addition shortcut. Both forests must satisfy strict earlier descent and wide size at the same rank. No ambient G1 first-descent/Gamma alignment, connectivity of J, or nonnegative-target premise.",proposals/cycle2/latest-code/master/CLAIM-IDENTITY.json#E993-C3-FOREST-WIDE-CROSSING-EDGE-DELTA-NONINCREASE
E993-C3-FOREST-WIDE-EARLIER-EVERY-VERTEX-SR2,REFUTED,"Positive universal every-vertex strengthening with width, negative target and strict crossing; distinct from existential SR2.",proposals/cycle2/latest-code/master/CLAIM-IDENTITY.json#E993-C3-FOREST-WIDE-EARLIER-EVERY-VERTEX-SR2
E993-C3-G1-MATCHING-RESIDUAL-EVERY-VERTEX-SR2,VERIFIED,"Full frozen ordinary G1 guards, original neighborhoods, with the extra matching-forest residual hypothesis displayed. No assertion of applicability or RTree transport.",proposals/cycle2/latest-code/master/CLAIM-IDENTITY.json#E993-C3-G1-MATCHING-RESIDUAL-EVERY-VERTEX-SR2
E993-C3-G1-EVERY-VERTEX-SR2,REFUTED,"All original ambient tree, leaf, degree-two support, original-neighborhood deletions, p=x(T)+1, Gamma<0, width and strict-crossing guards; no extra negative-target premise. This is a new explicit scope derived from the admitted ambient controls, distinct from the forest and existential keys.",proposals/cycle2/latest-code/master/CLAIM-IDENTITY.json#E993-C3-G1-EVERY-VERTEX-SR2
E993-C3-FOURTH-BAND-SIX-EDGE-COMPARATOR-SIGN,REFUTED,Proposed natural six-edge comparator extension to the next band only; not a forest or G1 theorem.,proposals/cycle2/latest-code/master/CLAIM-IDENTITY.json#E993-C3-FOURTH-BAND-SIX-EDGE-COMPARATOR-SIGN
E993-C3-SELECTED-SUBSET-AVERAGE-SR2-BRIDGE,CONDITIONAL,"Every finite simple graph, every integer r, and every nonempty selected vertex subset L; exact integer zero extension.",proposals/cycle2/latest-code/master/CLAIM-IDENTITY.json#E993-C3-SELECTED-SUBSET-AVERAGE-SR2-BRIDGE
E993-C3-G1-TERMINAL-AVERAGE-SLICE,CONDITIONAL,"Full frozen ordinary G1 tuple, original neighborhoods and r=p-2 retained; the two displayed terminal conditions are additional hypotheses; no RTree transport.",proposals/cycle2/latest-code/master/CLAIM-IDENTITY.json#E993-C3-G1-TERMINAL-AVERAGE-SLICE
E993-C3-PADDED-CONNECTOR-LIFT-CERTIFICATE,CONDITIONAL,"Ordinary finite nonempty forests, one root per component, explicit b-g-s-v handle, exactly h additional g-leaves, integer ranks r>=1; implication only; no RTree transport.",proposals/cycle2/latest-code/master/CLAIM-IDENTITY.json#E993-C3-PADDED-CONNECTOR-LIFT-CERTIFICATE
E993-C3-RECOVERY-RESTRICTED-UNBOUNDED-PADDING-RESCUE,OPEN,"Positive universal mechanism claim for the explicit g-leaf padded common-connector family; fixed F,r,R with h unbounded.",proposals/cycle2/latest-code/master/CLAIM-IDENTITY.json#E993-C3-RECOVERY-RESTRICTED-UNBOUNDED-PADDING-RESCUE
E993-C3-THIRD-BAND-CROSSING-EDGE-DELTA-NONINCREASE,REFUTED,Positive universal statement of the raw edge-addition shortcut strengthened by exact third-band order and strict crossing for both graphs.,proposals/cycle2/latest-code/master/CLAIM-IDENTITY.json#E993-C3-THIRD-BAND-CROSSING-EDGE-DELTA-NONINCREASE
E993-C3-ROOT-UNIFORM-PADDING-BOUND,VERIFIED,"Exact g-leaf common-connector construction; threshold uniform in roots, fixed F and rank; all h beyond the explicit threshold; no optimality or moving-rank claim.",proposals/cycle2/latest-code/master/CLAIM-IDENTITY.json#E993-C3-ROOT-UNIFORM-PADDING-BOUND
E993-C3-PADDING-RESCUE-VACUITY-EQUIVALENCE,VERIFIED,"The ORIGINAL positive universal over recovering F,r,R, with arbitrarily large h retaining x(T_h)=r+1. No existence or nonexistence of recovery is asserted.",proposals/cycle2/latest-code/master/CLAIM-IDENTITY.json#E993-C3-PADDING-RESCUE-VACUITY-EQUIVALENCE
E993-C3-AVERAGE-HISTORY-LIFT-WITHOUT-RECOVERY,REFUTED,Separate positive universal with the recovery antecedent deliberately absent; not an alias of the corrected T3 averaged-Gamma theorem.,proposals/cycle2/latest-code/master/CLAIM-IDENTITY.json#E993-C3-AVERAGE-HISTORY-LIFT-WITHOUT-RECOVERY
E993-C3-ROOT-AVERAGE-RECOVERY-LIFT-SUFFICIENT,CONDITIONAL,"All ordinary finite nonempty forests, all h>=0 and integer r>=1; sufficient criterion with explicit uniform-history premise; component-polynomial identity. Recovery x(F)<r and Delta_r(F)>0 is explicitly required for the full-G1 counterexample consequence, but not the identity.",proposals/cycle2/latest-code/master/CLAIM-IDENTITY.json#E993-C3-ROOT-AVERAGE-RECOVERY-LIFT-SUFFICIENT
E993-C3-ROOT-TUPLE-AVERAGED-GAMMA-IDENTITY,VERIFIED,"Exact actual graph construction of III.1; identity without any recovery, Gamma sign or history hypothesis.",proposals/cycle2/latest-code/master/CLAIM-IDENTITY.json#E993-C3-ROOT-TUPLE-AVERAGED-GAMMA-IDENTITY
E993-C3-GRAPH-MATCHING5-THIRD-BAND-SIGN,VERIFIED,Ordinary finite simple graphs; no crossing premise required; actual five-edge spanning clique union.,proposals/cycle2/latest-code/master/CLAIM-IDENTITY.json#E993-C3-GRAPH-MATCHING5-THIRD-BAND-SIGN
E993-C3-G1-PATH-FOREST-RESIDUAL-SLICE,VERIFIED,"Finite ordinary simple trees satisfying every frozen G1 guard, plus the structural hypothesis maxdeg(U)<=2 for the positive sign conclusion. No converse, arbitrary branching-forest result, RTree transport, or formal award.",proposals/cycle2/latest-code/master/CLAIM-IDENTITY.json#E993-C3-G1-PATH-FOREST-RESIDUAL-SLICE
E993-C3-SR2-DIAMETER-SELECTOR,CONDITIONAL,Finite ordinary simple graphs with the displayed factor-one and rooted-channel-diameter premises; no claim that the diameter premise holds universally for forests or G1.,proposals/cycle2/latest-code/master/CLAIM-IDENTITY.json#E993-C3-SR2-DIAMETER-SELECTOR
E993-C3-CB-ARM-EXACT-DELETE-NEIGHBORHOOD,VERIFIED,"Literal ordinary complete arm-tag relation. The neighborhood assertion also holds if all original leaves are allowed as Retag destinations; no favorability or sibling eligibility is inferred from j,k,p.",proposals/cycle2/latest-code/master/CLAIM-IDENTITY.json#E993-C3-CB-ARM-EXACT-DELETE-NEIGHBORHOOD
E993-C3-COMPLETE-TAG-DEFICIENCY-EQUALS-CONTRIBUTION,REFUTED,"Newly tested positive universal equality shortcut, not attributed to the route. Original literal Delete/Retag relation; empty complete tags are included.",proposals/cycle2/latest-code/master/CLAIM-IDENTITY.json#E993-C3-COMPLETE-TAG-DEFICIENCY-EQUALS-CONTRIBUTION
E993-C3-FACTOR1-IMPLIES-ORDINARY-G1,CONDITIONAL,"Logical implication between universal ordinary-G1 statements; all original guards retained, r=p-2>=1; no RTree transport and no proof of the antecedent.",proposals/cycle2/latest-code/master/CLAIM-IDENTITY.json#E993-C3-FACTOR1-IMPLIES-ORDINARY-G1
E993-C3-ALIGN-IMPLIES-SR2-AND-G1,CONDITIONAL,"One-way implication at exact ordinary-G1 scope; no converse, strict separation, prescribed-root assertion, or RTree scope.",proposals/cycle2/latest-code/master/CLAIM-IDENTITY.json#E993-C3-ALIGN-IMPLIES-SR2-AND-G1
E993-C3-DIAMETER-ONLY-SR2-SELECTOR,REFUTED,Positive universal without factor one; false already in wide forests. This assertion was not made by U3.,proposals/cycle2/latest-code/master/CLAIM-IDENTITY.json#E993-C3-DIAMETER-ONLY-SR2-SELECTOR
E993-C3-G1-NECESSARY-COUNTEREXAMPLE-REGION,CONDITIONAL,"Necessary conditions on actual finite ordinary G1 tree tuples only. No existence, sufficiency, RTree transport, or new formal award. The size/rank exclusion retains the inherited informal second-wide dependency.",proposals/cycle2/latest-code/master/CLAIM-IDENTITY.json#E993-C3-G1-NECESSARY-COUNTEREXAMPLE-REGION
E993-C3-FOREST-FOURTH-WIDE-CROSSING-SIGN,VERIFIED,Ordinary finite forests; exact next order only. A failed six-edge comparator and finite seven-edge/random-tree checks do not decide this theorem. || r25 (2026-09-22): see certificate — status moved to VERIFIED at proved_informal on Ashton's explicit ruling; the additive-publication hold recorded earlier is discharged.,proposals/cycle2/latest-code/master/CLAIM-IDENTITY.json#E993-C3-FOREST-FOURTH-WIDE-CROSSING-SIGN
E993-R25-UNR-FOREST-WIDE,OPEN,all finite forests including disconnected ones; ranks r<=(|V(F)|-2)/2 (excess d>=2); proper subclaim of E993-TGT-FOREST — a proof of this claim is a proof of forest weak unimodality below half the order,proposals/cycle2/latest-code/master/CLAIM-IDENTITY.json#E993-R25-UNR-FOREST-WIDE
E993-R25-MATCHING-BRANCH-UNIFORM-SIGN,OPEN,all finite simple graphs; bare (no crossing hypothesis) unless the instantiation states x(G)<r; d>=0,proposals/cycle2/latest-code/master/CLAIM-IDENTITY.json#E993-R25-MATCHING-BRANCH-UNIFORM-SIGN
E993-R25-COVER-BRANCH-UNIFORM-PREHISTORY,OPEN,finite forests (graph variants register separately); d>=0,proposals/cycle2/latest-code/master/CLAIM-IDENTITY.json#E993-R25-COVER-BRANCH-UNIFORM-PREHISTORY
E993-R25-WINDOW-REDUCTION,OPEN,reduction theorem; its value is the exact width m(d)-c(d)-1 of the window and any further shrinkage from the G1 guards,proposals/cycle2/latest-code/master/CLAIM-IDENTITY.json#E993-R25-WINDOW-REDUCTION
E993-R25-G1-AMBIENT-COUPLING,OPEN,exact ordinary G1 tuples; original neighborhoods; p=x(T)+1,proposals/cycle2/latest-code/master/CLAIM-IDENTITY.json#E993-R25-G1-AMBIENT-COUPLING
E993-R25-PERFECT-MATCHING-EVEN-EXCESS-SIGN,VERIFIED,"All finite simple graphs WITH a perfect matching; uniform over EVEN excess d only (the hypothesis forces d = 2(m-r)); says nothing about graphs without a perfect matching (not Tier 3a E993-R25-MATCHING-BRANCH-UNIFORM-SIGN); no sharpness claim (the mK_2 sharpness is a comparator fact); no transfer to firstDescent/x(G), forests, residuals, G1 tuples, Tier 1, Tier 2, the diagnostic band, FOREST, TREE, TRANSFER, E993-BETA-AGG or Erdos #993. Claim-identity separation: E993-G1-MATCHING-COMPARATOR-SUFFICIENT is CONDITIONAL in the master registry and is NOT refuted; this theorem is an unconditional statement about actual graphs with a perfect matching and does not instantiate that comparator conditional.",proposals/cycle2/latest-code/master/CLAIM-IDENTITY.json#E993-R25-PERFECT-MATCHING-EVEN-EXCESS-SIGN
E993-R25-FOURTH-BAND-SEVEN-EDGE-MATCHING-SIGN,VERIFIED,"All finite simple graphs of order 2r+5 with a 7-matching; BARE (no crossing hypothesis, no acyclicity, no forest hypothesis); non-strict sign at rank r only; no sharpness claim (E993-C3-FOURTH-BAND-SIX-EDGE-COMPARATOR-SIGN REFUTED fixes m = 6 as the failing boundary and is confirmed, not disturbed); not the Tier 3a schema E993-R25-MATCHING-BRANCH-UNIFORM-SIGN (one band; the (m,d)-uniform closed form is open); no closure of the crossing-conditioned diagnostic band E993-C3-FOREST-FOURTH-WIDE-CROSSING-SIGN; no transfer to firstDescent/x(G), forests, residuals, G1 tuples, Tier 1, Tier 2, FOREST, TREE, TRANSFER, E993-BETA-AGG or Erdos #993; no claim about log-concavity, TRS2 or real-rootedness. Claim-identity separation: E993-G1-MATCHING-COMPARATOR-SUFFICIENT stays CONDITIONAL; the comparator (1+2z)^m(1+z)^(n-2m) is nowhere a proof device here.",proposals/cycle2/latest-code/master/CLAIM-IDENTITY.json#E993-R25-FOURTH-BAND-SEVEN-EDGE-MATCHING-SIGN
E993-R25-COVER-DIAGONAL-D6-SIGN,REFUTED,"Finite forests; d = 6; the strict and the weak consequent both fail at r = 9, 10 (orders 24, 26); Cycle 3 status update: the (6,6) cells r = 6,7,8,11,12 are closed (exhaustive; r = 6,7,8 also parametrisation-free by direct enumeration), so c(6) = 5 exactly stands.",proposals/cycle2/latest-code/master/CLAIM-IDENTITY.json#E993-R25-COVER-DIAGONAL-D6-SIGN
E993-R25-COVER-DIAGONAL-D7-SIGN,REFUTED,"Finite forests; d = 7; refuted for r = 8..33 (orders 23..73); the strict and the weak consequent both fail. Cycle 3 status update (registry status update, not an award): the (7,7) cells at r = 34..70 are CLOSED — the decision is over the cell predicate as control/C2-REFUTATION-WITNESSES.json defines it (the sign of Delta_{r-1}), exhaustive per cell over the complete cover-shape parametrisation conditional on the structure lemma (seat F1, four independent instruments, arithmetic certificate); the extension from Delta_{r-1} to the registered consequent Delta_k > 0 for every k < r at all 45 surviving cells (1,986 rank decisions, zero exceptions) is critic-attributed to C-F1-U; positivity at r >= 71 follows from the registered Catalan dominance Gamma(7,k) > 0 for k >= K(7) = 70. The 73-cell census entering Cycle 4 is 45 closed / 28 refuted / 0 undetermined.",proposals/cycle2/latest-code/master/CLAIM-IDENTITY.json#E993-R25-COVER-DIAGONAL-D7-SIGN
E993-R25-COVER-THRESHOLD-MIN-D-5-FOREST,VERIFIED,"Finite forests only (false for graphs: a 13-vertex graph with tau = 5 has x = 3 < r = 4). Informal theorem: general-tau cover-fiber partition + Catalan dominance for k >= K(tau) (K(1..5) = 0,2,3,4,6) + closure of the small-rank cells. Cycle 5 reconciliation (controller erratum): the finite residue collapses to FIVE cells, all at tau = 5, all at r = k+1, at orders 9, 11, 13, 15, 17 — the order-9 cell (k = 1) is discharged by frozen ENTRY 175 (forest_delta_one_pos); the cell whose cover hypothesis is vacuous is (3,2,11); the reduction is exact, not merely sufficient (E993-R25-BINOMIAL-DIFFERENCE-CATALAN-CEILING). Corrected cell minima of record: min Delta_{r-1} = 39, 56, 56, 43 at orders 11, 13, 15, 17 (and min Delta_1 = 19 at order 9). The honest accounting of the Cycle 5 advance is 11 -> 5 exceptional cells, never '8 -> 5'. The general half's algebra is now DERIVED (E993-R25-BAND-CARRY-STEP-HALL, E993-R25-BINOMIAL-DIFFERENCE-CATALAN-CEILING) and its finite check is critic-derived and adjudicator-verified, NOT the seat's. Acyclicity is load-bearing exactly at the five tau = 5 cells and nowhere else (the 13-vertex general-graph counterexample sits at the identical cell). Not formally verified.",proposals/cycle2/latest-code/master/CLAIM-IDENTITY.json#E993-R25-COVER-THRESHOLD-MIN-D-5-FOREST
E993-R25-MATCHING-CERTIFICATE-POSITIVITY-IFF,VERIFIED,"Pure algebra of the certificate system; the unconstrained relaxation of certificate feasibility (the greedy dual has negative multipliers for d >= 7), so it does NOT by itself prove E993-R25-MATCHING-BRANCH-UNIFORM-SIGN; certificate existence still requires a dual-sign lemma. Critic-attributed (Cycle 2 critic C-U3-T), verified step by step by the U adjudicator.",proposals/cycle2/latest-code/master/CLAIM-IDENTITY.json#E993-R25-MATCHING-CERTIFICATE-POSITIVITY-IFF
E993-R25-CATALAN-GAP-MONOTONE-RATIO,VERIFIED,"A theorem about Catalan integers, uniform in tau with explicit thresholds; NOT a graph theorem, NOT fixed-band, not uniform in d (d absent); never to be packaged as c(d) = min(d,5); no transfer to forests, covers, matchings, Delta_k, x(F), any tier, FOREST, TREE, TRANSFER or Erdos #993. Alias (not dependency): the tau = 4 positivity unfolds to frozen ENTRY 149 Erdos993G1.ThirdWide.catalan_gap_pos.",proposals/cycle2/latest-code/master/CLAIM-IDENTITY.json#E993-R25-CATALAN-GAP-MONOTONE-RATIO
E993-R25-STRATUM-DEPTH-COROLLARY-F,VERIFIED,"Forests; the tau = nu = d+1 stratum; PARAMETERIZED OVER A FINITE d-RANGE d in {2,...,11}, never uniform in d. d <= 11 is a PROVED SHARP ceiling at k = r-2 (Cycle 5): the tau = 12 joint budget is strictly positive at all 37 live ranks r = 7..43 (critic-established C-F2-T, C-F2-U; F-adjudicator-verified) and tau = 13 fails at nine consecutive ranks (E993-R25-STRATUM-COROLLARY-F-D12-REFUTED). Two horizons ride on the sharpness and are on the face: (a) the degree cap — the sweep enumerates profiles with d_c <= 6 while the edge budget permits about 2r+11; stability attained at Dmax = 10, not proved; the provable cap is 2r-2k+2 (= 6 at k = r-2); (b) the r > 600 per-fiber tail carried on E993-R25-CATALAN-DOMINANCE-RANK-R-MINUS-2. x(F) < r is NOT a hypothesis; the finite-census half at d = 5, 6 is deleted (Cycle 4). Corrected Lean feasibility pricing (Cycle 5): 71 non-vacuous layer-1 cells, 195,189 sorted profiles at cap 6, worst cell 6,188; layer 2 1,185 at cap 8; largest kernel Nat 25 digits (C(85,42)) — NOT a responsible single-close Stage 7 contract; its arithmetic spine is the responsible sub-statement.",proposals/cycle2/latest-code/master/CLAIM-IDENTITY.json#E993-R25-STRATUM-DEPTH-COROLLARY-F
E993-R25-CATALAN-DOMINANCE-RANK-R-MINUS-2,VERIFIED,"Forests; tau <= 12; an extension of E993-GRAPH-VERTEX-COVER-DELTA-PARTITION and E993-BINOMIAL-DIFFERENCE-CATALAN-FLOOR to one rank lower, not a new object; tau = 13 never holds (scanned to r = 400).",proposals/cycle2/latest-code/master/CLAIM-IDENTITY.json#E993-R25-CATALAN-DOMINANCE-RANK-R-MINUS-2
E993-R25-FOURTH-BAND-CLOSE-R-LE-260,VERIFIED,"The d = 5 diagnostic band E993-C3-FOREST-FOURTH-WIDE-CROSSING-SIGN for r <= 260 (every forest of order <= 525); open for r >= 261 on exactly Lemma (L)'s three recorded tail repairs (a fourth singular family of D(b,m) at m = -1 located). Composed at the synthesis; grade is the weakest link.",proposals/cycle2/latest-code/master/CLAIM-IDENTITY.json#E993-R25-FOURTH-BAND-CLOSE-R-LE-260
E993-R25-MATCHING-CERTIFICATE-SOUNDNESS,VERIFIED,"Unconditional in (m,d,r); bare (no crossing, no acyclicity); needs the N/Z reconciliation (negative r+j-K occurs exactly where a_j = 0) made explicit by critic C-T2-F.",proposals/cycle2/latest-code/master/CLAIM-IDENTITY.json#E993-R25-MATCHING-CERTIFICATE-SOUNDNESS
E993-R25-MATCHING-BOTTOM-RANK-UNIFORM-SIGN,VERIFIED,"Rank r = d only; order 3d only; uniform in d with no horizon; bare; all finite simple graphs. UNCONDITIONAL since the Cycle 4 close (its sole registered conditionality, the generalised (m,d) incidence lemmas, is discharged: E993-R25-GENERALISED-MD-INCIDENCE). NOT the Tier 3a schema E993-R25-MATCHING-BRANCH-UNIFORM-SIGN; nothing at any rank other than r = d, nothing about d < r < K(d) or r >= K(d); no transfer to firstDescent/x(G), forests, residuals, G1 tuples, Tier 1, Tier 2, the diagnostic band, FOREST, TREE, TRANSFER or Erdos #993; no sharpness claim beyond the recorded comparator fact that m(d)-1 edges fail (fences lifted from the award run's INFORMAL-PROOF.md section 12, as the fidelity reviewer directs, because theorem-contract/v1 has no scope field). The terminal-margin literals 3/(d^2-4) (even d) and 1/(d-1) (odd d) are corroborated only under the reading 'relative slack on the binding a-row'; no definition of record for 'terminal margin' exists, so the literals are dropped from the statement and excluded from any award.",proposals/cycle2/latest-code/master/CLAIM-IDENTITY.json#E993-R25-MATCHING-BOTTOM-RANK-UNIFORM-SIGN
E993-R25-CLAMPED-DUAL-DOMINATION,VERIFIED,"Algebraic dual side only; the existence of a fully nonnegative greedy dual is NOT established beyond bounded evidence (coefficientwise d <= 70 at every t; an index prefix t-uniformly at every d); the seat's Theorem 1 as stated is false outside 3d <= 2m+2 (counterexamples (1,4,2), (3,4,0)).",proposals/cycle2/latest-code/master/CLAIM-IDENTITY.json#E993-R25-CLAMPED-DUAL-DOMINATION
E993-R25-COVER-CELL-DRIFT-CRITERION,VERIFIED,"Hypothesis r > tau is load-bearing (|T| = r reachable when r <= tau); form II is E993-GRAPH-VERTEX-COVER-DELTA-PARTITION at k = r-1 verbatim, form I adds Pascal; not a Lean target.",proposals/cycle2/latest-code/master/CLAIM-IDENTITY.json#E993-R25-COVER-CELL-DRIFT-CRITERION
E993-R25-DRIFT-CEILING,VERIFIED,"A bound on the LIMITING drift, never a finite-rank bound (drift_r is undefined at r <= tau and exceeds drift by Theta(1/r)); closes no cell by itself; carries the Addendum A2 relation; strictness by C-F1-T's irrationality argument.",proposals/cycle2/latest-code/master/CLAIM-IDENTITY.json#E993-R25-DRIFT-CEILING
E993-R25-DRIFT-SUP-TAU-7,VERIFIED,tau = 7 only; strictly stronger than the ceiling at tau = 7 (where it is inconclusive by 2.57e-6); closes F1's knife edge.,proposals/cycle2/latest-code/master/CLAIM-IDENTITY.json#E993-R25-DRIFT-SUP-TAU-7
E993-R25-DISJOINT-UNION-FIRST-DESCENT-LOWER-BOUND,VERIFIED,"All finite simple graphs; two lines from I(G u H) = I(G) I(H) and nonnegativity of coefficients; NOT the fenced convolution closure (no closure property of a sequence class is assumed). Corollary: x(G u K1) >= x(G) (the T4 seat's form, on forests).",proposals/cycle2/latest-code/master/CLAIM-IDENTITY.json#E993-R25-DISJOINT-UNION-FIRST-DESCENT-LOWER-BOUND
E993-R25-DRIFT-PADDING-INVARIANCE,VERIFIED,"Padding invariance ONLY: no near-miss, threshold or Delta_r-proximity claim (drift is provably not a near-miss statistic: forests with equal drift have opposite signs of Delta_r at the same order and rank).",proposals/cycle2/latest-code/master/CLAIM-IDENTITY.json#E993-R25-DRIFT-PADDING-INVARIANCE
E993-R25-SINGLE-HUB-NOT-UNIFORMLY-WORST,REFUTED,"Refutes the uniform single-hub-worst statement at THREE exhaustive cells: (7,7,8), (7,7,9) and (7,7,10) (single-hub minimum -4,320 against the cell minimum -4,333; unconditional); no wording beyond three exhaustive cells.",proposals/cycle2/latest-code/master/CLAIM-IDENTITY.json#E993-R25-SINGLE-HUB-NOT-UNIFORMLY-WORST
E993-R25-MATCHING-ALL-INDEX-DUAL-POSITIVITY,VERIFIED,"Pure algebra of the certificate system on the region 3d <= 2m+2; every j <= m; real t >= 0; no horizon. DISCLOSURE: an extension of the registered j = m reflection-pairing mechanism (E993-R25-MATCHING-CERTIFICATE-POSITIVITY-IFF), not a new mechanism. nu, tau and x(F) < r enter nowhere. Supersedes the 'dual existence is bounded evidence (d <= 70)' wording of the Cycle 4 gate ruling 5 for the nonnegativity half.",proposals/cycle2/latest-code/master/CLAIM-IDENTITY.json#E993-R25-MATCHING-ALL-INDEX-DUAL-POSITIVITY
E993-R25-MATCHING-LARGE-RANK-SIGN,VERIFIED,"All finite simple graphs; bare (x(G) < r not assumed); an instantiation of the OPEN Tier 3a schema E993-R25-MATCHING-BRANCH-UNIFORM-SIGN, which STAYS OPEN (the band d < r < K(d) is not covered). Owned slices, not new: d = 2 (C2 fixed point), d = 4 (E993-C3-GRAPH-MATCHING5-THIRD-BAND-SIGN), d = 5 (E993-R25-FOURTH-BAND-SEVEN-EDGE-MATCHING-SIGN, formally verified); new content d = 3 and every d >= 6. m(d) cannot be lowered on comparators (d = 2..40); K(d) is NOT sharp (the comparator's sign turns d-1 ranks lower). No transfer to Tier 1, Tier 2, forests/G1 tuples, FOREST, TREE, TRANSFER or Erdos #993.",proposals/cycle2/latest-code/master/CLAIM-IDENTITY.json#E993-R25-MATCHING-LARGE-RANK-SIGN
E993-R25-FOREST-DESCENT-ORDER-BOUND-SHARP,VERIFIED,"All finite forests including disconnected ones; every k >= 1; uniform, no horizon. Uses only e(G) <= n-1, the level-one Bonferroni bound and quadratic algebra; nu, tau, d, x(F) < r enter nowhere. Tight at k = 1 only (true maxima 4, 8, 11, 15 at k = 1..4): no tightness wording and no linear ceiling claimed. NOT a no-recovery statement (its contrapositive yields Delta_k >= 0, the opposite sign); no transfer to Tier 1, the K1-addition target, NR1, FOREST, TREE, TRANSFER or Erdos #993; never bundled with the x <= 4 closure. r27 Cycle 1 (2026-09-24): 4k ≤ (k+1)² with equality only at k = 1, so (LB) (E993-R27-FOREST-DESCENT-LINEAR-BOUND, formally_verified) is at least as strong at every k and strictly stronger for k ≠ 1, and covers k = 0 which this award's scope excludes. Both stay registered; this award's formal grade is untouched and its scope note's true maxima 4, 8, 11, 15 are reconfirmed. M(1..3) = 4, 8, 11 are unconditional in the sense of being capped by this award's formal ceilings with a complete census (E993-R27-FOREST-DESCENT-MAXIMA-CENSUS, after second read SR-EXX).",proposals/cycle2/latest-code/master/CLAIM-IDENTITY.json#E993-R25-FOREST-DESCENT-ORDER-BOUND-SHARP
E993-R25-RECOVERY-LOGCONCAVITY-NECESSARY,VERIFIED,"Every finite graph (acyclicity enters at no step); NECESSARY, never sufficient (398 in-window failures exist in one spider family and none is a recovery; every in-window failure found in the multi-arm Kadrawi-Levit-type family sits at tau >= 21).",proposals/cycle2/latest-code/master/CLAIM-IDENTITY.json#E993-R25-RECOVERY-LOGCONCAVITY-NECESSARY
E993-R25-RANK-R-MINUS-2-HALL-INVARIANCE,VERIFIED,"Per-fiber only (the scope word is mandatory): it does NOT govern the joint cross-fiber budget, under which R_joint(tau) = 2 for tau = 3..11 (see E993-R25-STRATUM-DEPTH-COROLLARY-F).",proposals/cycle2/latest-code/master/CLAIM-IDENTITY.json#E993-R25-RANK-R-MINUS-2-HALL-INVARIANCE
E993-R25-PER-FIBER-BUDGET-UPWARD-CLOSURE,VERIFIED,Per-fiber budget; tau = 3..13 computed.,proposals/cycle2/latest-code/master/CLAIM-IDENTITY.json#E993-R25-PER-FIBER-BUDGET-UPWARD-CLOSURE
E993-R25-CERTIFICATE-TAIL-ARGMAX-AND-BOX,VERIFIED,"Holds at (6,6), (7,7), (7,8); consequence: the NCAP = 12 box of the Cycle 3 certificate (which caps the SINGLETON entries, not n_T) is lossless at every census cell, so its 37 (7,7) cells at r = 34..70 stand by argument rather than scan.",proposals/cycle2/latest-code/master/CLAIM-IDENTITY.json#E993-R25-CERTIFICATE-TAIL-ARGMAX-AND-BOX
E993-R25-BD-TAIL-NEGATIVE,VERIFIED,"Binomial integers; no graph content; threshold sharp; the range b <= 2r-1-a (Konig/Hall) is load-bearing (the unranged object is >= 0 on r in [2,33]). Finite residue after the critics' strengthening: r in [6,49]; no registered predecessor in its DAG. ADDENDUM (2026-09-22): the r >= 6 half is formally verified (B-LA1); with the corrected ledger (SR-S2) the band E993-R25-FOURTH-BAND-CLOSE-ALL-R now has THREE formally verified inputs of eight (3, 6, 7), grade unchanged proved_informal. ERRATUM A1-E-c: the r25 synthesis S-U-1 sentence 'M_a(r) <= Cat_(r-1-a) has 19 failures at r <= 14' does not reproduce — 14 failures over r in [1,14], a in [1,6] (13 inside the layer) by the lane-B informal auditor's count across nine enumeration conventions; the mathematical point (the layer is a separate case and necessarily so: node 10 fails at a in {5,6} there and Gamma(6,r-1) < 0 for r = 6..12) stands.",proposals/cycle2/latest-code/master/CLAIM-IDENTITY.json#E993-R25-BD-TAIL-NEGATIVE
E993-R25-GENERALISED-MD-INCIDENCE,VERIFIED,"d <= 2m; j <= K+1 on the re-centring. The informal half is a RE-DERIVATION of material inside E993-R25-MATCHING-CERTIFICATE-SOUNDNESS's proof; the Lean half (12 new declarations, namespace Erdos993G1.UniformMatching) is new and kernel-clean with the permitted axioms.",proposals/cycle2/latest-code/master/CLAIM-IDENTITY.json#E993-R25-GENERALISED-MD-INCIDENCE
E993-R25-FOREST-DELTA2-POS-ORDER-9,VERIFIED,Forests; rank 2 only. ADJACENCY ON ITS FACE: the general-graph analogue E993-GRAPH-COVER3-STRICT-PRE-R-INCREASE is REFUTED (order-9 plateau witness containing a cycle); that refutation does not touch the forest lemma — acyclicity is load-bearing.,proposals/cycle2/latest-code/master/CLAIM-IDENTITY.json#E993-R25-FOREST-DELTA2-POS-ORDER-9
E993-R25-CLAMPED-GREEDY-OPTIMALITY,VERIFIED,"The reduced C1/C2 column system; turns the small-rank band sweep (d in [3,300], r in [d, K(d)-1], 44,700 cells) from a witness search into a decision procedure — still bounded computation.",proposals/cycle2/latest-code/master/CLAIM-IDENTITY.json#E993-R25-CLAMPED-GREEDY-OPTIMALITY
E993-R25-ALIVE-WINDOW,VERIFIED,Elementary; unconditional in d; fixes the small-rank band's upper endpoint at K(d)-1 (the lower endpoint r = d is C-T2-F's cardinality/award account).,proposals/cycle2/latest-code/master/CLAIM-IDENTITY.json#E993-R25-ALIVE-WINDOW
E993-R25-NR1-DECOMPOSITION,VERIFIED,A reduction in honest conditional form; the two bands are complementary; prices the T-C4-04 residue at exactly one rank of Tier 1.,proposals/cycle2/latest-code/master/CLAIM-IDENTITY.json#E993-R25-NR1-DECOMPOSITION
E993-R25-KADDITION-CLOSURE-X-LE-4,VERIFIED,"Fixed-rank, named as such: x(G + K1) <= x(G)+1 for every finite forest G with x(G) <= 4, no order bound in the hypothesis. CONDITIONAL -> VERIFIED at the Cycle 5 close: both former dependencies addressed — Hunter's spanning-tree inequality PROVED in-run (E993-R25-HUNTER-SPANNING-TREE-INEQUALITY) and the un-replayed finite scan replaced by E993-R25-SECOND-ORDER-TWO-SIDED-CEILING, whose parameter space is proved complete (Delta_4 < 0 implies |V| <= 19 < 21). Remaining input named on its face: the order-<= 21 in-run forest census (8,355,831 classes; established in Cycle 4, replayed byte-identically by both Cycle 4 critics; not re-run in Cycle 5). Smallest open rank x = 5, residue orders 22-29 (about 1.9e10 classes). r27 Cycle 1 (2026-09-24): extended to x ≤ 5 by E993-R27-KADDITION-CLOSURE-X-LE-5 at proved_informal-with-census; the census input is named on the new claim's face, and no formal grade from (LB)/(R5) promotes either claim. The clause 'Smallest open rank x = 5, residue orders 22–29' is closed: under (R5) every forest with x = 5 has order ≤ 20. Rank 0 of this claim's own statement is discharged directly (Δ_0 = n − 1 < 0 iff n = 0; ∅ ⊔ K_1 = K_1 with x = 1), so it needs no census artifact; closure_certificate.json's rank-0 entry is corroboration.",proposals/cycle2/latest-code/master/CLAIM-IDENTITY.json#E993-R25-KADDITION-CLOSURE-X-LE-4
E993-R25-FOURTH-BAND-CLOSE-ALL-R,VERIFIED,"FIXED-BAND d = 5 (the diagnostic band E993-C3-FOREST-FOURTH-WIDE-CROSSING-SIGN), every r; x(F) < r load-bearing. Composed at the Cycle 4 synthesis from eight inputs; graded at the weakest link. NO INPUT IS CARRIED WITHOUT A DERIVATION (SR-S2, addendum lane C): the two links carried in Cycle 4 were derived in Cycle 5 — the cover-fiber/Hall carry step (seat F3; C-F3-T, C-F3-U; F adjudicator), now formally verified as E993-R25-BAND-CARRY-STEP-HALL (C6-LA2); and the general half of c(5) = 5, derived from E993-R25-BAND-CARRY-STEP-HALL and E993-R25-BINOMIAL-DIFFERENCE-CATALAN-CEILING and still proved_informal. Supersedes E993-R25-FOURTH-BAND-CLOSE-R-LE-260 (kept as the historical record). Consequence stated exactly and no further: Tier 1's remaining region is the excesses d >= 6. Not awarded as a composition: THREE of its eight inputs are formally verified at the addendum close (the matching half C1-LA1; the carry step C6-LA2; the arithmetic tail B-LA1, addendum lane B) — a count of formal inputs is not a grade; the grade is proved_informal at the weakest link.",proposals/cycle2/latest-code/master/CLAIM-IDENTITY.json#E993-R25-FOURTH-BAND-CLOSE-ALL-R
E993-R25-MATCHING-DUAL-SCALAR-CORE,VERIFIED,"Pure arithmetic of the stratified matching-incidence certificate's greedy dual; uniform in (m,d) on the region and in the index; no horizon; m and d are numerals; no SimpleGraph, Delta_k or indepCount occurs; nu, tau and x(F) < r enter nowhere. EXCLUDED: it is the SCALAR core and does NOT raise E993-R25-MATCHING-ALL-INDEX-DUAL-POSITIVITY (whose object is coefficientwise-in-t nonnegativity of N_j); not the large-rank theorem; not the Tier 3a schema; no statement about any graph, forest, G1 tuple, tier, FOREST, TREE, TRANSFER or Erdos #993; no sharpness claim; no certificate-existence claim for any graph.",proposals/cycle2/latest-code/master/CLAIM-IDENTITY.json#E993-R25-MATCHING-DUAL-SCALAR-CORE
E993-R25-G1-RESIDUAL-D5-SLICE,VERIFIED,"FIXED-SLICE d' = 5 only; registered by the equation |U| = 2p+1. Finiteness of U comes from guard 9 (not guard 1); p >= 3 comes from guard 10 alone; guard 10 is exactly the band hypothesis x(U) < p-2 and is load-bearing (3,206 of 264,648 guard-1-to-9 tuples with |U| = 2p+1 have Delta_{p-2}(U) > 0); guards 2-8 inert. The slice is EMPTY for p-2 <= 4 as a theorem and settled exhaustively at p-2 = 5 without the band, so the informal band E993-R25-FOURTH-BAND-CLOSE-ALL-R is load-bearing only at p-2 >= 6. No part of the grade may be sourced to E993-R25-FOURTH-BAND-SEVEN-EDGE-MATCHING-SIGN alone. With the registered d' = 2 and d' = 4 slices and E993-R25-G1-RESIDUAL-D3-SLICE, the Tier 2 residue is every d' >= 6 plus the single cell p = 6 at d' = 3. E993-G1WIDE-NO-SIZE-CAP stays OPEN (uniform in |U|; nothing bounds d' above); no status transfer to any tier.",proposals/cycle2/latest-code/master/CLAIM-IDENTITY.json#E993-R25-G1-RESIDUAL-D5-SLICE
E993-R25-BAND-CARRY-STEP-HALL,VERIFIED,"nu enters once (the numeric equality producing the C -> B bijection); tau = 6 fixes C(6,a) and |B| = 2r-1; d = 5 enters only through the order; x(F) < r enters nowhere; acyclicity enters nowhere; nu = tau is proved load-bearing by an explicit nu < tau control. No horizon. The graph-theoretic carry step of the d = 5 band's closure, now DERIVED (it was carried from the Cycle 3 record in Cycle 4).",proposals/cycle2/latest-code/master/CLAIM-IDENTITY.json#E993-R25-BAND-CARRY-STEP-HALL
E993-R25-BINOMIAL-DIFFERENCE-CATALAN-CEILING,VERIFIED,"Binomial/Catalan integers; no graph content. (The return's 'increment > 0 for n >= 2k-1' is wrong: exactly 0 at n = 2k-1; strictness begins at n = 2k.) Reduces the exceptional cells of c(5) = 5's general half from eight (three at tau = 4, five at tau = 5) to the five tau = 5 cells by algebra.",proposals/cycle2/latest-code/master/CLAIM-IDENTITY.json#E993-R25-BINOMIAL-DIFFERENCE-CATALAN-CEILING
E993-R25-G1-RESIDUAL-D3-SLICE,VERIFIED,"FIXED-SLICE d' = 3 only. Theorem-grade at every p except p = 6, where it is bounded computation inherited from the matching band's live cell (d,r) = (3,4). Forest-restricted and LITERATURE-FREE: U is a forest; at d = 3 the window is empty (c(3) = 3, m(3) = 4), so tau(U) <= 3 (the registered VERIFIED E993-R25-COVER-THRESHOLD-MIN-D-5-FOREST at d = 3, strict and uniform) and tau(U) >= 4 (the run's own matching branch at nu >= m(3) = 4) are exhaustive — the Basit-Galvin (2021) Theorem 3 dependency is DISCHARGED for this slice at every rank; the graph-general E993-GRAPH-SECOND-WIDE-CROSSING-SIGN still carries it and any citation of it must. Guard 10 is x(U) < p-2 verbatim. No transfer to Tier 2.",proposals/cycle2/latest-code/master/CLAIM-IDENTITY.json#E993-R25-G1-RESIDUAL-D3-SLICE
E993-R25-HUNTER-SPANNING-TREE-INEQUALITY,VERIFIED,"General set systems; no graph, no horizon; no source vendored — proved in-run. r27 Cycle 1 (2026-09-24): the x ≤ 5 closure route does not use it; the claim is unchanged and its r25 role is untouched.",proposals/cycle2/latest-code/master/CLAIM-IDENTITY.json#E993-R25-HUNTER-SPANNING-TREE-INEQUALITY
E993-R25-SECOND-ORDER-TWO-SIDED-CEILING,VERIFIED,"FIXED-RANK (k = 4, 5), named as such; the (e, c_e, degree multiset) parameter space is PROVED complete (a proved superset); the tail is supplied by the formally verified (k+1)^2 award. NOT a no-recovery statement. Composed with the order-<= 21 in-run census this closes rank x = 4 of the K1-addition target and narrows x = 5 to orders 22-29. r27 Cycle 1 (2026-09-24): (LB) (E993-R27-FOREST-DESCENT-LINEAR-BOUND, formally_verified) gives Δ_4 < 0 ⇒ n ≤ 16 and Δ_5 < 0 ⇒ n ≤ 20, strictly stronger at both ranks. This claim is unchanged; no grade moves. The narrative clause 'narrows x = 5 to orders 22–29' is superseded: under (R5) that band is empty. The Δ_4 < 0 ⇒ n ≤ 19 clause remains the load-bearing half of the registered x ≤ 4 closure.",proposals/cycle2/latest-code/master/CLAIM-IDENTITY.json#E993-R25-SECOND-ORDER-TWO-SIDED-CEILING
E993-R25-FOREST-ORDER-BOUND-SHARPENED,VERIFIED,"Forests; uniform in k >= 2 (N*(1) = 4). Strictly sharper than the formally verified (k+1)^2 by exactly k-2 for k >= 3; never a weaker sibling and never 'improving the award'. The formerly named-open step — the argmin at e = n-1, c_e = 1 minimising H(n,k,e,min(e,n-e)) — was PROVED unconditionally in Cycle 6 by seat T2 (closed form W(e+1) - W(e) = -(1+delta) C(n-4,k-2) - C(n-4,k-1), delta >= -1, n >= 4 tight) and kernel-checked (formally_verified for award C6-LA6: ErdosR25T2.candidateD_argmin, an INTEGER statement about zero-extended binomials with no graph token; the c_e = 1 bridge critic-attributed to C-T2-F); this is a SCOPE UPDATE, explicitly NOT a grade change of this claim — the full graph theorem's assembly (N12; binding node N3, the maximum-weight auxiliary spanning tree over the line graph; the tree-ordering bridge of Hunter's inequality; an explicit e = 0 node) is unformalised. Hunter's inequality is Cycle 5 seat T3's (E993-R25-HUNTER-SPANNING-TREE-INEQUALITY), not T1's. Seat T2's section 5 states the two boundary-order sign tests INVERTED and is struck (control/C6-CONTROLLER-ADDENDUM-T2-S5.md); the true facts: H - C < 0 at n = k^2+k+3 and > 0 at n = k^2+k+4 for every k >= 2 tested. r27 Cycle 1 (2026-09-24): k²+k+3 − 4k = k²−3k+3 > 0 for every k, so (LB) (E993-R27-FOREST-DESCENT-LINEAR-BOUND) strictly dominates at every k ≥ 2. This claim is unchanged.",proposals/cycle2/latest-code/master/CLAIM-IDENTITY.json#E993-R25-FOREST-ORDER-BOUND-SHARPENED
E993-R25-MA-CATALAN-COMPARISON,VERIFIED,"Binomial/Catalan integers; fixed-band d = 5 through the range 2r-1; uniform in r; never uniform in d. With Cat_r - sum_{a=1}^{6} C(6,a) Cat_{r-1-a} = Gamma(6,r-1) and the formally verified Gamma(6,k) > 0 for k >= 12, the Bd tail becomes a corollary of a registered formal award for r >= 15.",proposals/cycle2/latest-code/master/CLAIM-IDENTITY.json#E993-R25-MA-CATALAN-COMPARISON
E993-R25-D-ROW-STEP-SIGN-LAW,VERIFIED,"Arithmetic of the integer function g -> D(2m-g, m). The name must not be read as unimodality of any independence sequence: proved from a sign identity, importing no shape premise on any i_k. No horizon. The seat's drafted Lean contract D_unimodal_peak (bracket g_c^2 - g_c < 2m+2) is a FALSE proposition (true at 28 of 399 values) and must never be dispatched.",proposals/cycle2/latest-code/master/CLAIM-IDENTITY.json#E993-R25-D-ROW-STEP-SIGN-LAW
E993-R25-FOREST-DELTA3-THRESHOLD-ORDER-12,VERIFIED,"FIXED-RANK (k = 3), uniform in order, no horizon; nu, tau enter nowhere; acyclicity at exactly two points; x(F) < r never assumed (x >= 4 is a corollary). Registered as the FIRST PROOF of an in-run recorded statement (the threshold was recorded in Cycle 4), NOT as a new statement and NEVER as a sharpening of E993-R25-FOREST-DESCENT-ORDER-BOUND-SHARP. The excess reading is a translation of a fixed-rank fact, not a d-band result. Proof: the pendant-vertex identity Delta_k(F) = Delta_k(F-v) + Delta_{k-1}(F-v-u) for a leaf v with neighbour u, an induction (Lemma D2's edgeless-forest case repaired), and exhaustive bases; the order-12 base is unnecessary (an exhaustive base at order 8, 76 classes, suffices with Lemma D1).",proposals/cycle2/latest-code/master/CLAIM-IDENTITY.json#E993-R25-FOREST-DELTA3-THRESHOLD-ORDER-12
E993-R25-CARD5-JOINT-BUDGET-CELLS,VERIFIED,"FIXED-CELL (one (r,k,order) triple each), not uniform in d; tau <= 5 load-bearing and cover-essential at orders 15 and 17 only; the constraint sum crossdeg <= order - 1 is LOAD-BEARING (removing it degenerates the refinement exactly to the size-only bound -18/-14); the unstated padding lemma (tau <= 5 implies a card-5 cover exists) is required. Carries the ballot identity: the size-only card-5 bound at the top-rank cell IS Gamma(5,k) identically, so K(5) = 6 and 'size-only closes from order 19 up' are one fact and the small-rank list is exactly k in {1..5}. A second, non-census derivation of instances of the registered VERIFIED E993-R25-COVER-THRESHOLD-MIN-D-5-FOREST, whose status it does NOT change. True cell minima by exhaustive census: +56 (order 15), +43 (order 17).",proposals/cycle2/latest-code/master/CLAIM-IDENTITY.json#E993-R25-CARD5-JOINT-BUDGET-CELLS
E993-R25-PENDANT-CAP-TAU-7,VERIFIED,"The (7,7,r) cells, ALL 1,082 skeleton classes (128 connector-only + 954 cover-edge; F[C] = empty is used nowhere), uniformly in r. Criterion of record: a Pascal term is <= 0 exactly when n_S <= 2(r-1-t) - 1 (equivalently |B n N(S)| >= 2|S|+3), NOT n_S <= 2(r-1-t) - 2 (sufficient only); through the same termination argument the constant of record is Sum p <= 40 = max_t (2t+2)(8-t), NOT 45 (both critics C-T4-F and C-T4-U independently; T adjudicator verified the arithmetic; both constants are attained by cell-valid configurations, so 40 is the method's exact ceiling). The order-derived padding box 0 <= Sum p <= 2r-K already makes the cap vacuous at r = 15; it binds only at large r. A load-bearing step supplied by C-T4-U: the greedy move stays inside the cell (p_{c*} >= 6 keeps the SDR, so nu = tau = 7 survives). The Cycle 5 attribution (C-T2-U) is not reopened. No 'extremality at tau = 7' reading.",proposals/cycle2/latest-code/master/CLAIM-IDENTITY.json#E993-R25-PENDANT-CAP-TAU-7
E993-R25-THIN-TREE-LOGCONCAVE-TAU-LE-9,VERIFIED,"Unconditional, no horizon: the band of orders 2 tau .. 3 tau - 1 is forced, so the case analysis is complete (orders <= 25 by the registered census; the remainder by exhaustive sweep).",proposals/cycle2/latest-code/master/CLAIM-IDENTITY.json#E993-R25-THIN-TREE-LOGCONCAVE-TAU-LE-9
E993-R25-THIN-TREE-LOGCONCAVE-TAU-LE-10,CONDITIONAL,"CONDITIONAL on the registered order-<= 25 census (E993-UNIV-TREE-TRS2, smallest_witness_order 26), which must travel on its face; the sweep above order 25 is exhaustive (729,303 classes at tau = 10, reproduced by both critics).",proposals/cycle2/latest-code/master/CLAIM-IDENTITY.json#E993-R25-THIN-TREE-LOGCONCAVE-TAU-LE-10
E993-R25-THIN-TREE-TOP-ORDER-CLASSIFICATION,VERIFIED,"Unconditional, structural, no horizon (reproduces the seat's top-order row 6, 11, 23, 47, 106 and predicts 235 / 551 / 1301; 235 confirmed at tau = 11 by both critics).",proposals/cycle2/latest-code/master/CLAIM-IDENTITY.json#E993-R25-THIN-TREE-TOP-ORDER-CLASSIFICATION
E993-R25-THIN-FOREST-NO-RECOVERY-TAU-LE-10,VERIFIED,Rests on the two VERIFIED TRS2 claims (log-concavity is closed under convolution) and inherits E993-R25-THIN-TREE-LOGCONCAVE-TAU-LE-10's conditionality on the order-<= 25 census.,proposals/cycle2/latest-code/master/CLAIM-IDENTITY.json#E993-R25-THIN-FOREST-NO-RECOVERY-TAU-LE-10
E993-R25-STRATUM-COROLLARY-F-D12-REFUTED,REFUTED,"Witness-backed refutation of an EXTENSION beyond a registered scope; the registered claim (d in {2,...,11}) is untouched and not impeached. The k = r-2 qualifier is mandatory. NO Tier 1 contact: the witnesses are unimodal and log-concave with Delta_r < 0. The failure widens with d (negative band r = 21..261 at tau = 14; open past r = 400 at tau = 15..20); the onset threshold is r >= (tau(D-1)+2)/2. r = 19 at tau = 13 stays OPEN (>= +89,857,131 under two controlled null searches; exhaustive over the single-hub family: +405,520,555).",proposals/cycle2/latest-code/master/CLAIM-IDENTITY.json#E993-R25-STRATUM-COROLLARY-F-D12-REFUTED
E993-R25-MATCHING-ALL-INDEX-COEFFICIENTWISE-NONNEG,VERIFIED,"Uniform in d, m and j; no horizon; no graph object; nu, tau, x(F) < r nowhere; the region 3d <= 2m+2 is exactly sharp (off-region witness (m,d) = (1,2): N_1 = -t-1). Substitution t = r - K. EXCLUDED: clause (b) of the parent claim (mu_j^g(t) >= 0, denominator positivity, clamp persistence) is formalised nowhere, so the parent stays proved_informal and 'the coefficientwise positivity lemma is formal' must never be shortened to 'the all-index dual positivity claim is formal'; the j = m instance IS the sufficiency half of E993-R25-MATCHING-CERTIFICATE-POSITIVITY-IFF (Q_{m,d} = m! N_m; two registry keys); the converse half is not formalised; bears not at all on E993-R25-MATCHING-BRANCH-UNIFORM-SIGN (OPEN).",proposals/cycle2/latest-code/master/CLAIM-IDENTITY.json#E993-R25-MATCHING-ALL-INDEX-COEFFICIENTWISE-NONNEG
E993-R25-BD-INTERIOR-PEAK-CATALAN-BOUND,VERIFIED,"Parameterized in m with the explicit threshold 7 <= m (load-bearing: fails below); the maximiser is supplied as a WITNESS of the two bracket inequalities and never asserted to exist (exactly one witness g per m). Fixed-band d = 5 arithmetic ingredient; no graph content; 'the step-sign law and interior peak bound', never 'the band's tail'; raises neither E993-R25-BD-TAIL-NEGATIVE nor E993-R25-FOURTH-BAND-CLOSE-ALL-R.",proposals/cycle2/latest-code/master/CLAIM-IDENTITY.json#E993-R25-BD-INTERIOR-PEAK-CATALAN-BOUND
E993-R25-CARD5-COVER-CATALAN-BOUND,VERIFIED,"Parameterized in (n,k); unconditional (no floor hypothesis); the card-5 analogue of frozen ENTRY 179 (card 4), consuming the renamed cover_rank_bound_five (the frozen ENTRY 170 collision resolved). EXCLUDED: Gamma(5,k) > 0 for k >= 6 (catalan_gap5_pos) is an instance of the formally verified E993-R25-CATALAN-GAP-MONOTONE-RATIO at tau = 5 and is NOT registered as new; not c(d) = min(d,5); not a tier statement.",proposals/cycle2/latest-code/master/CLAIM-IDENTITY.json#E993-R25-CARD5-COVER-CATALAN-BOUND
E993-R25-RANK5-CEILING-SHARPENED-TO-25,VERIFIED,"FIXED-RANK k = 5. An ORDER BOUND (contrapositive Delta_5 >= 0), never a no-recovery statement, never bundled with the x <= 4 closure. Composition on its face: orders 26-29 proved in-run over a proved-complete (e, c_e, degree multiset) superset including disconnected forests, every (e, c_e) != (n-1, 1) and the edgeless case; n >= 30 composed with the registered rank-5 ceiling 29 (whose tail is the formal (k+1)^2 = 36 for n >= 37 plus the second-order certificate for 30 <= n <= 36). STRUCTURAL REPAIR (second read): the chain 36 -> 33 -> 29 -> 25 is a numerically decreasing sequence, not a derivation chain — k^2+k+3 = 33 is NOT on the derivation path of 25. Named dependencies: the classical second- and third-order Bonferroni inequalities; E993-R25-HUNTER-SPANNING-TREE-INEQUALITY (proved_informal, Cycle 5 seat T3); the AM-GM substitution; kappa(n,k) >= 0. Residue for x = 5 on orders 22-25: forests with at least THREE branch vertices (E993-R25-RANK5-TWO-BRANCH-EXACTNESS-ORDERS-22-29). r27 Cycle 1 (2026-09-24): under (R5) (E993-R27-RANK5-CEILING-20, formally_verified) the stated residue for x = 5 on orders 22–25 with ≥ 3 branch vertices is EMPTY; the branch-vertex condition is inert (the order band alone suffices). The claim's own statement and VERIFIED grade are unchanged; the residue note is a downstream consequence at the grade of (R5) and does not promote to this face.",proposals/cycle2/latest-code/master/CLAIM-IDENTITY.json#E993-R25-RANK5-CEILING-SHARPENED-TO-25
E993-R25-FOREST-THIRD-ORDER-BONFERRONI-BOUND,VERIFIED,"Holds for EVERY triangle-free graph — acyclicity is used only through triangle-freeness (C-T3-U), which is why the chartered lever under-delivers; alone it is WEAKER than the second-order certificate at every relevant order (loose on near-star profiles) and is useful only in the joint Pareto combination.",proposals/cycle2/latest-code/master/CLAIM-IDENTITY.json#E993-R25-FOREST-THIRD-ORDER-BONFERRONI-BOUND
E993-R25-RANK5-TWO-BRANCH-EXACTNESS-ORDERS-22-29,VERIFIED,"Bounded computation, COMPLETE on the named finite class: 20,108,361 isomorphism classes / 19,955,812 Delta_5 evaluations, zero violations, with a positive-detection control and an AHU completeness control; the two-hub tree sub-family at orders 22-25 is 227,966 classes (58,648 / 86,660 / 126,677 / 183,325 structures per C-T3-F's count). SUPERSEDES any spider candidate (the seat's spider enumeration covers connected spanning trees only, 15,650 distinct classes, its '10,738' struck). Consequence: the x = 5 residue of the K1-addition target is exactly the forests of order 22-25 with at least three branch vertices. r27 Cycle 1 (2026-09-24): stands as a standalone theorem at its own statement and VERIFIED grade. Its role as an INPUT to the K1-addition closure is superseded by the (R5) route (E993-R27-RANK5-CEILING-20, formally_verified), which needs no branch-vertex analysis; the consequence stated on this face — 'the x = 5 residue of the K1-addition target is exactly the forests of order 22–25 with at least three branch vertices' — is EMPTY under (R5). Neither the theorem nor its grade moves.",proposals/cycle2/latest-code/master/CLAIM-IDENTITY.json#E993-R25-RANK5-TWO-BRANCH-EXACTNESS-ORDERS-22-29
E993-R25-THIN-TREE-LOGCONCAVE-TAU-LE-11,CONDITIONAL,"Thin = at most one pendant leaf per cover vertex; order in [2tau, 3tau-1] exactly (order 33 = 3tau is outside the band). CONDITIONAL on the registered order-<= 25 census (E993-UNIV-TREE-TRS2, orders 22-25 at tau = 11) and on Cycle 5 critic C-F4-T's orders 27-32 (unreplicated in Cycle 6); order 26 is Cycle 6's exhaustive sweep (336,219 skeletons, 10,601,172 attachment instances, 1,178,732 distinct thin classes, zero failures), reproduced to the unit orbit-free by both F1 critics; orders 32 (235 classes) and 35 at tau = 12 (551) closed by C-F1-U. Successor of E993-R25-THIN-TREE-LOGCONCAVE-TAU-LE-10.",proposals/cycle2/latest-code/master/CLAIM-IDENTITY.json#E993-R25-THIN-TREE-LOGCONCAVE-TAU-LE-11
E993-R25-THIN-FOREST-NO-RECOVERY-TAU-LE-11,VERIFIED,"Via E993-TRS2-IFF-ALC and E993-TRS2-CONVOLUTION-CLOSURE with the POSITIVE-INTERVAL-SUPPORT hypothesis and E993-TRANSFER-TO-FOREST's per-component discipline on its face; inherits E993-R25-THIN-TREE-LOGCONCAVE-TAU-LE-11's conditionality. Successor of E993-R25-THIN-FOREST-NO-RECOVERY-TAU-LE-10; NOT a scope note on E993-R25-RECOVERY-LOGCONCAVITY-NECESSARY. The in-window question at tau = 12 stays open at exactly h in {6,7,8} of order 26 (764,513 skeletons; the two known tau = 12 log-concavity failures T(3,4,4) (h = 3, rank 13, -378) and W2 (h = 4, rank 13, -68) are out of window; padding either with isolated vertices to m <= 3000, K2 blocks or each other yields no in-window failure); the standing in-window minimum tau = 21 is unchanged.",proposals/cycle2/latest-code/master/CLAIM-IDENTITY.json#E993-R25-THIN-FOREST-NO-RECOVERY-TAU-LE-11
E993-R25-SINGLE-HUB-HALL-EQUIVALENCE,VERIFIED,"Necessary AND sufficient (Hall + the Koenig-Ore deficiency half); the hypothesis that the hub touches all of C is load-bearing; verified exhaustively over all 80,321 profiles at r = 19, tau = 13 (0 mismatches), superseding the seat's 4,000 random trials. The single-hub sub-family of the (r = 19, tau = 13) cell is positive at EVERY k <= 17 (12,199 admissible profiles, minimum +405,520,555), and the (3,4^12) profile is label-feasible exactly at r = 20; the cell itself stays OPEN (no proof, no witness; the hyperforest floor +89,857,131 is an attained value, not a proved floor).",proposals/cycle2/latest-code/master/CLAIM-IDENTITY.json#E993-R25-SINGLE-HUB-HALL-EQUIVALENCE
E993-R25-SURPLUS-COVER-EDGE-BUDGET,VERIFIED,Structural; turns the seat's assumed e_C = 0 into a budget fact (cover edges and hub surplus draw on one budget).,proposals/cycle2/latest-code/master/CLAIM-IDENTITY.json#E993-R25-SURPLUS-COVER-EDGE-BUDGET
E993-R25-STRATUM-DEGREE-LE-3-POSITIVE,VERIFIED,"Exact sign decomposition at k = r-2, term by term (not a scan). The asymptotic criterion G(tau,D) = 2 + (1/2)[(3-D) tau q (1+q)^(tau-1) + (1+q)^tau - 1], q = 2^(1-D), predicting that the tau = 15..20 bands at D = 4 never close (G(tau,4) < 0) and explaining the late tau = 14 closure (G(14,4) = +0.055), is a DERIVATION, not a theorem (its Gaussian-ratio limit step carries no error bound).",proposals/cycle2/latest-code/master/CLAIM-IDENTITY.json#E993-R25-STRATUM-DEGREE-LE-3-POSITIVE
E993-R25-STRATUM-BAND-TAU-D-FACTS,VERIFIED,"BOUNDED COMPUTATION at the named horizons on the uniform single-hub family at fixed D (k = r-2 only) — not the joint bound, not general forests. The seat's tau = 14 'stress test' is VOID (its move set preserves the leaf total, confining it to a hyperplane the D = 4 band cannot reach; inside the band it reports positive against a negative truth) and carries no evidence; the closure conclusion stands on the critics' replacement evidence only. The onset threshold of record is r >= (3 tau + 2)/2.",proposals/cycle2/latest-code/master/CLAIM-IDENTITY.json#E993-R25-STRATUM-BAND-TAU-D-FACTS
E993-R25-COVER-DIAGONAL-D6-RESIDUE-COMPLETE,VERIFIED,"Bounded computation, complete on the named finite classes; the seat's bounded-probe minima (+75, +164, +279, +294, +623) are superseded; the seat's two-hub null search had an order-arithmetic bug (repaired minima +149, +245). The breaking cell of the slack argument on the diagonal, (6,6,9) order 24 Delta_8 = -78, is the REGISTERED D6-SIGN witness (a disclosed replay, not a new refutation). The 'order 9 vacuous' sentence is FALSE (min Delta_1 = +19 over 153 forests). The tau <= 5 Gamma-residue count by excess with s*(tau) and Lemma H's uniqueness half are STATED by the synthesis and NOT registered (they await an isolated second read).",proposals/cycle2/latest-code/master/CLAIM-IDENTITY.json#E993-R25-COVER-DIAGONAL-D6-RESIDUE-COMPLETE
E993-R25-MATCHING-BAND-REGION-DOMINATION,VERIFIED,"The absolute-stratum closed form sigma_j(r) is identical to the registered (P,Q,alpha,i) recursion (7,080 cells). Region II is exactly {E_j <= 0}; the exact requirement there is jQ >= rho_j jP + (rho_j - 1)E_j (a free slack (rho_j - 1)|E_j|); the multiplicative strengthening Q >= rho_j P is REFUTED (661 witnesses at d <= 70, worst (6,8,7)); the seat's 'two refuted strengthenings' are one inequality; the seat's 'argmin always just inside Region II' is FALSE at d in {3,5,7,9}; the requirement's margin binds at the band top and decays like ~0.3/d, and the safety ratio's minimum ~1.4865 at (200,203,202) sits at the band BOTTOM (the critics use reciprocal rho conventions — never mix them). The d = 3 result is a grade change, NOT a closure of the live cell (3,4); the schema stays OPEN.",proposals/cycle2/latest-code/master/CLAIM-IDENTITY.json#E993-R25-MATCHING-BAND-REGION-DOMINATION
E993-R25-MATCHING-BAND-ABSORBING-RESIDUE,VERIFIED,"BOUNDED COMPUTATION at the attained horizon d <= 400 (seat T1's populations reproduced exactly by both critics); extending the horizon by sweeping is not a route. What closing the residue would give: top-cell attainment as a theorem, which with the j = r+1 constraint and a uniform top-cell margin bound closes the band d < r < K(d), the live cell (3,4) and the last open rank of the d' = 3 slice.",proposals/cycle2/latest-code/master/CLAIM-IDENTITY.json#E993-R25-MATCHING-BAND-ABSORBING-RESIDUE
E993-R25-BINOMIAL-DIFFERENCE-CATALAN-FLOOR-UNIQUENESS,VERIFIED,"Arithmetic auxiliary; independent of any graph or G1 hypothesis; the UNIQUENESS refinement of E993-BINOMIAL-DIFFERENCE-CATALAN-FLOOR (whose floor half it re-derives); the equality VALUE at b = 2j overlaps E993-PAIR-STAR-CLOSURE's Catalan-slack identity for j >= 3 only and is re-derived here for every j >= 0; NOT a corollary of FLOOR + E993-R25-BINOMIAL-DIFFERENCE-CATALAN-CEILING (which leave 2j values of b unexcluded at each j >= 1 and say nothing about b = 2j-1). Proof: with h(b) = C(b,j) - C(b,j+1), Pascal gives h(b+1) - h(b) = C(b,j-1) - C(b,j), which is 0 for b <= j-2 (h identically 0 < Cat_j there — the LOW-PLATEAU step), > 0 for j-1 <= b <= 2j-2, exactly 0 at b = 2j-1 (C(2j-1,j-1) = C(2j-1,j)), < 0 for b >= 2j; h(2j) = Cat_j. ERRATUM against the r25 record (A1-E-a): the sign clause 'C(b,j-1) - C(b,j) > 0 for b <= 2j-2' printed in the r25 Cycle 6 F adjudication (Ruling 34) and by critic C-F4-T is FALSE on 0 <= b <= j-2; C-F4-U's range is the correct one. The struck '29 explicit forests' support is not evidence for this statement. Critic-attributed to r25 Cycle 6 C-F4-T and C-F4-U; adjudicator re-derived; isolated second read SR-H (addendum lane C) confirmed_with_repairs.",proposals/cycle2/latest-code/master/CLAIM-IDENTITY.json#E993-R25-BINOMIAL-DIFFERENCE-CATALAN-FLOOR-UNIQUENESS
E993-R25-GAMMA-RESIDUE-SLACK-THRESHOLD,VERIFIED,"Arithmetic statement about Gamma_n; tau = 1..7 ONLY (tau >= 8 has no registered K(tau) and is excluded; K(8) exceeds 6,000 by scan); NO closed form for s* may be quoted — the candidate ceil((tau-1)/3) fits tau = 1..6 and gives 2 at tau = 7 where the true value is 3, and the 'no closed form' fence rests entirely on the single cell (7,2,2) where Gamma_n = 0 exactly (the three zero cells are (tau,s,k) = (2,0,1), (5,1,1), (7,2,2); under a strict convention s* would read 0,0,1,1,2,2,2); each value ESTABLISHED, not scanned: above K(tau) by the formally verified E993-R25-CATALAN-GAP-MONOTONE-RATIO (slack 0, E(2k+2,k) = Cat_{k+1}) transferred to slack s >= 1 by E(.,k) strictly increasing on n >= 2k+2 (a derivation from the VERIFIED E993-R25-BINOMIAL-DIFFERENCE-CATALAN-CEILING, named here, not carried silently — the composite is proved_informal, NOT formally verified), below K(tau) by a finite exact check of at most 69 integers; the residue says where the Gamma bound is INCONCLUSIVE for Delta_k > 0, never where any statement is false; the transfer to forests is only the registered cover-fiber bound Delta_k >= Gamma_n under tau(F) <= tau; not c(d), not a tier statement, no new evidence for any cell's sign. Critic-attributed to r25 Cycle 6 C-F4-U (the threshold) and C-F4-T/C-F4-U (the tau = 5 table), confirmed by the F adjudicator (Rulings 30, 30a, 30b) and by the isolated second read SR-RES (addendum lane C), confirmed_with_repairs, 49 (tau,s) cells reproduced with zero discrepancies by an instrument importing no prior code.",proposals/cycle2/latest-code/master/CLAIM-IDENTITY.json#E993-R25-GAMMA-RESIDUE-SLACK-THRESHOLD
E993-R25-THIN-TREE-TAU-12-BAND-NO-IN-WINDOW-FAILURE-NO-RECOVERY,VERIFIED,"Grade bounded_computation (complete census); NOT a theorem, NOT VERIFIED, NOT CONDITIONAL. NAMING / NON-INHERITANCE CLAUSE (SR-F repair R1): this key is NOT a member of the cumulative E993-R25-THIN-TREE-LOGCONCAVE-TAU-LE-* family — the predicate 'no log-concavity failure at ANY rank' is FALSE at tau = 12 (T(3,4,4), W2), so no -TAU-LE-12 log-concavity key may ever be registered; the predicate here is in-window failure freedom plus no recovery, over the single band tau = 12. Complete census of 539,470,990 accepted (skeleton, D) instances over all 1,721,756 tau = 12 canonical-form skeleton classes and all 55 reachable (order, h) cells; 124,073 materialised spot checks, 0 mismatches; exact integers; instance counts are CONSTRUCTION counts and nowhere counts of isomorphism classes of final trees. THREE LIMITS ON THE FACE: (i) orders 24-25 (d <= 1) are outside the census; (ii) completeness over the CLASS, as opposed to over the construction, rests on Lemmas A-C (a thin tree of cover number tau is a skeleton on C ∪ H padded by pendant leaves) at the r25 record's informal grade; (iii) the forest form requires the convolved-sequence window instrument, which is UNBUILT. The FOREST key the synthesis proposed (E993-R25-THIN-FOREST-NO-RECOVERY-TAU-LE-12) is WITHHELD (SR-F repair R2): the -TAU-LE-11 forest key derives no-recovery from per-component log-concavity via TRS2 convolution closure, a route blocked at tau = 12 by the out-of-window failures, and the census is entirely single-component. Precision (SR-F): 'two log-concavity failures' are two accepted INSTANCES at one rank; of the 124,073 spot checks, 89,521 are the seat's shared-code checks (struck as 'independent' by C-F1-U/the F adjudicator) and 34,552 are independent. Lemmas A-C (the thin tree = padded skeleton decomposition) verified exhaustively at tau = 2..5 by SR-F; their grade at tau = 12 remains the r25 record's informal grade (no registry key carries the decomposition). The standing in-window minimum tau = 21 (E993-R25-RECOVERY-LOGCONCAVITY-NECESSARY's scope) is UNCHANGED. Attribution, layered and never summed across nested windows: seat F1 (A1 route A1-F-01; order 26 exhaustive, orders 33-34, the analytic (1+z) pendant-fold lever); critic C-F1-T (orders 27-32 extension, critic-attributed); critic C-F1-U (nested inside C-F1-T's window, not additional coverage); the F adjudicator (the remaining 13,798 classes and order 35, adjudicator-derived; confirmed by isolated second read SR-F). Synthesis 44821949e10423f6...; r25 ADDENDUM Cycle A1. Isolated second read SR-F confirmed_with_repairs (c9b4f0d8f6f56492...): every figure reproduced to the unit on from-scratch instruments; 17,406,910 instances recomputed end to end with 0 discrepancies; 55 cells tile with 0 gaps and 0 double counts.",proposals/cycle2/latest-code/master/CLAIM-IDENTITY.json#E993-R25-THIN-TREE-TAU-12-BAND-NO-IN-WINDOW-FAILURE-NO-RECOVERY
E993-R26-TOP-RANK-RESIDUAL-SIGN,VERIFIED,"Literal ordinary-tree statement at the top rank p = alpha - 1 on the residual class, at exactly the four C5-LA1 hypotheses; composed with the formally verified identity (RI) C5LA1.topRankResidualIdentity in one project. hEligible is consumed only through 3 <= alpha (it excludes P_3, whose unqualified expression is +2); the proof shows S <= -ell(ell-2)M - (ell-4)N_2 in Z with N_2 <= k_2 M and k_2 <= floor(ell/2). NO status transfer: the all-rank literal aggregate E993-R23-ORDINARY-FAVORABLE-LEAF-AGGREGATE stays OPEN (other ranks and the non-residual class untouched); E993-BETA-AGG (governed RTree scope) stays OPEN and needs the ordinary-to-RTree transport, never attempted; the common-leaf condition, TREE, FOREST, TRANSFER and Erdos #993 are untouched. Excluded from the award: the strict form S < 0 (registered separately at proved_informal, see E993-R26-TOP-RANK-RESIDUAL-SIGN-STRICT), S = 0 iff P_5, any other rank, forests, RTree, N_2 <= M (false from order 9).",proposals/cycle2/latest-code/master/CLAIM-IDENTITY.json#E993-R26-TOP-RANK-RESIDUAL-SIGN
E993-R26-DELETION-INJECTION-FIBRE-BOUND,VERIFIED,"All finite graphs; no tree, connectivity, alpha, eligibility or residual hypothesis. The first inequality is the occupancy bound avi(H) <= |V(H)|/2 of Andriantiana–Razanajatovo Misanantenaina–Wagner (2020), RE-PROVED in-run by the injection A -> A.erase u (never imported); the second is its sharp fibre form (equality for edgeless U). Its use at the fibres U(J') of the (RC) proof belongs to E993-R26-TOP-RANK-RESIDUAL-SIGN; nothing about S, trees or (RC) is asserted here.",proposals/cycle2/latest-code/master/CLAIM-IDENTITY.json#E993-R26-DELETION-INJECTION-FIBRE-BOUND
E993-R26-TREE-STRUCTURAL-CORE,VERIFIED,"Tree structure only; no declaration consumes the residual hypothesis (★); nothing about S, W_III, the families or (RC). Statement (e) needs connectivity (P_3 ⊔ K_1 is a forest witness where the closure fails).",proposals/cycle2/latest-code/master/CLAIM-IDENTITY.json#E993-R26-TREE-STRUCTURAL-CORE
E993-R26-FORCED-NEIGHBOUR-FAMILY-I-EMPTY,VERIFIED,"Component declarations of the formally verified award C1-LA1 (R26LA1.forced_neighbour, family_support_pruned, famI_card, family_I_weight, family_II_weight), not its terminal declaration; hEligible is not consumed (verified informally also on the 18 ineligible residual trees). This is the structural fact that refutes the r24 C6 'realized negative family-(I) weights' statement (see E993-R26-C6-B3-FAMILY-I-REALIZATION-CORRECTION).",proposals/cycle2/latest-code/master/CLAIM-IDENTITY.json#E993-R26-FORCED-NEIGHBOUR-FAMILY-I-EMPTY
E993-R26-C6-B3-FAMILY-I-REALIZATION-CORRECTION,VERIFIED,"A correction record about the r24 RECORD, never an edit of it (SOLUTION-CONTRACT §3.5); the mathematical identity B3 stands; (RC) is closed separately by E993-R26-TOP-RANK-RESIDUAL-SIGN.",proposals/cycle2/latest-code/master/CLAIM-IDENTITY.json#E993-R26-C6-B3-FAMILY-I-REALIZATION-CORRECTION
E993-R26-TOP-RANK-N2-LE-M,REFUTED,A mechanism proposed in the r26 allocation's item 1(f) parenthesis and in U's Cycle 2 target; false in general — only N_2 <= k_2 M holds (k_2 = |C_2| <= floor(ell/2)); at ell = 3 it is true because k_2 <= 1. The (RC) proof uses N_2 <= k_2 M.,proposals/cycle2/latest-code/master/CLAIM-IDENTITY.json#E993-R26-TOP-RANK-N2-LE-M
E993-R26-TOP-RANK-RESIDUAL-SIGN-STRICT,VERIFIED,"Same scope as E993-R26-TOP-RANK-RESIDUAL-SIGN; informal only (not part of the formal award C1-LA1, which excludes the strict form on its face). No status transfer to any other rank, class or headline.",proposals/cycle2/latest-code/master/CLAIM-IDENTITY.json#E993-R26-TOP-RANK-RESIDUAL-SIGN-STRICT
E993-INTERIOR-ALPHA-MINUS-TWO-AGGREGATE,OPEN,All finite connected acyclic simple graphs; first strict descent x; integer zero-extended independence coefficients; original support and closed neighborhood; no residual hypothesis.,proposals/cycle2/latest-code/master/CLAIM-IDENTITY.json#E993-INTERIOR-ALPHA-MINUS-TWO-AGGREGATE
E993-R27-FOREST-DEGREE-LEMMA,VERIFIED,"Lean: Erdos993G1.forest_degree_lemma (registered `lemma` kind inside award C1-LA1; statement byte-identical to SOLUTION-CONTRACT §2). Acyclicity is load-bearing (K4−e violates at k = 1; the statement is FALSE on K_{2,3}; every cycle C_n satisfies it with equality at every k). Excluded conclusions: tightness (never tight at k ≥ 1 with i_k > 0 — see E993-R27-FOREST-DEGREE-LEMMA-EQUALITY-CLASSIFICATION); that (DL) certifies acyclicity (only the root-corrected k = 1 form does); any pointwise degree claim; any no-recovery reading. Fence §3.1: an order bound / counting statement whose contrapositive has sign Δ_k ≥ 0; not a no-recovery statement; no status transfer to E993-R25-UNR-FOREST-WIDE (OPEN), E993-G1WIDE-NO-SIZE-CAP (OPEN), NR1, FOREST, TREE, TRANSFER, E993-BETA-AGG, the all-rank aggregate or Erdős #993. §3.2 nothing asymptotic. §3.3 (DL) is an average over I_k; no pointwise degree statement. §3.6 every Lean declaration authored in-run; no external Lean text (the audit copy carries no LICENSE). §3.7 attribution travels on this face.",proposals/cycle2/latest-code/master/CLAIM-IDENTITY.json#E993-R27-FOREST-DEGREE-LEMMA
E993-R27-FOREST-EXTENSION-INEQUALITY,VERIFIED,"Lean: Erdos993G1.forest_extension_inequality, the terminal theorem of award C1-LA1 (statement byte-identical to SOLUTION-CONTRACT §2). Composition: (DL) + the graph-general E993-R27-INDEP-EXTENSION-DOUBLE-COUNT and E993-R27-EXTENSION-LOWER-BOUND. Tight at k = 0 on every finite graph; never tight at k ≥ 1 with i_k > 0. Fence §3.1: an order bound / counting statement whose contrapositive has sign Δ_k ≥ 0; not a no-recovery statement; no status transfer to E993-R25-UNR-FOREST-WIDE (OPEN), E993-G1WIDE-NO-SIZE-CAP (OPEN), NR1, FOREST, TREE, TRANSFER, E993-BETA-AGG, the all-rank aggregate or Erdős #993. §3.2 nothing asymptotic. §3.3 (DL) is an average over I_k; no pointwise degree statement. §3.6 every Lean declaration authored in-run; no external Lean text (the audit copy carries no LICENSE). §3.7 attribution travels on this face.",proposals/cycle2/latest-code/master/CLAIM-IDENTITY.json#E993-R27-FOREST-EXTENSION-INEQUALITY
E993-R27-INDEP-EXTENSION-DOUBLE-COUNT,VERIFIED,"Lean: Erdos993G1.double_count (`lemma` face of award C1-LA2; hypotheses exactly [Fintype X] [DecidableEq X] [DecidableRel G.Adj]). Graph-general; not a forest statement; not evidence for (DL)/(EX); transfers no status. Face note: the kernel receipt's #print axioms probe covers the terminal e_ge_sub; double_count's axiom line rests on the whole-file build and EVIDENCE/axioms-all-declarations.txt (all 19 declarations at the three axioms). This run's firstDescent is the sInf form, extensionally (Nat.sInf_def) but not definitionally the Nat.find object of record — nothing in the award depends on it; a later composition must not treat LA2's firstDescent as the rfl-certified object.",proposals/cycle2/latest-code/master/CLAIM-IDENTITY.json#E993-R27-INDEP-EXTENSION-DOUBLE-COUNT
E993-R27-EXTENSION-LOWER-BOUND,VERIFIED,"Lean: Erdos993G1.e_ge_sub, the terminal theorem of award C1-LA2 (statement byte-identical to the synthesis statement of record). Graph-general; hJ is consumed only through |J| = k; equality iff exc(J) = 0 (no vertex has two or more neighbours in J) — see E993-R27-EXACT-EXTENSION-IDENTITY. Transfers no status; not evidence for (DL)/(EX).",proposals/cycle2/latest-code/master/CLAIM-IDENTITY.json#E993-R27-EXTENSION-LOWER-BOUND
E993-R27-DEGREE-LEMMA-IMPLIES-EXTENSION-CHAIN,VERIFIED,"Lean: Erdos993G1.degree_lemma_implies_chain (award C1-LA3). THE IMPLICATION IS THE AWARD; the consequents are not asserted by this key (they are asserted by E993-R27-FOREST-EXTENSION-INEQUALITY, -FOREST-DESCENT-LINEAR-BOUND, -RANK5-CEILING-20, -DESCENT-RESTRICTION-4R-MINUS-4 at their own grades). Instance caveat (C-U3-F): a (DL) proved at one fixed Fintype instance would not compose; DlHyp quantifies over instances. Alias distinction: this run's Erdos993G1.forest_extension_inequality is the CONDITIONAL form (extra hDL binder) under the same name as C1-LA1's unconditional theorem — never conflate. Fences: no no-recovery reading; (XR) not a uniform bound on d; r = 0 vacuous-hypothesis-sound. Fence §3.1: an order bound / counting statement whose contrapositive has sign Δ_k ≥ 0; not a no-recovery statement; no status transfer to E993-R25-UNR-FOREST-WIDE (OPEN), E993-G1WIDE-NO-SIZE-CAP (OPEN), NR1, FOREST, TREE, TRANSFER, E993-BETA-AGG, the all-rank aggregate or Erdős #993. §3.2 nothing asymptotic. §3.3 (DL) is an average over I_k; no pointwise degree statement. §3.6 every Lean declaration authored in-run; no external Lean text (the audit copy carries no LICENSE). §3.7 attribution travels on this face.",proposals/cycle2/latest-code/master/CLAIM-IDENTITY.json#E993-R27-DEGREE-LEMMA-IMPLIES-EXTENSION-CHAIN
E993-R27-FOREST-DESCENT-LINEAR-BOUND,VERIFIED,"Lean (if formal): Erdos993G1.forest_descent_linear_bound (award C1-LA4, [Finite X], Nat.card). Strengthens the formally verified r25 award E993-R25-FOREST-DESCENT-ORDER-BOUND-SHARP ((k+1)²; 4k ≤ (k+1)² with equality only at k = 1; covers k = 0 which that award excludes) as a SEPARATE key — the r25 award is unchanged. 4k is attained at k = 1, 2 (P_4, P_8) and strictly slack at k = 3, 4, 5 (true maxima 11, 15, 18: E993-R27-FOREST-DESCENT-MAXIMA-CENSUS). Fence §3.1: an order bound / counting statement whose contrapositive has sign Δ_k ≥ 0; not a no-recovery statement; no status transfer to E993-R25-UNR-FOREST-WIDE (OPEN), E993-G1WIDE-NO-SIZE-CAP (OPEN), NR1, FOREST, TREE, TRANSFER, E993-BETA-AGG, the all-rank aggregate or Erdős #993. §3.2 nothing asymptotic. §3.3 (DL) is an average over I_k; no pointwise degree statement. §3.6 every Lean declaration authored in-run; no external Lean text (the audit copy carries no LICENSE). §3.7 attribution travels on this face.",proposals/cycle2/latest-code/master/CLAIM-IDENTITY.json#E993-R27-FOREST-DESCENT-LINEAR-BOUND
E993-R27-RANK5-CEILING-20,VERIFIED,"Lean (if formal): Erdos993G1.forest_rank5_ceiling_20 (award C1-LA4). Supersedes the informal ceiling 25 (E993-R25-RANK5-CEILING-SHARPENED-TO-25) as a consequence, not an edit; empties that claim's stated residue (orders 22–25) — see the rank-5 residue closeout record. The census-grade companion Δ_5 < 0 ⇒ n ≤ 18 (E993-R27-RANK5-CEILING-18-CENSUS) is a separate item and never enters this face. Fence §3.1: an order bound / counting statement whose contrapositive has sign Δ_k ≥ 0; not a no-recovery statement; no status transfer to E993-R25-UNR-FOREST-WIDE (OPEN), E993-G1WIDE-NO-SIZE-CAP (OPEN), NR1, FOREST, TREE, TRANSFER, E993-BETA-AGG, the all-rank aggregate or Erdős #993. §3.2 nothing asymptotic. §3.3 (DL) is an average over I_k; no pointwise degree statement. §3.6 every Lean declaration authored in-run; no external Lean text (the audit copy carries no LICENSE). §3.7 attribution travels on this face.",proposals/cycle2/latest-code/master/CLAIM-IDENTITY.json#E993-R27-RANK5-CEILING-20
E993-R27-DESCENT-RESTRICTION-4R-MINUS-4,VERIFIED,"Lean (if formal): Erdos993G1.forest_descent_restriction, the terminal theorem of award C1-LA4. NOT a uniform bound on d. Occupancy (E993-R27-FOREST-DESCENT-MAXIMA-CENSUS): max{n : x < r} = M(r−1) = 0, 4, 8, 11, 15, 18 for r = 1..6 against 4r − 4 = 0, 4, 8, 12, 16, 20 — exact at r ≤ 3. Fence §3.1: an order bound / counting statement whose contrapositive has sign Δ_k ≥ 0; not a no-recovery statement; no status transfer to E993-R25-UNR-FOREST-WIDE (OPEN), E993-G1WIDE-NO-SIZE-CAP (OPEN), NR1, FOREST, TREE, TRANSFER, E993-BETA-AGG, the all-rank aggregate or Erdős #993. §3.2 nothing asymptotic. §3.3 (DL) is an average over I_k; no pointwise degree statement. §3.6 every Lean declaration authored in-run; no external Lean text (the audit copy carries no LICENSE). §3.7 attribution travels on this face.",proposals/cycle2/latest-code/master/CLAIM-IDENTITY.json#E993-R27-DESCENT-RESTRICTION-4R-MINUS-4
E993-R27-FOREST-ROOT-CORRECTED-DEGREE-LEMMA,VERIFIED,"The statement is FALSE without acyclicity (C_n violates it at k = 1): IsAcyclic travels on the face; never graph-general. Acyclicity is used three times (edge ↔ non-root bijection |E| = n − c; N(v) = {p(v)} ∪ children(v); parent map strictly decreasing depth, p(p(u)) ≠ u). No α, no k ≥ 1, no n ≥ 2, no connectivity. The injection proof is the kernel-verified core of award C1-LA1 (Erdos993G1.forest_root_corrected_degree_bound and the rootPairs assembly); this KEY is registered at the informal grade of its every-rooting statement as read by SR-RC. Fence §3.1: an order bound / counting statement whose contrapositive has sign Δ_k ≥ 0; not a no-recovery statement; no status transfer to E993-R25-UNR-FOREST-WIDE (OPEN), E993-G1WIDE-NO-SIZE-CAP (OPEN), NR1, FOREST, TREE, TRANSFER, E993-BETA-AGG, the all-rank aggregate or Erdős #993. §3.2 nothing asymptotic. §3.3 (DL) is an average over I_k; no pointwise degree statement. §3.6 every Lean declaration authored in-run; no external Lean text (the audit copy carries no LICENSE). §3.7 attribution travels on this face.",proposals/cycle2/latest-code/master/CLAIM-IDENTITY.json#E993-R27-FOREST-ROOT-CORRECTED-DEGREE-LEMMA
E993-R27-FOREST-DEGREE-LEMMA-EQUALITY-CLASSIFICATION,VERIFIED,"Record correction carried on this face (§3.5, no sealed edit): SEMANTIC-CONTRACT §4's '(DL) tight cases' label has no instances at k ≥ 1 with i_k > 0 (erratum R27-E-b, now a theorem; the §4 fixed-point values are correct). Excluded conclusion for C1-LA1: no tightness claim on any award face; clause 1 is the reason, never a zero-failure census. Clause 4 consumes the two formally verified counting theorems; the grade stays proved_informal. Fence §3.1: an order bound / counting statement whose contrapositive has sign Δ_k ≥ 0; not a no-recovery statement; no status transfer to E993-R25-UNR-FOREST-WIDE (OPEN), E993-G1WIDE-NO-SIZE-CAP (OPEN), NR1, FOREST, TREE, TRANSFER, E993-BETA-AGG, the all-rank aggregate or Erdős #993. §3.2 nothing asymptotic. §3.3 (DL) is an average over I_k; no pointwise degree statement. §3.6 every Lean declaration authored in-run; no external Lean text (the audit copy carries no LICENSE). §3.7 attribution travels on this face.",proposals/cycle2/latest-code/master/CLAIM-IDENTITY.json#E993-R27-FOREST-DEGREE-LEMMA-EQUALITY-CLASSIFICATION
E993-R27-DEGREE-LEMMA-K1-ACYCLICITY-CRITERION,VERIFIED,"Finiteness only; acyclicity is the CONCLUSION of the root-corrected form. Registration fence: the plain k = 1 form gets no key of its own and is never described as an acyclicity criterion; witnesses labelled order-minimal vs edge-minimal. The 'excess-1 never fails at k ≥ 2' observation is bounded_computation and not part of this face. Fence §3.1: an order bound / counting statement whose contrapositive has sign Δ_k ≥ 0; not a no-recovery statement; no status transfer to E993-R25-UNR-FOREST-WIDE (OPEN), E993-G1WIDE-NO-SIZE-CAP (OPEN), NR1, FOREST, TREE, TRANSFER, E993-BETA-AGG, the all-rank aggregate or Erdős #993. §3.2 nothing asymptotic. §3.3 (DL) is an average over I_k; no pointwise degree statement. §3.6 every Lean declaration authored in-run; no external Lean text (the audit copy carries no LICENSE). §3.7 attribution travels on this face.",proposals/cycle2/latest-code/master/CLAIM-IDENTITY.json#E993-R27-DEGREE-LEMMA-K1-ACYCLICITY-CRITERION
E993-R27-EXACT-EXTENSION-IDENTITY,VERIFIED,"Corollaries on the face: (EXX-slack) (k+1)·i_{k+1} − (n − 3k)·i_k = (2k·i_k − D_k) + E_k; exc(J) ≥ 0 recovers E993-R27-EXTENSION-LOWER-BOUND with equality iff exc(J) = 0; E_k = 0 identically for k ≤ 1. Graph-general: not evidence for (DL)/(EX)/(LB)/(R5)/(XR); must be stated in ℤ ((n−k)·i_k − D_k = −98 on P_12 at k = 5); exc is ℕ-safe as written. (EXX) is NOT an FLNYZ statement and is not attributed to them. Fence §3.1: an order bound / counting statement whose contrapositive has sign Δ_k ≥ 0; not a no-recovery statement; no status transfer to E993-R25-UNR-FOREST-WIDE (OPEN), E993-G1WIDE-NO-SIZE-CAP (OPEN), NR1, FOREST, TREE, TRANSFER, E993-BETA-AGG, the all-rank aggregate or Erdős #993. §3.2 nothing asymptotic. §3.3 (DL) is an average over I_k; no pointwise degree statement. §3.6 every Lean declaration authored in-run; no external Lean text (the audit copy carries no LICENSE). §3.7 attribution travels on this face.",proposals/cycle2/latest-code/master/CLAIM-IDENTITY.json#E993-R27-EXACT-EXTENSION-IDENTITY
E993-R27-FOREST-DESCENT-MAXIMA-CENSUS,VERIFIED,"Conditionality on the face: M(0) elementary; M(1..3) UNCONDITIONAL (capped by the formally verified E993-R25-FOREST-DESCENT-ORDER-BOUND-SHARP ceilings 4, 9, 16 and a census complete to order 20). (LB) is formally verified (C1-LA4), so the (LB)-capped entries rest on a formal ceiling and a complete census; every entry stays bounded_computation. (LB)'s 4k is attained at k = 1, 2 and strictly slack at k = 3, 4, 5; the r25 wording 'tight at k = 1 only' is correct for (k+1)² and must not be carried to 4k. Grade bounded_computation for EVERY entry ('unconditional' describes the ceiling's provenance, not the grade; proved_informal is never written on an M(k)). The (XR) table column reads 'not excluded by (XR)', never 'live'. Fence §3.1: an order bound / counting statement whose contrapositive has sign Δ_k ≥ 0; not a no-recovery statement; no status transfer to E993-R25-UNR-FOREST-WIDE (OPEN), E993-G1WIDE-NO-SIZE-CAP (OPEN), NR1, FOREST, TREE, TRANSFER, E993-BETA-AGG, the all-rank aggregate or Erdős #993. §3.2 nothing asymptotic. §3.3 (DL) is an average over I_k; no pointwise degree statement. §3.6 every Lean declaration authored in-run; no external Lean text (the audit copy carries no LICENSE). §3.7 attribution travels on this face.",proposals/cycle2/latest-code/master/CLAIM-IDENTITY.json#E993-R27-FOREST-DESCENT-MAXIMA-CENSUS
E993-R27-RANK5-CEILING-18-CENSUS,VERIFIED,"Mandatory annotation: this IS the M(5) = 18 entry of E993-R27-FOREST-DESCENT-MAXIMA-CENSUS in rank-5 presentation, not a second independent result (only the witness count and comparisons are additional). Evidence: exhaustive census of every forest class of order ≤ 20 (775,529 at order 19; 1,977,878 at order 20) — no class of order 19 or 20 with Δ_5 < 0; orders ≥ 21 excluded by (LB) at k = 5; the r25 frozen census is NOT an input. MUST NOT enter any award statement (§3.4; census-dependent, never formal); does not disturb the rank-5 residue closeout or the x ≤ 5 composition, which need only n ≤ 20. Fence §3.1: an order bound / counting statement whose contrapositive has sign Δ_k ≥ 0; not a no-recovery statement; no status transfer to E993-R25-UNR-FOREST-WIDE (OPEN), E993-G1WIDE-NO-SIZE-CAP (OPEN), NR1, FOREST, TREE, TRANSFER, E993-BETA-AGG, the all-rank aggregate or Erdős #993. §3.2 nothing asymptotic. §3.3 (DL) is an average over I_k; no pointwise degree statement. §3.6 every Lean declaration authored in-run; no external Lean text (the audit copy carries no LICENSE). §3.7 attribution travels on this face.",proposals/cycle2/latest-code/master/CLAIM-IDENTITY.json#E993-R27-RANK5-CEILING-18-CENSUS
E993-R27-KADDITION-CLOSURE-X-LE-5,VERIFIED,"Grade proved_informal-with-census (never formally_verified: Gate ruling 6, fence §3.4; no formal grade on (DL)/(LB)/(R5) promotes it). Evidence on the face: (i) reduction identity in ℤ, no acyclicity: i_k(G ⊔ K_1) = i_k(G) + i_{k−1}(G), hence Δ_j(G ⊔ K_1) = i_{j+1}(G) − i_{j−1}(G) = Δ_j(G) + Δ_{j−1}(G); (ii) rank 5: (R5) gives Δ_5 < 0 ⇒ n ≤ 20, so every forest with x = 5 lies inside the r25 order-≤21 census population; (iii) the census input, named: the r25 order-≤21 forest census checked the K1-addition TARGET itself with zero violations, re-verified in-run at orders ≤ 19 (C-F3-T) and ≤ 20 (C-F3-U) on independent instruments (one input in two attestations); (iv) ranks 0–4: E993-R25-KADDITION-CLOSURE-X-LE-4; rank 0 discharged outright (Δ_0 = n − 1 < 0 iff n = 0; ∅ ⊔ K_1 = K_1 has x = 1) with no census artifact (closure_certificate.json's rank-0 entry is corroboration). Relation to a REFUTED claim (travels): this is the K_1 instance of the REFUTED E993-FOREST-FIRST-DESCENT-DISJOINT-UNION-UPPER-ADDITIVITY (witness pair K_{1,3}, P_4, neither K_1); a refuted universal says nothing about a proper sub-family; the registry's stored scope contains NO K_1 carve-out (the F3/C-F3-U/F-adjudication sentence saying it does is FALSE and is replaced by this logical warrant); fence §3.8 intact. Excluded: no closure above rank 5; no order bound in the hypothesis; the order-22 class-count replay is NOT an input. Fence §3.1: an order bound / counting statement whose contrapositive has sign Δ_k ≥ 0; not a no-recovery statement; no status transfer to E993-R25-UNR-FOREST-WIDE (OPEN), E993-G1WIDE-NO-SIZE-CAP (OPEN), NR1, FOREST, TREE, TRANSFER, E993-BETA-AGG, the all-rank aggregate or Erdős #993. §3.2 nothing asymptotic. §3.3 (DL) is an average over I_k; no pointwise degree statement. §3.6 every Lean declaration authored in-run; no external Lean text (the audit copy carries no LICENSE). §3.7 attribution travels on this face.",proposals/cycle2/latest-code/master/CLAIM-IDENTITY.json#E993-R27-KADDITION-CLOSURE-X-LE-5
E993-R27-TWO-POTENTIAL-EDGE-SPLIT-RECURRENCES-ROOTED,VERIFIED,"Hypotheses consumed by the identities: finiteness; disjointness and separation (the single cross edge). ACYCLICITY IS NOT A HYPOTHESIS of the recurrences (841 arbitrary-graph joins, 0 failures) — it enters one step later, twice: every edge is a bridge (well-formed, strictly decreasing split for the induction over (tree, root) pairs) and it makes D, E nonnegative (off forests the potentials go negative: D_{C_3} = −2x, D_{K_4} = −6x). Canonical single form (abbreviation-free, rooting on its face); T1's abbreviated and C-U2-T's Ẑ presentations are the same identity and are not registered. Provenance that travels: the final forms were printed verbatim to seat T1 by control/C1-ALLOCATION.md item 1; T1's shipped §3 derivation does not reach them. Formalization conditions: x·p by cases on k, never p(k−1) over ℕ; 2 − deg_S(v) in ℤ; the Z-differences' nonnegativity is a theorem (S∖N_S[r] ⊆ S∖{r}). Fence §3.1: an order bound / counting statement whose contrapositive has sign Δ_k ≥ 0; not a no-recovery statement; no status transfer to E993-R25-UNR-FOREST-WIDE (OPEN), E993-G1WIDE-NO-SIZE-CAP (OPEN), NR1, FOREST, TREE, TRANSFER, E993-BETA-AGG, the all-rank aggregate or Erdős #993. §3.2 nothing asymptotic. §3.3 (DL) is an average over I_k; no pointwise degree statement. §3.6 every Lean declaration authored in-run; no external Lean text (the audit copy carries no LICENSE). §3.7 attribution travels on this face.",proposals/cycle2/latest-code/master/CLAIM-IDENTITY.json#E993-R27-TWO-POTENTIAL-EDGE-SPLIT-RECURRENCES-ROOTED
E993-R27-POTENTIAL-SEPARATED-UNION-CONVOLUTION,VERIFIED,"Finiteness and separation only; NO acyclicity (5,625 arbitrary-graph pairs of order ≤ 4, 81,225 doubly-rooted instances, 0 failures). Refutes T2's Part 1 Step 3 diagnosis that the forest layer is a debt requiring T1's mechanism (the refutation is C-T2-U's and C-T2-F's). Fence §3.1: an order bound / counting statement whose contrapositive has sign Δ_k ≥ 0; not a no-recovery statement; no status transfer to E993-R25-UNR-FOREST-WIDE (OPEN), E993-G1WIDE-NO-SIZE-CAP (OPEN), NR1, FOREST, TREE, TRANSFER, E993-BETA-AGG, the all-rank aggregate or Erdős #993. §3.2 nothing asymptotic. §3.3 (DL) is an average over I_k; no pointwise degree statement. §3.6 every Lean declaration authored in-run; no external Lean text (the audit copy carries no LICENSE). §3.7 attribution travels on this face.",proposals/cycle2/latest-code/master/CLAIM-IDENTITY.json#E993-R27-POTENTIAL-SEPARATED-UNION-CONVOLUTION
E993-R27-SINGLE-ROOT-SEPARATED-UNION-REDUCTION,VERIFIED,"Finiteness and separation only; no acyclicity; the asymmetry is forced (the B side carries no root correction). D0_B IS the (DL) slack family of B: the reduction presupposes nothing about (DL) and proves nothing about it — it converts (DL)-on-components plus single-root nonnegativity into single-root nonnegativity on the union. Fence §3.1: an order bound / counting statement whose contrapositive has sign Δ_k ≥ 0; not a no-recovery statement; no status transfer to E993-R25-UNR-FOREST-WIDE (OPEN), E993-G1WIDE-NO-SIZE-CAP (OPEN), NR1, FOREST, TREE, TRANSFER, E993-BETA-AGG, the all-rank aggregate or Erdős #993. §3.2 nothing asymptotic. §3.3 (DL) is an average over I_k; no pointwise degree statement. §3.6 every Lean declaration authored in-run; no external Lean text (the audit copy carries no LICENSE). §3.7 attribution travels on this face.",proposals/cycle2/latest-code/master/CLAIM-IDENTITY.json#E993-R27-SINGLE-ROOT-SEPARATED-UNION-REDUCTION
E993-R27-TREE-LEAF-BRANCH-REFORMULATION-ORDER-GE-2,VERIFIED,"2 ≤ n is required for the identity and the slot count, and only for them (at n = 1: L = Br = ∅, slot count reads 0 = −2, identity at k = 1 reads 2 = 0); the biconditional's truth value is NOT falsified at n = 1 (both sides hold), so 2 ≤ n is justified by the identity, not by a counterexample to the equivalence. The general weight identity 2k·i_k − D_k = Σ_v (2 − deg v)·c_v(k) holds for every finite graph. Formalization: slot count in ℤ (over ℕ it is provable by truncation and the defect is invisible); deg v − 2 guarded by deg v ≥ 3 or cast to ℤ; n ≤ 1 discharged separately. A REFORMULATION, not a proof of (DL): the Hall/SDR sufficient condition (C-T2-U Step C) is OPEN with bounded-computation support only. §3.3: an inequality between aggregates over I_k. Fence §3.1: an order bound / counting statement whose contrapositive has sign Δ_k ≥ 0; not a no-recovery statement; no status transfer to E993-R25-UNR-FOREST-WIDE (OPEN), E993-G1WIDE-NO-SIZE-CAP (OPEN), NR1, FOREST, TREE, TRANSFER, E993-BETA-AGG, the all-rank aggregate or Erdős #993. §3.2 nothing asymptotic. §3.3 (DL) is an average over I_k; no pointwise degree statement. §3.6 every Lean declaration authored in-run; no external Lean text (the audit copy carries no LICENSE). §3.7 attribution travels on this face.",proposals/cycle2/latest-code/master/CLAIM-IDENTITY.json#E993-R27-TREE-LEAF-BRANCH-REFORMULATION-ORDER-GE-2
E993-R27-FIRSTDESCENT-Z-INDEX-COMPLETENESS,VERIFIED,"Finiteness only; NO acyclicity. Clause 3's ℕ-side triple is formally verified in the definition layer (U1's firstDescent_exists/spec/min; U3's exists_delta_neg/delta_firstDescent_neg/not_delta_neg_of_lt_firstDescent; carried in awards C1-LA3/C1-LA4). §3.8: about the sign of delta outside [0, α]; asserts nothing about maximizers; E993-FIRST-STRICT-DESCENT-IS-FIRST-MAXIMIZER (REFUTED) is not a premise and not reopened. x is the first STRICT descent; clause 2 makes that convention complete. Fence §3.1: an order bound / counting statement whose contrapositive has sign Δ_k ≥ 0; not a no-recovery statement; no status transfer to E993-R25-UNR-FOREST-WIDE (OPEN), E993-G1WIDE-NO-SIZE-CAP (OPEN), NR1, FOREST, TREE, TRANSFER, E993-BETA-AGG, the all-rank aggregate or Erdős #993. §3.2 nothing asymptotic. §3.3 (DL) is an average over I_k; no pointwise degree statement. §3.6 every Lean declaration authored in-run; no external Lean text (the audit copy carries no LICENSE). §3.7 attribution travels on this face.",proposals/cycle2/latest-code/master/CLAIM-IDENTITY.json#E993-R27-FIRSTDESCENT-Z-INDEX-COMPLETENESS
E993-R27-CARRIER-BRIDGES-AND-AGREEMENT-LEMMAS,VERIFIED,"NOT a governed award: compiled in scratch projects (U adjudicator; replayed by SR-JOIN), never through the kernel verifier with a receipt; recorded as compiled scratch identities, not as formally_verified awards. Conditions on the face: (a) Gate ruling 3 hygiene — the four AdjU declarations mention R27DegreeLemma.indepFinsets/degOn, whose names coincide with the unlicensed external slice; the renames indepFinsets → r27IndepFinsets (body re-expressed), mem_indepFinsets → mem_r27IndepFinsets, degOn → r27DegreeIn are mandatory before any award face carries them; no Stage 7 award of this run carried U2's file, so none did; (b) hd : Disjoint A B is declared and NOT consumed by indepFinsets_union_of_separated (SR-JOIN compiled the identical statement without it); a future formalization drops the binder; (c) indepFinsets_univ_filter_card is load-bearing and was missing from the synthesis's row; (d) [DecidableEq X] unused in degOn_univ_eq_degree; (e) the agreement lemmas are AdjUReconcile.*. The merged U1+U3 project builds with exactly U1's five expected sorry'd §2 targets, carried as statements of record only. §3.1: bridges and definitional agreements; not evidence for (DL)/(EX)/(LB)/(R5)/(XR). Fence §3.1: an order bound / counting statement whose contrapositive has sign Δ_k ≥ 0; not a no-recovery statement; no status transfer to E993-R25-UNR-FOREST-WIDE (OPEN), E993-G1WIDE-NO-SIZE-CAP (OPEN), NR1, FOREST, TREE, TRANSFER, E993-BETA-AGG, the all-rank aggregate or Erdős #993. §3.2 nothing asymptotic. §3.3 (DL) is an average over I_k; no pointwise degree statement. §3.6 every Lean declaration authored in-run; no external Lean text (the audit copy carries no LICENSE). §3.7 attribution travels on this face.",proposals/cycle2/latest-code/master/CLAIM-IDENTITY.json#E993-R27-CARRIER-BRIDGES-AND-AGREEMENT-LEMMAS
