claim_id,status,registered_statement,registered_scope,evidence_grade
E993-UNIV-TREE-TRS2,REFUTED,Every finite tree has a TRS2 independence sequence,all finite trees; universal,see_certificate
E993-TREE-REAL-ROOTED,REFUTED,Every finite tree has a real-rooted independence polynomial,all finite trees; universal,see_certificate
E993-EXISTS-TREE-NEG-ADJ-MINOR,VERIFIED,Some finite tree has a negative total adjacent minor,existential; exact finite witness,see_certificate
E993-TRS2-IFF-ALC,VERIFIED,TRS2 is equivalent to adjacent log-concavity on nonzero positive-interval-support sequences,abstract NNSeq with positive interval support; governed Lean theorem trs2_iff_adjacentLogConcave (r8),see_certificate
E993-TRS2-CONVOLUTION-CLOSURE,VERIFIED,TRS2 is closed under finite convolution,abstract NNSeq; governed Lean theorem (r8),see_certificate
E993-TGT-TREE,OPEN,Every finite tree has a weakly unimodal independence sequence,all finite nonempty trees; the conjecture's TREE headline,see_certificate
E993-TGT-FOREST,OPEN,Every finite forest has a weakly unimodal independence sequence,all finite forests including the empty forest; the conjecture's FOREST headline,see_certificate
E993-TGT-TRANSFER,OPEN,A convolution-stable class strictly between log-concavity and unimodality containing all tree independence sequences,the reshaped transfer question; universal,see_certificate
E993-EXISTS-COUNTEREXAMPLE,OPEN,There exists a finite tree or forest with a non-unimodal independence sequence,existence; any order,see_certificate
E993-THEOREM-A,OPEN,"For every tree T, support-bearing s, p >= x(T)+1: PFavorableAt(p,s) implies a_p(s) < 0",universal; THEOREM (A) of the corridor program,see_certificate
E993-THEOREM-B,OPEN,For every tree T and leaf v: x(T−v) >= x(T)−1,universal; leaf crossing-shift,see_certificate
E993-ALPHA-TARGET,OPEN,"For leaf v with support s, p with k_A = 1 and a_v(p) < 0: a_v(p) + (b_v(p) − Bgen_s(p−1)) < 0",universal at k_A = 1; (α),see_certificate
E993-BETA-TARGET,REFUTED,"For leaf v with support s, p with k_A >= 2 and a_v(p) < 0: b_v(p) <= Bgen_s(p−1)","universal at k_A >= 2; (β) r29 Cycle 1 (2026-09-25) scope note: distinct from the r29 high-tail keys: the registered refutation witnesses fail 3p ≥ 2α + 1 (a theorem given E993-BIPARTITE-LEAF-HIGH-TAIL-POINTWISE, not a data check); E993-BIPARTITE-TAGGED-SHADOW-BOUND is a size-restricted incidence count whose constants k and 2(a − k) are incomparable with the refuted per-set bound. Status REFUTED unchanged.",see_certificate
E993-AMBIENT-TARGET-DEG2,OPEN,"AmbientTargetDeg2: D := Delta_{p−2}(U) <= H−1 on every hypothesis instance (deg(s)=2, U = T∖N[v]∖N[g], p = x(T)+1)",universal on the deg(s)=2 stratum; equivalent to (α) there via the governed r12 reduction,see_certificate
E993-C13-I4-GT-I3,VERIFIED,Every finite tree of order >= 12 has i_4 > i_3,universal for order >= 12,see_certificate
E993-COMP-AB,VERIFIED,IF AlphaTarget AND BetaTarget THEN THEOREM (A) holds in full,a governed implication; neither hypothesis asserted,see_certificate
E993-TRANSFER-TO-FOREST,CONDITIONAL,IF every component tree of forest F is TRS2 THEN F's independence sequence is TRS2,conditional; the universal antecedent is REFUTED (E993-UNIV-TREE-TRS2),see_certificate
E993-P1-NNSEQ,VERIFIED,The convolution of a nonzero Toeplitz2 sequence with a weakly unimodal nonnegative finitely-supported sequence is weakly unimodal,abstract NNSeq scope,see_certificate
E993-BAND-THEOREM,VERIFIED,2 <= p and |U| <= 2p−3 implies D <= 0 (no stratum condition),universal on the band; premise-free,see_certificate
E993-STRICT-UNITS,OPEN,D_p(T) > 0 and D_q(T) < 0 for every minimum first-recovery tree,"universal; OB-G1/OB-G2, the S3 endpoint units",see_certificate
E993-PAIR-G4,OPEN,Q > 0 for every minimum first-recovery tree (a common leaf with a_p(v) < 0 < a_q(v)),"universal; OB-PAIR-G4/OB-G3, the decisive S4 gap",see_certificate
E993-CAND-R18C1T1-3,OPEN,Candidate 3 / S-1: per-remnant band discharge on the branch-remnant expansion (*)/(**) — D>0 on G2∧|U|>=2p-2 is SUFFICIENTLY excluded (not equivalently) by the per-remnant discharge; classification MECHANISM-EQUIVALENT-TO-LAYER-4-AT-A-NEW-SITE,"G2 ∧ |U| >= 2p-2, deg(s)=2 stratum; fireability criterion deg_T(z_j) >= e+t+2-j attached; both named killers fire (92.0%/2.0%)",see_certificate
E993-CAND-R18C1T1-1,REFUTED,Candidate 1: the epsilon-discount bound (design-target inequality discounting the shadow bound by epsilon on G2),"as printed in R18C1-T1 §4; mechanism claim, never a target claim",see_certificate
E993-L0-CONV-DELTA,VERIFIED,"L0: Delta_r(f*g) = sum_i f_i * Delta_{r-i}(g) — convolution difference identity, premise-free","any nonnegative sequences f,g, any rank r; product-side; does not prove, approach, or narrow HG2",see_certificate
E993-PT-BOUND,VERIFIED,"P_t(r) := sum_i rho_{t,i} * max(Delta_{r-i}(U_t), 0) bounds Delta_r(U) — premise-free corollary of L0; registered in place of PSX-1 (whose weak-unimodality premise is decorative)","premise-free; beta_t = P_t in 12,806/12,806 premise-holding evaluations; dominated gap to D is unbounded (beta_t/D = p/2)",see_certificate
E993-CHOOSE-DELTA-POS,VERIFIED,choose_delta_pos_of_ge: Nat.choose strict-increase difference lemma (with choose_delta_nonpos_of_le its corollary under E993-BAND-THEOREM; boundary_2p_minus_2_gap and boundary_2p_minus_1_gap its d=0 and d=1 instantiations),Mathlib-tier arithmetic; NOT a fact about HG2,see_certificate
E993-BF-1,VERIFIED,"BF-1 (direction reversal): layer-4 shadow bound's exact reach is |U| <= 2p-3; at j=p-2, for |U| >= 2p-2 the factor |U|-p+2 exceeds p-1 and yields only D <= i_{p-1}(U)*(|U|-2p+3)/(|U|-p+2), growing with |U| and i_{p-1}(U), which the hypothesis does not bound","exact, not pessimism; witnessed (order-11 row i_{p-1}(U)=18)",see_certificate
E993-BF-2,VERIFIED,"BF-2 (vocabulary sharpness, strengthened form): the layer sees U only through (|U|, i_j(U)); the edgeless vector on m=2p-2 vertices has G2 shape with D>0 for every p>=3; the first out-of-band shell is realized by sealed hypothesis instances with D>0 (3 instances, |U|=2p-2, D=14, order 16, p=6; grown to 6 distinct trees, first above order 16, first at p=7, per r18 C1 F2-22); closing past 2p-3 requires structure the fence-legal vocabulary does not expose, or H","binding on every (|U|, i_j(U))-only refinement",see_certificate
E993-BF-3,OPEN,"BF-3 (missing H-side representation — a design judgment, not a theorem): the remnant expansion Delta_k(W∖g) = Delta_k(U) + sum_j Delta_{k-1}(Rem_j) with branch remnants whose crossing behaviour the hypothesis does not constrain is the named difficulty; the fifth layer's object is a hypothesis-sensitive bound on branch-remnant crossing behaviour, or a genuinely new H-representation avoiding remnants",design brief of record for the fifth representation layer; sequence-shape and root-state-recursion continuations stay refused (F1/F2; reserved I/A/B zone),see_certificate
E993-EXCHANGE-LEMMA,VERIFIED,"Exchange Lemma (sorted-domination): some peeling order makes all t branch remnants band-eligible iff the sorted-decreasing {deg_T(z_j)} dominates the decreasing threshold ladder (k_shell+t+1,...,k_shell+2); floor consequence min_j deg_T(z_j) >= k_shell+2","any tree, deg(s)=2 stratum, any t, any k_shell; premise-free combinatorial criterion",see_certificate
E993-BF2-EVERY-E,VERIFIED,"Every-e vocabulary-extremal form: the edgeless vector on m = 2p-2+e vertices has G2 shape with D(p,e) = C(2p-2+e,p-1) - C(2p-2+e,p-2) > 0 for every p >= 3 and every e >= 0; the shadow-ratio slack (p+e)/(p-1) is strictly increasing in e, and D(p,e) itself is strictly increasing in e (adjudicator strengthening)","generalizes E993-BF-2's m = 2p-2 (e=0) registered scope to every shell offset; the vocabulary obstruction deepens, never relaxes, with e",see_certificate
E993-QUADRATIC-FLOOR,VERIFIED,"Quadratic floor for all-remnants-band-eligible at the deg_T(s)=2 stratum: n >= 3 + t(k_shell+2) + C(t,2), equivalently 2p >= 2 - k_shell + t(k_shell+1) + C(t,2); composition of E993-EXCHANGE-LEMMA with the branch-order bound n >= 3 + Sum deg_T(z_j) (derivation R18C2-T1.md:345-356, cited on this face)","deg_T(s)=2 stratum, any t, any k_shell; NO confinement claim; NO R-20/GATE-2 relevance (bounds the J_1-empty case, not the J_0-nonempty firing case); symbols: k_shell := |U| - (2p-2), Rem_j branch remnants, C2 route numbering",see_certificate
E993-EXCHANGE-LEMMA-SEQ,VERIFIED,"Abstract-sequence counting form of the sorted-domination criterion: for a strictly antitone threshold ladder, the counting form of domination holds iff the sorted-decreasing degree sequence dominates the ladder (Lean exchangeLemma_dominationCriterion, R18C4T3)","abstract sequences ONLY — severed from the tree-bound parent E993-EXCHANGE-LEMMA (n : N free; z, Rem unconstrained; no instance antecedents); hr StrictAnti load-bearing, hd inert (MUT-hd); the counting-form <=> sorted-domination step is kernel-checked by NO ONE",see_certificate
E993-BETA-AGG,OPEN,"For every governed RTree T and p >= x(T)+2, the sum of g_v(T,p) = b_v(p)-Bgen_{s_v}(p-1) over all original leaves v satisfying a_v(p)<0 is nonpositive",universal favorable-leaf aggregate on the governed RTree model; all p >= x(T)+2; individual positive margins are permitted; this is not the refuted pointwise (beta) claim and cannot be presented as a reopening of E993-BETA-TARGET,see_certificate
E993-BETA-AGG-SUPPORT,REFUTED,"For every governed RTree T and p >= x(T)+2, each support fibre has nonpositive total g_v(T,p) over its original leaves satisfying a_v(p)<0","universal per-support favorable-leaf aggregate on the governed RTree model; distinct from both the global aggregate E993-BETA-AGG and the refuted pointwise E993-BETA-TARGET r29 Cycle 1 (2026-09-25) scope note: distinct from the r29 high-tail keys: the registered refutation witnesses fail 3p ≥ 2α + 1 (a theorem given E993-BIPARTITE-LEAF-HIGH-TAIL-POINTWISE, not a data check); E993-BIPARTITE-TAGGED-SHADOW-BOUND is a size-restricted incidence count whose constants k and 2(a − k) are incomparable with the refuted per-set bound. Status REFUTED unchanged.",see_certificate
E993-CERT-WINDOW-LB,VERIFIED,"Certificate-window lower bound: for every tree T, any sound common-peak certificate (the complete sound family for symmetric-unimodal-block decompositions) has centre drift S(T) >= |alpha(T) - 2*mode(T)|; on paths mode/alpha -> ~0.5528 so the required window grows linearly. CONSEQUENCE: no fixed-window symmetric-unimodal certificate scheme exists for trees",all finite trees; the comonotone mode-centred box certificate attains S(T) exactly (optimality proved),see_certificate
E993-LAMBDA2-CONJ,OPEN,"Graded certificate conjecture: every tree's independence sequence admits a comonotone mode-centred box certificate with slack 2 and slope <= 1/5 (every block [m-A,m+B] satisfies A <= 3B/2+2 and B <= 3A/2+2) — strictly stronger than unimodality (quantitative two-sided tail domination about the mode)","all finite trees; MEASURED CONJECTURE, not a theorem",see_certificate
E993-PAIR-WINDOW-THM,VERIFIED,"THE WINDOW THEOREM: for nonnegative zero-extended-unimodal integer sequences f, g with h = f + shift(g) (the leaf-recursion sum), h is unimodal iff the window (h_a,...,h_b) with a = min(m_f, m_g+1), b = max(m_f, m_g+1) is unimodal; sound AND complete on that domain; the nonnegativity clause is load-bearing (witness f=[0,-1], g=[0,0]); convention-independent (any maximizer). Companion facts: gap = |delta_g - delta_f - 1| <= 2; the <=2-point-window condition is one object under three C1 names",general sum algebra on the stated domain; single recursion step only — says nothing about iterated closure,see_certificate
E993-PAIR-PHISTAR,VERIFIED,"PHI-STAR soundness theorem: if g is nonnegative zero-extended-unimodal, f0 >= 0, and m is ANY maximizer of f, then h = f + shift(g) nondecreasing on [0, m-1] and nonincreasing on [m+1, infinity) implies h unimodal; f need NOT be unimodal (consumes the FOREST face only); convention-independent",the predicate Phi* and its soundness at the stated domain; the CANDIDATE aspect lives entirely in E993-PAIR-PHISTAR-CLOSURE,see_certificate
E993-PAIR-PHISTAR-CLOSURE,OPEN,"THE CLOSURE OBLIGATION (the r20 central open object): for every finite forest F with at least one edge there EXISTS a leaf v such that i(F) is nondecreasing on [0, m-1] and nonincreasing on [m+1, infinity), where m = mode(i(F-v)) (first-argmax) — a two-sided mode-drift-1 bound between i(F) and i(F-v)","all finite forests with an edge; TARGET-IMPLYING (proving it proves FOREST hence TREE); strictly weaker than the full motion conjecture (implied by C1's delta_f conjunct); NOT known to be implied by the target — a genuine intermediate. Falsification signature: a forest where EVERY leaf fails the bound (a mechanism kill of Phi*-closure, never itself a target event)",see_certificate
E993-PAIR-MODE-GAP,OPEN,"Measured conjecture: for every tree T and leaf v, |mode(i(T-v)) - mode(i(T-N[v]))| <= 1 (first-argmax)","MEASURED, NOT PROVED — may not be cited as progress on anything",see_certificate
E993-PAIR-C1-IMPLIES-TARGET,VERIFIED,Implication of record: contract-C1 (the motion-table bound delta_f <= 1) over forest-leaf pairs implies E993-TGT-FOREST hence E993-TGT-TREE; bridge fact x(T) = last_mode(i(T)) (the crossing index IS the last mode),the IMPLICATION and the bridge fact; the antecedent (C1 universally) is OPEN and may not be cited as established,see_certificate
E993-PAIR-ALLLEAF-WINDOW,OPEN,"Universal (all-leaves) closure form: for every finite forest F with an edge and EVERY leaf v, last_mode(i(F)) - 1 <= mode_first(i(F-v)) <= mode_first(i(F)) + 1","MEASURED ONLY — exhaustive orders <= 17 (294,178 forests cumulative, 2,337,444 leaf instances, 0 failures; extended by CRIT-T1-F) + 25.4M constructed polynomials; implies E993-PAIR-PHISTAR-CLOSURE; min-working-leaves=2 excluded as a path-family artifact",see_certificate
E993-PAIR-LEAFDRIFT-01,OPEN,"Leaf-drift bound: for every forest F with an edge and every leaf v, mode_first(i(F)) - mode_first(i(F-v)) is in {0, +1} (one-sided: the mode never retreats under leaf removal)","MEASURED ONLY — 36.6M instances to order 26 (ADJ-F/CRIT-F2-T amplified populations), opposite-shift adversarial family proved EMPTY at scope; SPLIT: delta_f <= 1 IS the OPEN antecedent of E993-PAIR-C1-IMPLIES-TARGET (target-implying); delta_f >= 0 is discharged by E993-PAIR-MODE-NR conditional on s <= 1",see_certificate
E993-PAIR-MODE-NR,VERIFIED,"Theorem NR: for nonnegative zero-extended-unimodal f, g with mode(g) >= mode(f) - 1: mode(h) >= mode(f), where h = f + shift(g)",general sum algebra at the stated domain; reduction live for TREES only (s-hypothesis unmet on part of the forest face),see_certificate
E993-PAIR-MODE-D1,VERIFIED,"Theorem D1: for nonnegative zero-extended-unimodal f, g with mode(g) <= mode(f): mode(h) <= mode(f) + 1","general sum algebra; REDUCTION-REFUTED NOTE ON THE FACE: the hypothesis s >= 0 is FALSE on the 669 realizable s=-1 pairs (orders <= 14), so this theorem contributes nothing to delta_f <= 1 on that stratum",see_certificate
E993-PAIR-PLATEAU-LE1,OPEN,Plateau bound: the maximum-level plateau of i(F) has length <= 2 (equivalently: at most two consecutive ranks attain the maximum; plateau-excess never >= 2) for every forest F,"MEASURED ONLY — exhaustive orders <= 17 + 25.4M constructed polynomials, 0 exceptions (CRIT-T1-F barrier hunt)",see_certificate
E993-PAIR-UNION-MODE,VERIFIED,"Union-mode guardrail: component-mode additivity under disjoint union is FALSE and unboundedly so; the exact single-family law is mode_first((1+cx)^k) = ceil((ck-1)/(c+1)) for integer c >= 1, k >= 1 (at c=2: floor((2k+1)/3)); mixed families (1+x)^p (1+2x)^q are pinned by Darroch's mean-mode bound","proved (ratio test + Darroch); the registered DISCOVERY is the guardrail, not the classical formula (CRIT-F2-T's framing adopted)",see_certificate
E993-PAIR-ALPHA-SANDWICH,VERIFIED,Alpha sandwich for realizable pairs: alpha(i(F-N[v])) <= alpha(i(F-v)) <= alpha(i(F-N[v])) + 1,"realizable tree/forest leaf pairs; proved (C1 stage-6 derivation, promoted at the C2 close because load-bearing: kills the exhibited abstract-retreat witnesses)",see_certificate
E993-PAIR-R1,VERIFIED,"Theorem R1 (pure sum-algebra form): for nonnegative zero-extended-unimodal g, r with f = g + shift(r), if mode_first(g) = mode_first(f) + 1 (the s = -1 configuration) then mode_first(r) <= mode_first(f) - 1","sum algebra only (f's unimodality struck as unused — the WINDOW-THM non-minimality lesson); forest-facing use rides the OB-R20-SCHEME vertex-count order (debt discharged by amendment, C3-GATE-RECORD §4)",see_certificate
E993-PAIR-R2-GAP,VERIFIED,"The proved gap characterization at s = -1: (iff-lemma, unconditional) delta_f <= 1 iff h_{M+2} <= max(h_M, h_{M+1}); and the gap equals R2 OR R2-prime EXACTLY, where R2: r_M - r_{M+1} >= g_{M+2} - g_M (R2 is the h_{M+1}-branch of the max and R2-prime the h_M-branch; corrected r20 C4 per X2, two independent derivations) — each disjunct one branch of the max","the characterization is PROVED; whether R2-or-R2-prime HOLDS on all realizable pairs is the OPEN remainder (it is exactly what E993-PAIR-PHISTAR-CLOSURE needs at s = -1); R2 alone is sufficient-not-necessary (568 abstract failures, 96 with delta_f <= 1 — all 96 die under realizability normalization; an abstract-box fact); 'equivalent to overshoot' is BLOCKED as false",see_certificate
E993-PAIR-NETZERO,OPEN,"Net-zero realizability chain: every known abstract overshoot witness (472 at the tested box) dies under the registered conditions — 116 survive r-unimodality (the hypothesis-aware count), 5 survive r_0 = 1, 0 survive the forest edge count C(p_1,2) - p_2 <= p_1 - 1; the alpha-sandwich is inert in this chain","A BOUNDED ZERO ON ITS FACE — the tested abstract box only (lengths <= 5-ish, small values); evidence of nothing beyond itself; the run's realizability evidence, never proof; growing the box is the standing falsification target",see_certificate
E993-PAIR-STAR-CLOSURE,VERIFIED,"Closure proved exactly for stars: K_{1,m} satisfies the all-leaf window bound for every m, with mode floor(m/2) (m=1 exception noted) and the Catalan-slack identity C(2t,t) - C(2t,t-1) = Catalan_t for t >= 3","the star family exactly; NEAR-STARS Broom(m,2): the peak-location premise is PROVED UNCONDITIONALLY at r20 C5 on two independent routes, either sufficing - Route A (F lane): closed-form gap identities in both parities, rise D(2s,s+1)-D(2s,s)=C(2s,s)/(s+1) and 4C(2s+1,s+1)/(s+2) (route R20C5-F2), fall C(2s,s)(5s+4)/((s+1)(s+2)) and 2C(2s+1,s+1)/(s+2) (CRIT-F2-T and CRIT-F2-U independently and identically - credit JOINT AND EQUAL; adjudicated ADJ-F F2-2), closing mode(D(m,.)) = floor(m/2)+1 for every m >= 0 with unimodality from the explicit factorization (1+x)^m(1+2x) (a factorization, not a citation - RUL-R20-C4-8 not engaged); Route B (T lane): the same by the binomial-ratio trichotomy on D(m,k) = C(m+1,k)+C(m,k-1) (R20C5-T2; re-derived by both its critics and ADJ-T), no log-concavity or real-rootedness used. The R20C3-T2.md Sec3.2 dependency (whose claimed Sec6.1 receipt does not exist) and the m<=800 bound are RETIRED; the CONDITIONAL qualifier is STRUCK. deg D(m,.) = m+1, not m+2. IMPORT STATUS (r20 C6, supersedes the C5 line): the chartered R20C4-T2 import is DISCHARGED - the six finite cases m=0..5 are exhibited on the R20C6-T2 face and re-executed byte-identical on four independent instruments, and the m>=4 closure is supplied by R20C6-CRIT-T2-U M-1 from the full-row shape theorem plus integrality alone (no M(2), no three-zone argument, no R20C5-T2 citation). 'FULLY PROVED, both parts, for every m>=0, standing alone' may be written ONLY on the COMPOSITE (R20C6-T2 pars.1.3/1.4/1.6 + CRIT-T2-U M-1) and NEVER on the R20C6-T2 face as sealed (which discharged one import while introducing an undisclosed R20C5-T2 Sec2.2 import). AVAILABLE, NOT YET ASSEMBLED: R20C5-T2 Sec1.5 + Sec2.2 at l=2 (M(2)=6) prove the lemma import-free for every m >= 6, leaving exactly six finite cases m=0..5 for a successor. COMBS: three independent computations of record (338 of 900, first at k=3, k=3 witness; the original route receipt's wrong-object provenance defect stands as recorded); brooms/spiders (m,l <= 70): measured; the general spider closed form (E993-PAIR-SPIDER-CLOSED-FORM) now subsumes the proved core",see_certificate
E993-PAIR-PATH-CLOSURE,VERIFIED,"Closure proved exactly for paths: P_n satisfies the all-leaf window bound for every n (infinite family), incl. path log-concavity via the elementary factorial identity",the path family exactly; the run's strongest single family result,see_certificate
E993-PAIR-ALPHA-FLOOR,VERIFIED,"Alpha floor: for every forest F on n vertices, alpha(F) >= ceil(n/2) - a forest is bipartite, so the larger colour class is independent. Applied to a leaf pair: alpha_f >= ceil(n_f/2) and alpha_g >= ceil((n_f - 1)/2).","Every forest, no exception. FOREST and TREE face (RUL-R20-C1-3). A statement about the independence NUMBER and the VERTEX COUNT - not about mode(i(F)) or any mode-indexed quantity.",see_certificate
E993-R19-FIXED-GAMMA-HALL,OPEN,"For every governed RTree tuple, the exact fixed Delete/Retag relation satisfies Hall's subset inequality.","Universal fixed-Gamma Hall mechanism for the r19 aggregate-beta route; stronger than E993-BETA-AGG; excludes the refuted residual-token capacity cap(y)=D-d_minus(y). [2026-09-17, Horn B of record (r23b terminal close, Ashton-approved): the r23 ordinary-tree object is the definition of record for O14's purposes; this row remains OPEN on its own governed-RTree terms pending the universal transfer RTree.semanticAdequacyTarget, registered as a named open obligation (LEDGER.md r23b section; r23b CLAIM-DISTINCTIONS entry HORN-B-OF-RECORD).]",see_certificate
E993-R19-TM-RATIO-PACKAGE,OPEN,"All four adjudicated ratio inequalities R-I, R-0, R-star, and R-K hold for every m>=1 on their exact coefficient ranges and imply the T_m aggregate sign.",The exact r19 T_m special-family ratio package only; does not assert all-tree aggregate beta or termwise negativity.,see_certificate
E993-R19-R2-HALL-UNIVERSAL,OPEN,Every eligible governed adjacent-rank transition satisfies the frozen radius-two Hall capacity inequality on destination-positive supports.,"Universal radius-two Hall certificate in r19; strictly stronger than and not equivalent to E993-BETA-AGG. [2026-09-17, Horn B of record (r23b terminal close, Ashton-approved): the r23 ordinary-tree object is the definition of record for O14's purposes; this row remains OPEN on its own governed-RTree terms pending the universal transfer RTree.semanticAdequacyTarget, registered as a named open obligation (LEDGER.md r23b section; r23b CLAIM-DISTINCTIONS entry HORN-B-OF-RECORD).]",see_certificate
E993-R19-U2-UNIVERSAL-FACES,OPEN,"For every eligible governed row under the frozen unweighted support-mean convention, S_ORB<=0 and C<=-S_ORB.",The two universal orbit/covariance sign faces used by the r19 conditional composition theorem; stronger than and not equivalent to E993-BETA-AGG.,see_certificate
E993-PAIR-S-NEG1-WINDOW-REDUCTION,VERIFIED,"The s=-1 window-step identity: at s=-1 (motion cell (1,0)) the window comparison reduces to two exact identities (I) h_M = g_M + r_M and (II) h_{M+2} - h_{M+1} = (g_{M+2}-g_M) - (r_M - r_{M+1}) shifted per the leaf recursion, whence r2_slack == h_{M+1} - h_{M+2} identically; hence R2 is the h_{M+1}-branch and R2-prime the h_M-branch of the max in the gap characterization; necessary condition: R2 fails while R2-prime succeeds only if delta-r_0 > a+b","general sum algebra; no unimodality needed for the algebra itself; the corollary branch identification proved on two independent derivations (R20C4-ADJ-T Lemma-W re-derivation; R20C4-ADJ-U from identities I+II, 3,995/3,995 numeric)",see_certificate
E993-PAIR-R-LE-G-POINTWISE,VERIFIED,"Pointwise domination (TWO instances of induced-subgraph monotonicity, both true - repair r20 C9, U R-1): for any graph G with a leaf/support pair (v,u): (i) r <= g coefficientwise (i(G-N[u]) <= i(G-N[v]) - the instance this row's key and aliases name); (ii) g <= f coefficientwise (i(G-N[v]) <= i(G-v) - the instance the prior statement's inline formula displayed). The C9 record notes the u1-direction limb as the mechanism excluding several abstract witness classes ((X1)).","any graph with a leaf/support pair; registered ON ITS PROOF. Discriminating power of record: kill rate 93.84% at the lengths-2-5 box, of which 84.5% is the index-0 coordinate (a weakened form of the registered r0=1); honest marginal given r0=1 is 64.7% (224->79); net kills at the net-zero chain's terminus are ZERO; at the sealed lengths-2-4 box the lemma contributes nothing beyond r0<=1 (111/111 index-0) r28 Cycle 1 (2026-09-25): corroborated: r28 seats T1, T2 and F2 re-derived clause (i) (leaf ≥ support, c_ℓ(k) ≥ c_s(k)) by the subset argument; it is the m = 1 case of E993-R28-PENDANT-PATH-LEAF-DOMINANCE, which extends it along the whole pendant path. Status unchanged.",see_certificate
E993-PAIR-BRANCH-FACTORIZATION,VERIFIED,"Branch factorization, FOREST-REPAIRED FORM, beta-prime clause CORRECTED r20 C6: for a leaf v with support u of a forest F, with w_1..w_k the neighbours of u other than v, B_i the component of (C(u)-u) containing w_i, beta_i := i(B_i), beta_i' := i(B_i - w_i) (delete w_i ALONE, not N[w_i]), and C(u) the component of F containing u: g = i(F - C(u)) * prod(beta_i) and r = i(F - C(u)) * prod(beta_i').","forests, with the i(F - C(u)) factor MANDATORY (without it the identity is FALSE on every disconnected instance: 82/82 failures; CE1 (a-u-b)+(c-d) is the minimal witness). 'Any graph' STRUCK OUTRIGHT - false in substance (the w_i need not lie in distinct components of G-u; CE2 C_4+pendant, CE3 triangle+leaf). The originally proposed forest/any-graph text is REFUSED and may not be cited",see_certificate
E993-PAIR-SPIDER-CLOSED-FORM,VERIFIED,"General spider closed form: i(Spider(l_1,...,l_K)) = prod q_{l_i} + x * prod q_{l_i - 1}, where q_l = i(P_l); with the path-attachment lemma (attaching a path to any vertex of any graph: i-polynomial recursion) as registrable sub-result at any-graph any-vertex scope, and the addition formula q_{a+b+1} = q_a q_b + x q_{a-1} q_{b-1} as byproduct","MANDATORY SCOPE LINE: the closed form is a PROOF (induction on legs); the CLOSURE BOUND for general spiders is NOT proved. Subsumes the proved cores of E993-PAIR-STAR-CLOSURE, E993-PAIR-PATH-CLOSURE, and Broom(m,l) at every (m,l)",see_certificate
E993-PAIR-CATERPILLAR-TRANSFER,VERIFIED,General caterpillar transfer recursion: the independence polynomial of a caterpillar with arbitrary tooth vector transfers along the spine by the two-term recursion with B_i = i(G_i - v_i) semantics; the uniform-comb recursion and the star are special cases,MANDATORY SCOPE LINE: the recursion is a PROOF; no closure bound for general caterpillars is proved. Interior-zero tooth vectors included,see_certificate
E993-PAIR-RANK2-EXACT,VERIFIED,"Rank-2 exactness: g_2 = C(g_1 - 1, 2) exactly when the leaf-deleted object is connected (registry convention; equivalently f_2 = C(f_1 - 1, 2) on the connected side)","EXACT only when the deleted object is CONNECTED (tree face, RUL-R20-C1-3 qualifier per ADJ-F-2); on the FOREST face only the inequality survives. Strictly strengthens {edge bound, cap} on that side, one-directionally",see_certificate
E993-PAIR-RANK3-TREE-SANDWICH,VERIFIED,"Rank-3 tree sandwich: for a tree on n vertices, C(n,3) - (n-2)^2 <= i_3 <= the tree maximum; LOWER ENDPOINT OF RECORD: C(n,3) - (n-2)^2 (equivalently C(n,3) - (n-1)(n-2) + (n-2)); attained by the path at every n >= 2","TREE face only (connectedness load-bearing, ADJ-F-2). The endpoint C(n,3) - (n-1)(n-3) printed in the C4 F3 route deliverable is WRONG BY EXACTLY 1 and violated by the path at every n >= 2 (ADJ-F-1, CRITICAL) - it may not be cited. f-side struck as exactly redundant",see_certificate
E993-PAIR-RANK3-FOREST-MAX,VERIFIED,"Rank-3 forest maximum on r: for a forest on n vertices with c components, i_3 <= C(n,3) - (n-c)(n-2) + C(n-c,2)","all forests, all (n,c)",see_certificate
E993-PAIR-RANK3-FOREST-MIN,VERIFIED,"Rank-3 forest minimum on r, GENERAL: for a forest on n vertices with c components, i_3 >= C(n,3) - (n-c)(n-2) + max(n - 2c, 0)","all forests, all (n,c), NO REGIME RESTRICTION (registers WITHOUT the r_1 <= 2c caveat - ruled unnecessary, C4-GATE-RECORD par.3 N9); P2^min = max(n-2c,0) proved",see_certificate
E993-R19-ROOT-SAFE-PRUNE-TOTALITY,REFUTED,Every governed nonbase target-root state with all original leaves literally marked admits a connected strict deletion that preserves every marked original leaf,"Exact r19 decorated-state mechanism: finite target trees, all original leaves literally marked, connected strict vertex deletion only; does not cover relabeling, disconnected carriers, graft successors, or compensated exits",see_certificate
E993-R19-SUPPORT-LOCKED-CORRIDOR-ADVANCE,REFUTED,A support-locked state system can provide a literal-label-preserving adjacent advance along a simple positive-length support path,"Exact r19 corridor mechanism: every state label is locked to its current support, each operation edge preserves the literal label, and an advance traverses two distinct consecutive supports; does not cover carried provenance independent of current support",see_certificate
E993-R19-SUPPORT-PRESERVING-UNIT-TRANSPORT,REFUTED,"For every governed base-rank row, there is an exact support-label-preserving unit-token injection from positive favorable-leaf tokens to negative favorable-leaf tokens","Exact r19 unit-token mechanism with every matching edge preserving the leaf-support label; does not cover cross-support transport, non-unit capacities, or other aggregate encodings",see_certificate
E993-PAIR-FM-LEMMA,VERIFIED,"Lemma FM: for any integer sequences g, r and f := g (+) shift(r), if M is an argmax of f then r_{M-1} - r_M >= g_{M+1} - g_M. The s=-1 specialization (M = mode(f), mode(g) = M+1) narrows T2 (delta-r0 < a+b) to a window of width exactly a: b <= delta-r0 < a+b.","the full sum algebra of Identity II; NO unimodality, nonnegativity, zero-extension, s-value, or realizability hypothesis is used (registration says so per the adjudicated text). MANDATORY: Lemma FM narrows T2; it does not resolve it, and it is silent on T1/R2.",see_certificate
E993-PAIR-R-LOGCONCAVE-RATIO-BOUND,VERIFIED,"Cleared ratio bound (total, division-free): if r is nonnegative, r_M^2 >= r_{M-1}*r_{M+1} (log-concavity at M), and r_{M-1} >= r_M + b (Lemma FM), then (r_M - r_{M+1})*(r_M + b) >= r_M*b. Equivalent quotient form: delta-r1 >= r_M*b/(r_M+b) whenever r_M + b > 0, which at s=-1 under first-argmax is automatic since b >= 1.","VERIFIED (proved, conditional on r's log-concavity - strictly stronger than the mere unimodality R1 already assumes). MANDATORY: does NOT imply T1 in general - T1 follows iff r_M*c > b*(b-c), and at c=0, b>0 the bound degenerates to 0 > b^2, false; the route's disclosure of this gap is correct. SHARPNESS: attained at non-degenerate instances (witness g=(4,8,10,10), r=(4,2,1), r_M=2, R20C5-ADJ-T par.2.6.3); attainment holds exactly when r_M^2 = r_{M+1}*(r_M+b) (18,630 configurations, 0 characterisation mismatches; 413 non-degenerate slack-0). No route/critic-sampled population established the attribute (all their slack-0 hits were degenerate r_M=0); the adjudicator witness does.",see_certificate
E993-PAIR-EDGE-JOIN-COMPOSITION,VERIFIED,"Edge-join composition law (REPAIRED r20 C6 - the PAIR FORM, canonical). Let (F1,v1) and (F2,v2) be realizable leaf pairs (v_i a leaf of forest F_i with support u_i), registry letters f_i := i(F_i - v_i), g_i := i(F_i - N[v_i]), r_i := i(F_i - N[u_i]) (so f_i = g_i (+) shift(r_i)). CONSTRUCTION: delete v2, join the two SUPPORTS by one new edge, keep v1 as the mark - W := F1 disjoint-union (F2 - v2) + edge u1u2, marked leaf v1. Then v1 is again a leaf of W with support u1, and f' = g1*g2 + x*(r1*g2 + g1*r2) [= f1*f2 - x^2*r1*r2], g' = g1*f^(2) with f^(2) := i(F2 - v2) (= f2), and r' = r1*g2. The law is CLOSED ON REALIZABLE PAIRS (r'_0 = 1 always). THE GENERAL LAW it specialises: for ANY two graphs (H1,u1),(H2,u2), any marked vertices, writing h_i := i(H_i), p_i := i(H_i - u_i), q_i := i(H_i - N[u_i]) and J := H1 disjoint-union H2 + edge u1u2: i(J) = p1*p2 + x*(q1*p2 + p1*q2) [= h1*h2 - x^2*q1*q2]; i(J - u1) = p1*h2; i(J - N[u1]) = q1*p2; symmetrically at u2. (Deliberately lettered p,q so no reader takes these for the registry's f,g - the letter collision caused the C5 defect.)","PAIR FORM: realizable leaf pairs, closed on them; K_2 is the FORCED atom (K_1 carries no leaf); every leaf-marked tree is reachable by edge-peeling at the support (proved by hand; 2,298/2,298 leaf instances over 435 trees to order 11) - the property that makes this row bear on OB-R20-REALIZE. GENERAL LAW: any two graphs, any marked vertices - NO leaf, tree, forest or acyclicity hypothesis (verified 81,225/81,225 incl. cyclic and disconnected; this scope may NOT be narrowed). FOUR REFUSALS OF RECORD (r20 C6, so no controller 'fixes' correct sentences): the f'-formula may NOT be replaced (every C6 replacement proposal is a true identity about a differently-constructed side-2-intact object, REFUSED); f^(2) := i(H2) may NOT be 'fixed' to i(H2-u2); MANDATORY CONDITION 2 (f^(2) notationally distinct from f_2) may NOT be reversed; the any-two-rooted-graphs scope may NOT be narrowed to leaves.",see_certificate
E993-PAIR-LOGCONCAVE-DOMINATED-R2-CONJECTURE,REFUTED,"REFUTED CONJECTURE (mechanism fence): 'g, r log-concave with no internal zero AND r <= g pointwise AND s=-1 implies h has strict unique mode at M+1' is FALSE.",mechanism tier only - abstract sequence objects with no forest order; NEVER a target event. Registered REFUTED as a fence against re-proposal (r19 fence practice; monotone refutation precedence binds).,see_certificate
E993-PAIR-GENERATION-THEOREM,VERIFIED,"GENERATION THEOREM FOR REALIZABLE TRIPLES: a marked forest is (H,u), u ANY vertex; state f := i(H), g := i(H-u), r := i(H-N[u]) (f = g (+) shift(r)). Laws: EDGE-JOIN ((H1,u1),(H2,u2)) -> (H1+H2+edge u1u2, u1): f' = g1*g2 + x*(r1*g2 + g1*r2), g' = g1*f2, r' = r1*g2. DISJOINT-UNION ((H1,u1),H2) -> (H1+H2, u1), h2 := i(H2): f' = f1*h2, g' = g1*h2, r' = r1*h2. (Pendant-at-u is NOT a primitive: pendant_at_u(t) == edge_join(t,(K_1,u)); branch factorization likewise derivable.) THEOREM: with GEN the closure of the single atom (K_1,u) = (1+x, 1, 1) under the two laws, graded by vertex count, for every m >= 1 GEN[m] equals EXACTLY {(i(H), i(H-u), i(H-N[u])) : H a forest on m vertices, u in V(H)}. EDGE-JOIN alone gives exactly the same set with H ranging over TREES. Proof: soundness by explicit construction; completeness by strong induction on m (peel u's component by DISJOINT-UNION, or split a tree at any bridge at u by EDGE-JOIN).","FIVE MANDATORY LINES (all required): (1) OBJECT CLASS - forests not trees-only, triples not pairs; authority is CYCLE6-ALLOCATION's T-1 text, NOT contract Sec2 (whose PHI-REAL says 'an actual tree T and leaf v'); the triple form carries NO content beyond the pair form (r = (f-g)/x - triple- and pair-completeness are EQUIVALENT). (2) REDUCTION - the leaf-freedom lemma (realizable in the contract's leaf sense IFF realizable at ANY vertex of H := F-v) is proved, not measured. (3) GENERATIVE, NOT RECOGNITIONAL - decides no given (f,g,r) without search, supplies no separating invariant; OB-R20-REALIZE is NOT discharged and stays OPEN. (4) PROOF, NOT COMPUTATION - the universal quantifier is carried by the structural induction; the exhaustive m<=17 verification (1,354,143 triples at m=17, both directions) is corroboration only; no bounded match is evidence of anything beyond its box. (5) MECHANISM TIER - nothing here asserts, implies or bears on TREE/FOREST/TRANSFER/COUNTEREXAMPLE. EDGE-JOIN CITATION CAVEAT: this row may cite the r20 C6-repaired E993-PAIR-EDGE-JOIN-COMPOSITION text only, never the C5 text as originally written; MANDATORY CONDITION 2 of that row stands.",see_certificate
E993-PAIR-BROOM-DOMINATION,VERIFIED,"Broom(m,l) domination theorem (G2, registered at the fourth assembly): for every fixed l >= 0 there is a finite M(l) such that for every m >= M(l), the Broom(m,l) sequence h is strictly increasing on [0, p_m], nonincreasing after, with mode(h) = p_m exactly. M(l) IS PROVED FINITE via the five-link composite: L1 Lemma A (for any Q with Q(0)=1, Q_i >= 0: A_{m,k} > A_{m,k-1} for 1 <= k <= floor(m/2), hence p(A_m) >= floor(m/2) -> infinity; uses NO real-rootedness, log-concavity or unimodality of Q); L2 Lemma B* WITH HYPOTHESIS (for nonnegative WEAKLY UNIMODAL a with a_0 > 0: p((1+x)a) >= p(a) at first-argmax — the hypothesis is LOAD-BEARING: a=[3,5,0,7] gives p=3 -> p=1, registrar counter-witness at the C7 gate); L3 the Pascal identity j*[C(m,j)-C(m,j-1)] = C(m,j-1)(m-2j+1); L4 zone-1 log-concavity of A_m on REGISTRY authority (E993-PAIR-PATH-CLOSURE + E993-TRS2-IFF-ALC + E993-TRS2-CONVOLUTION-CLOSURE — no Newton, no external citation); L5 three-zone domination with strictness ((q_l)_1 = l; l=0 by the monotone form (m^2-3m-2)/2 > 0 for m >= 4).","FIXED l only — the simultaneous multi-leg growth refutation (r20 C5/C6) stands. M(l) table of record l = 0..24 on three mutually independent exhaustive scans, incl. closed-form exceptions l=0 (M=6) and l=1 (M=5). The closed form M(l) = max(2(s_l+2), Gamma(l)+1) is MEASURED l=0..24, NOT proved. MANDATORY: 'complete and gapless' may never be written on this row (struck three times in-run); the false 'condition (ii) reduces to j=1' mechanism (binding j = 2..5 at l = 0..6) may not be cited. The general-L multi-background extension is REGISTERED as E993-PAIR-GENERAL-L-DOMINATION (idx 78, the same C8 gate; sentence corrected r20 C9).",see_certificate
E993-PAIR-K2-GRAFT-PRESERVATION,CONDITIONAL,"K2-graft conditional preservation theorem (adjudicated measured-quad form, r20 C8): let (F1,v1) be a leaf-marked forest at the s=-1 stratum with measured margin quad (delta_f, plateau_span, margin_A, margin_B) = (1,0,0,2) and f1,g1,r1,h1 weakly unimodal (the structural-induction hypothesis). Then the K2-graft - EDGE-JOIN at its forced atom F2 = K2, i.e. grafting one pendant leaf onto the support - preserves the window box: margin_B(W) >= 1 UNCONDITIONALLY at the stratum, and margin_A(W) >= 0 follows in two lines from the single named premise P-CASE-I (unproved, unrefuted, survived attack at every scope attempted). Constituent proved lemmas on this certificate: the K2-graft closed form g' = (1+x)g1, r' = r1; the identity f' = h1 (W - v1 iso F1: unconditional, every forest, every leaf); the mode-location trichotomy (the new half of the route's Lemma 3); P-SIGN-F struck from the premise set (proved a theorem, f' = h1).","STRICTLY SUB-CHARTERED (C8-GATE-RECORD par.0): the K2 ATOM of ONE law (EDGE-JOIN), ONE stratum (s=-1); an atom instance is not a law - general EDGE-JOIN and DISJOINT-UNION carry no preservation theorem; delta_f=0 carries no theorem. FIREWALL: this restated form never consumes target-implying P-DF01 (= OPEN E993-PAIR-LEAFDRIFT-01); the route face's Corollary carried that breach and is struck of record. Registered CONDITIONAL - the row is not VERIFIED-unconditional and may never be cited without P-CASE-I named.",see_certificate
E993-PAIR-GENERAL-L-DOMINATION,VERIFIED,"General-L multi-background domination theorem (N2, registered with ADJ-T's three repairs, r20 C8): for every finite nonempty leg multiset L with all entries >= 1 and every m >= M(L), the Spider(1^m, L) sequence h is dominated with mode(h) = p_m, by the one-sentence peel (the setup f = (1+x)^m prod q_lambda, g = prod q_{lambda-1} derived from scratch for every such L) substituted into the registered E993-PAIR-BROOM-DOMINATION five-link composite - every link cited, none re-proved.","fixed finite L only (simultaneous multi-leg growth refuted r20 C5/C6, stands); M(L) finite by the composite's chain; the SPIDER-CLOSED-FORM citation carries that row's mandatory scope line (the closed form is a proof; general-spider CLOSURE is not proved). Neither Broom nor Spider(1^m,L) can test R2 - mechanism tier entirely.",see_certificate
E993-R23-LITERAL-ACTUAL-TREE-FIXED-GAMMA-HALL,REFUTED,"For every eligible finite ordinary tree and rank in the r23 semantic contract, the literal fixed Delete/Retag relation Gamma_actual satisfies Hall's subset inequality.",Literal ordinary-tree instantiation fixed by the r23 semantic contract; not every legacy governed RTree encoding. A changed or enlarged relation is a different claim.,see_certificate
E993-R23-TAG-CLOSED-CUT-HALL,REFUTED,"The universal tag-closed-cut Hall theorem: for every eligible finite ordinary tree and rank in the r23 semantic contract, every tag-closed cut of the literal Delete/Retag relation satisfies Hall's subset inequality (the demand |X| <= |Gamma(X)| on every tag-closed X).","Governed r23 scope (the A2.2-class dead-branch fence); the tag-closed-cut mechanism specifically, as distinct from the already-REFUTED all-cut mechanism (E993-R23-LITERAL-ACTUAL-TREE-FIXED-GAMMA-HALL, order-91) and from Delete-only universal Hall (refuted a fortiori from the same witness family). A changed or narrowed cut class is a different claim; the per-row demand |P| <= |N| (the O14 row) is NOT this claim and remains OPEN. Object of record: the r23 ordinary-tree object (Horn B).",see_certificate
E993-G1WIDE-NO-SIZE-CAP,OPEN,The exact G1wide tuple guards imply residual Delta_(p-2) <= 0 without hKL or hKSCOPE,Actual finite trees and separately the binder-for-binder RTree target in the solution contract,open_unresolved_no_formal_award
E993-G1-GUARDED-KSCOPE25,REFUTED,Every residual component in every G1-eligible tuple has at most 25 vertices,G1-eligible actual tree tuples,see_certificate
E993-MA-T16,REFUTED,Arbitrary weakly unimodal nonnegative sequences are convolution-closed.,"(1,1,2)*(1,1,3)=(1,2,6,5,6); factors are not graph vectors. Nested interval-layer closure is the same WU class according to the same source row 18.",see_certificate
E993-MA-T18,REFUTED,The stated common-pivot rooted centered-chain architecture composes for every rooted tree.,"Center-rooted K1,4 refutes universal composition and membership; the tree remains unimodal.",see_certificate
E993-MA-T19,REFUTED,Restricted Hall-core data determine the adjacent independence-coefficient sign.,"K1,3 and K1,4 show the retained data are insufficient; no target counterexample follows.",see_certificate
E993-T15,REFUTED,Branch-ratio monotonicity is preserved under the proposed rooted composition.,Refutes the proposed invariant only; witness tree remains unimodal.,see_certificate
E993-T16,REFUTED,Fixed-anchor terminal-sign transport survives path substitution.,Refutes the proposed transport rule only.,see_certificate
E993-T17,REFUTED,Excluded-state alpha dominance supplies the proposed endpoint invariant.,Refutes the proposed endpoint premise only.,see_certificate
E993-T18,REFUTED,The uniform weighted RSV invariant holds for every rational lambda>=1.,"Fails on rooted K_(1,6) at lambda=10; TREE unaffected.",see_certificate
E993-T20,REFUTED,TDLC1 contains every tree independence vector.,W_51 violates TDLC1 and remains weakly unimodal.,see_certificate
OB-C9-F1-PROJECTION-FACTOR-DECODER,REFUTED,"Determine whether rank-(4,5) leaf-deletion output factors through the named pi_UD projection.",The Cycle 10 exact projection collision is not reversed.,see_certificate
OB-C9-U1-LINKED-CROSS-MINOR,REFUTED,The defense-defined LCM_run requires nonnegative chi_k for every rooted tree whose two split polynomials satisfy SplitTRS2.,The center-rooted four-vertex star has chi_2=-1.,see_certificate
OB-C10-U3-AMBIENT-CLOSURE,REFUTED,Prove guarded closure for arbitrary nonnegative rank-six arrays.,The predecessor ambient-array refutation is not reversed.,see_certificate
R17-BETA-D2-PGE7,REFUTED,BetaTarget restricted to support degree two at every rank p >= 7.,"Exact BetaTarget guards, support degree two and p>=7. Same actual order-91 marked witness in frozen audit; not equated to unrestricted beta scope.",see_certificate
R18-REFT5,REFUTED,REF-T-5 sufficiency mechanism slack_t <= H-D-1,fires 44/49 rows = 28/33 instances; exact firing criterion 2H >= (p+2)D+2 at edgeless-U star-hub scope; C5-GATE-RECORD §2,see_certificate
E993-G1-GATEWAY-NORMAL-FORM,VERIFIED,"Every ordinary handle tuple admits a unique assignment of each residual component C to one gateway w and one attachment root; with P_w=I(F_w), S_w=I(F_w-R_w), I(U)=prod P_w, I(H)=prod(P_w+z S_w), I(A)=I(H)+z I(U), and I(T)=(1+2z)I(H)+z(1+z)I(U). Conversely every finite rooted forest with components assigned to fresh gateways constructs such a handle tuple.","Ordinary finite trees with handle v-s-g and deg(s)=2; structural theorem without numerical G1 eligibility; empty residuals/blocks, grouped components, repeated isomorphism types included.",proved_informal_adjudicated_no_formal_award
E993-G1-ORDINARY-PLE5-CLASSIFICATION-AND-SIGN,VERIFIED,"For every ordinary finite forest F and natural p<=5, natural guards 2*p-3<|F| and x(F)<p-2 imply p=5, F is graph-isomorphic to P8 and Delta_3(F)=-15. Consequently every exact ordinary G1 tuple with p<=5 satisfies Delta_((p:Z)-2)(U)<=0.",Exact compound ordinary-graph low-rank theorem: full forest classification/count interface and exact ordinary G1 corollary; natural truncated guards reconciled to integer target rank. No RTree or p>=6 claim.,formally_verified
E993-G1-MIXED-RESIDUAL-STRATUM,VERIFIED,"Let F be the disjoint union of arbitrary finite indexed lists of P_n with n>=1 and symmetric double-stars D_m with m>=2, plus zero or one B in {K(3,4,4),K(5,6,7,8)}. Then F is weakly unimodal and Delta_k(F)<=0 for every integer k>=x(F); consequently an exact ordinary G1 tuple with U isomorphic to such F satisfies its target sign.",Ordinary graph/count theorem. D_m has two adjacent centers with m leaves on each; K has one center joined to hubs carrying c_j pendant length-two arms. Empty lists and repeated factors allowed; fixed finite B list only.,proved_informal_new_synthesis_derivation_no_formal_award
E993-G1-PATH-FOREST-NORECOVERY,VERIFIED,Every finite ordinary forest F of maximum degree at most 2 satisfies Delta_k(F)<=0 for every integer k>=x(F).,"All ordinary path forests, including empty forest, isolated vertices and repeated path components.",proved_informal_adjudicated_no_formal_award
E993-G1-UNBOUNDED-GUARDED-ENDPOINT-PATHS,VERIFIED,"For every natural M, there exists n>=20 with n-4>M such that T=P_n, v=0, s=1, g=2, p=x(P_n)+1 satisfies all exact ordinary G1 guards, U=P_(n-4), and Delta_(p-2)(U)<0.","Unbounded positive actual-graph witness family; existential n for each M, not every sufficiently large n.",proved_informal_adjudicated_no_formal_award
E993-TAIL-ONSET-DELETION,VERIFIED,"For every finite ordinary graph H and vertex a, tau(H)<=max(tau(H-a),tau(H-N_H[a])+1).","Full nonpositive tails, original graph neighborhood, not one-rank signs.",proved_informal_adjudicated_no_formal_award
E993-TAIL-ONSET-CONVOLUTION,VERIFIED,"For nonzero finite polynomials P,Q with nonnegative coefficients, tau(PQ)<=min(tau(P)+deg(Q),tau(Q)+deg(P)).",Finite nonzero nonnegative polynomial sequences; tau as globally defined.,proved_informal_adjudicated_no_formal_award
E993-G1-ALIGN-SUFFICIENT,CONDITIONAL,"If an exact ordinary G1 tuple has a vertex a of U such that max(tau(U-a),tau(U-N_U[a])+1)<=p-2, then Delta_(p-2)(U)<=0.",Full original guards plus existential ALIGN; surviving ALIGN premise explicitly required.,proved_informal_implication_only_surviving_premises_no_formal_award
E993-G1-EXISTENTIAL-ALIGN,OPEN,"Every exact ordinary G1 tuple has some vertex a of U with max(tau(U-a),tau(U-N_U[a])+1)<=p-2.",Universal over exact ordinary G1 tuples; existential vertex selection and full deletion tails.,open_unresolved_no_formal_award
E993-G1-ATTACHMENT-ROOT-ALIGN,REFUTED,"For every exact ordinary G1 tuple and every residual component attachment root a, max(tau(U-a),tau(U-N_U[a])+1)<=p-2.",Specified attachment roots in the original gateway decomposition; full tails.,exact_counterevidence_adjudicated_no_formal_award
E993-G1-ALL-VERTEX-ALIGN,REFUTED,"For every exact ordinary G1 tuple and every vertex a in U, max(tau(U-a),tau(U-N_U[a])+1)<=p-2.","All residual vertices, a stronger universal assertion than prescribed-root ALIGN.",exact_finite_computation_cross_reviewed_adjudicated_no_formal_award
E993-G1-RESIDUAL-ADMISSION-BOUND,VERIFIED,"For any ordinary finite forest U and natural p, the two natural guards 2*p-3<|U| and x(U)<p-2 imply |U|>=2*x(U)+4.",Only the two residual guards; no ambient or sign sufficiency claimed.,proved_informal_adjudicated_no_formal_award
E993-G1-EDGELESS-INELIGIBILITY,VERIFIED,"For every natural n and every natural p, the edgeless graph E_n cannot satisfy both 2*p-3<n and x(E_n)<p-2; x(E_n)=ceil(n/2).","All n including zero; numerical admission impossibility, compatible with structural gateway realizability.",proved_informal_adjudicated_no_formal_award
E993-INDEPENDENCE-POSITIVE-DELTA-SIZE,VERIFIED,"For every finite ordinary graph H and integer r, Delta_r(H)>0 implies |H|>2*r+1.",All finite ordinary simple graphs; negative ranks included by coefficient zero extension.,proved_informal_adjudicated_no_formal_award
E993-G1-PRESCRIBED-RECOVERY-LIFT,OPEN,"For every finite ordinary forest F and integer recovery rank r with x(F)<r and Delta_r(F)>0, there is an ordinary handle tree T with residual isomorphic to F, x(T)=r+1 and Gamma<0 at p=r+2.",Universal prescribed forest/rank pair lifting; original neighborhoods and full graph/count transport.,open_unresolved_no_formal_award
E993-G1-PRESCRIBED-LIFT-IMPLIES-FOREST,CONDITIONAL,"If the universal prescribed-recovery lift holds and ordinary G1 holds, then every ordinary finite forest is weakly unimodal.",Logical implication retaining both antecedents; uses the positive-difference size theorem.,proved_informal_implication_only_surviving_premises_no_formal_award
E993-INDEPENDENCE-UNIMODAL-IFF-NORECOVERY,VERIFIED,"For a finite ordinary independence sequence, weak unimodality is equivalent to Delta_k<=0 at every integer k>=x.","Finite ordinary graph independence sequences, including the empty graph; first strict descent and zero tail conventions.",proved_informal_adjudicated_no_formal_award
E993-FOREST-IMPLIES-ORDINARY-G1,CONDITIONAL,"If every finite ordinary forest is weakly unimodal, then every exact ordinary G1 tuple satisfies its residual sign; equivalently by contraposition, any ordinary G1 counterexample has a nonunimodal residual forest.",One-way conjecture implication; retains FOREST antecedent; no RTree representation conclusion.,proved_informal_implication_only_surviving_premises_no_formal_award
E993-G1-NONTRS2-CORE-REDUCTION,CONDITIONAL,"For an ordinary finite forest F, if the coefficient product of all its nonTRS2 component occurrences is weakly unimodal, then F is weakly unimodal and its differences are nonpositive at/after x; hence the original G1 target holds whenever U=F.",Pointwise conditional core theorem; empty core product is [1]; all LC factors have positive interval support; exact ordinary component counts required.,proved_informal_implication_only_surviving_premises_no_formal_award
E993-FOREST-IFF-UNIVERSAL-NONTRS2-CORE,VERIFIED,The assertion that every finite ordinary forest has a weakly unimodal product of its nonTRS2 component occurrences is equivalent to FOREST.,Universal premise-strength equivalence over all ordinary finite forests; neither side is asserted true.,proved_informal_adjudicated_no_formal_award
E993-G1-ORDINARY-RTREE-TRANSPORT,OPEN,"Supply a complete representation and invariant-transport chain sufficient for the specific proposed ordinary/RTree G1 theorem transfer, including treehood, vertices/adjacency, independent-set counts, isomorphism, deletions, original neighborhoods, crossing and any K_A binder used.",Only the representation direction actually needed by a frozen target; no gratuitous universal two-way encoding requirement.,open_no_proof_no_formal_award
E993-G1-GUARDS-IMPLY-RESIDUAL-LC,REFUTED,Every exact ordinary G1 tuple has an adjacent-log-concave residual independence sequence.,"Only the full-guard ordinary G1 population; adjacent LC at every rank, not local inequalities at one target rank.",exact_counterevidence_adjudicated_no_formal_award
E993-G1-GUARDS-IMPLY-COMPONENT-LC,REFUTED,Every component occurrence of the residual of every exact ordinary G1 tuple has an adjacent-log-concave independence sequence.,Full-guard ordinary population; componentwise LC is stronger than residual-product LC.,exact_finite_computation_cross_reviewed_adjudicated_no_formal_award
E993-G1-AT-MOST-ONE-NONTRS2-COMPONENT,REFUTED,Every exact ordinary G1 tuple has at most one nonTRS2 residual component occurrence.,"Component occurrences counted with multiplicity, not distinct isomorphism types.",exact_finite_computation_cross_reviewed_adjudicated_no_formal_award
E993-G1-RESIDUAL-MAXDEG-LE200,REFUTED,Every exact ordinary G1 tuple has residual maximum degree at most 200.,Ordinary G1 population; finite threshold 200 only. Consequence: all weaker upper caps d<=200 also fail.,exact_finite_computation_cross_reviewed_adjudicated_no_formal_award
E993-G1-RESIDUAL-BRANCHCOUNT-LE197,REFUTED,Every exact ordinary G1 tuple has at most 197 residual vertices of degree at least 3.,Ordinary G1 population; finite threshold 197 only; cited residual is subcubic.,exact_finite_computation_cross_reviewed_adjudicated_no_formal_award
E993-G1-CROSSING-GAP-LE39,REFUTED,Every exact ordinary G1 tuple satisfies (p-2)-x(U)<=39.,"Every exact ordinary G1 tuple; gap=(p-2)-x(U), finite threshold 39 only. Root supplied the originating definition and the 160P3 full-guard example.",exact_finite_computation_cross_reviewed_adjudicated_no_formal_award
E993-G1-TAIL-DIFFERENCES-NUMERICALLY-NONINCREASING,REFUTED,"For every exact ordinary G1 tuple and integers x(U)<=j<k<=p-2, Delta_k(U)<=Delta_j(U).","Numerical monotonicity only between first descent and the target rank, inclusive; refuted inside that interval by 80P3 at j=99,k=100,p=102,x(U)=80. Both differences are negative. No sign-no-recovery refutation.",exact_finite_computation_cross_reviewed_adjudicated_no_formal_award
E993-RECOVERING-FOREST-MINIMALITY-DELETION,CONDITIONAL,"If an ordinary finite forest F is minimum in vertex count among all recovering forests, then every recovery rank k satisfies k<max(x(F-a),x(F-N_F[a])+1) for every vertex a.","Minimal among all recovering forests, not only connected trees or ambient G1 examples.",proved_informal_implication_only_surviving_premises_no_formal_award
E993-G1-MINIMUM-TREE-COUNTEREXAMPLE-MULTICORE,CONDITIONAL,"If T is a minimum-order counterexample to ordinary TREE unimodality and T has a failing exact G1 tuple, its residual has at least two nonLC component occurrences.","Minimum among TREE counterexamples, plus a failing G1 tuple on that same tree.",proved_informal_implication_only_surviving_premises_no_formal_award
E993-G1-MINIMUM-TREE-K25-SIZE,CONDITIONAL,"Under the preceding minimum-TREE and failing-G1 premises, and the additional ordinary K25 hypothesis that every tree of order<=25 is LC, |U|>=52 and |T|>=56.",Exact ordinary K25 conditional size bound; two components may share one gateway.,proved_informal_implication_only_surviving_premises_no_formal_award
E993-GAPPED-ADJACENT-LC-TIMES-UNIMODAL,REFUTED,"For every nonzero finite nonnegative sequence a satisfying bare adjacent LC, with no interval-support condition, and every finite nonnegative weakly unimodal b, their convolution is weakly unimodal.","Abstract sequence scope. Witness a=[1,0,0,1], b=[1,1], product=[1,1,0,1,1].",exact_finite_computation_cross_reviewed_adjudicated_no_formal_award
E993-SINGLE-TAIL-SIGN-IMPLIES-NORECOVERY,REFUTED,"For every finite nonnegative positive-interval sequence a and q>=x(a), Delta_q(a)<=0 implies Delta_k(a)<=0 for every k>=x(a).","Abstract sequence mechanism; [1,4,3,5,1] has x=1, a nonpositive tail rank and later positive recovery relative to x. No forest realization.",exact_finite_computation_cross_reviewed_adjudicated_no_formal_award
E993-PATH-STRICT-DESCENT-WITHOUT-SUPPORT,REFUTED,"For every ordinary path P_n and every integer k>=x(P_n), Delta_k(P_n)<0.","Unrestricted integer tail without upper support bound; refuted by zero extension, explicitly P30 at k=16.",exact_finite_computation_cross_reviewed_adjudicated_no_formal_award
E993-FIRST-STRICT-DESCENT-IS-FIRST-MAXIMIZER,REFUTED,"For every finite ordinary path P_n, its first strict-descent index equals its first global maximizing coefficient index.","Path family, with plateaus allowed. P1 already has [1,1], first maximizer 0 and first strict descent 1; larger integral-root plateaus are also reported.",exact_finite_computation_cross_reviewed_adjudicated_no_formal_award
E993-G1-UNBOUNDED-ENDPOINT-PATH-CROSSING-FAILURES,VERIFIED,"For every natural M there exists n>=max(20,M) with x(P_n)-x(P_(n-4))<2; equivalently, arbitrarily large endpoint-path tuples fail the strict residual crossing guard.",Positive infinitude/unboundedness theorem for the complement of the eligible path set; floor/plateau conventions retained.,proved_informal_adjudicated_no_formal_award
E993-G1-RESIDUAL-AMBIENT-DEPENDENCE-WITNESSES,VERIFIED,"There exist displayed ordinary handle constructions with the same residual forest whose different root/gateway/bare-g-leaf data change the reported ambient Gamma, x(T), target rank, or eligibility; the six-added-g-leaf comparison retains an order-30 residual while p changes 12 to 15 and size slack 9 to 3, and reported root substitutions can reach crossing equality.",Only the admitted finite comparisons. The six-leaf example establishes changes of ambient/rank data; separate equality-boundary examples establish eligibility dependence.,exact_finite_computation_cross_reviewed_adjudicated_no_formal_award
E993-GRAPH-FIRST-WIDE-SHARP-CLASSIFICATION,VERIFIED,"For every finite simple graph G and natural r>=1 with |V(G)|=2r+2, Delta_r(G)>0 iff G has at most one edge.","All finite simple graphs; exact first-wide cardinality, not all larger cardinalities.",formally_verified
E993-GRAPH-FIRST-WIDE-CROSSING-SIGN,VERIFIED,"For every finite simple graph G and natural r>=1, |V(G)|=2r+2 and x(G)<r imply Delta_r(G)<=0.",All finite simple graphs with exact first strict-descent guard; no ambient tuple needed.,formally_verified
E993-GRAPH-COVER-TAIL-CERTIFICATE,VERIFIED,"Let G be a nonempty finite simple graph with n vertices, independence number alpha, vertex-cover number vc=n-alpha, and integers r>=1,d>=2 with n=2r+d. If vc*(r+d-1)>=n*(d-1), then Delta_r(G)<=0.","Conditional structural tail bound; vc is vertex-cover number, not the deletion-tail onset tau.",proved_informal_adjudicated_no_formal_award
E993-G1-ODD-BROOM-EXACT-FAMILY,VERIFIED,"For every integer t>=0, let m=2t+1, U_m be a star center with m leaves and a six-edge tail, and T_m be obtained by attaching q-g-s-v to that center through q. Then every original ordinary G1 guard holds, x(U_m)=t+2, x(T_m)=t+4, p=t+5, r=t+3, |U_m|=m+7=2p-2, Gamma<0 and Delta_r(U_m)<0.","Exact actual odd-broom family at every t>=0, with original neighborhoods and marked leaf v; ordinary graph scope only.",proved_informal_adjudicated_no_formal_award
E993-G1-UNBOUNDED-DEGREE-ODD-BROOMS,VERIFIED,For every natural bound M there is a fully guarded ordinary odd-broom G1 tuple at |U|=2p-2 whose residual maximum degree exceeds M and whose target difference is negative.,"Positive unbounded witness theorem, proposed consequence of C2-P04 since maxdeg(U_m)=m+1.",proved_informal_adjudicated_no_formal_award
E993-G1-ODD-BROOM-VANISHING-RELATIVE-GAP,VERIFIED,"For every real epsilon>0 there exists a fully guarded ordinary odd-broom tuple with Delta_r(U)<0 and 0<-Delta_r(U)/i_r(U)<epsilon. For t>=8, u=t-7>=1, the proposed explicit bound is 0<-Delta_r(U)/i_r(U)<=8648640/(21*u).","Actual family C2-P04, r=t+3; i_r(U)>0 is explicit. On its negative target max(i_r,i_(r+1))=i_r.",proved_informal_adjudicated_no_formal_award
E993-K26-POWERS-LOGCONCAVE,VERIFIED,"For the fixed B=I(K(3,4,4)), B^k is adjacent log-concave with positive interval support for every integer k>=2.",Fixed order-26 tree only; graph meaning is k disjoint copies; no varying-core or all-tree claim.,proved_informal_adjudicated_no_formal_award
E993-G1-K26-REPETITION-LC-BACKGROUND,VERIFIED,"For every integer k>=0 and ordinary finite forest L whose independence sequence is LC, F=k copies of K(3,4,4) disjoint L is weakly unimodal and has Delta_j(F)<=0 for all j>=x(F); hence exact ordinary G1 holds when U is isomorphic to F.","Fixed K26 component repetitions, arbitrary LC forest background, empty/repeated factors allowed; LC background remains an explicit structural hypothesis.",proved_informal_adjudicated_no_formal_award
E993-TREE-VARYING-BASE-FIXED-POWER-OBSTRUCTION,VERIFIED,"For every positive integer k there exists an ordinary finite tree B_a, specifically a=k+6, such that I(B_a)^k is not LC. B_a has one center, three adjacent hubs and a length-two arms at each hub, order6a+4; the proposed penultimate margin is k*((k+1)*s^2/2-b)<0 with s=3*(2^a+a), b=3*(a*2^(a-1)+choose(a,2))+3*(2^a+a)^2+2^(3a).",Positive quantified varying-base witness theorem; base depends on k. The power counts a forest of k disjoint copies; all-k G1 eligibility is not asserted.,proved_informal_adjudicated_no_formal_award
E993-GRAPH-CLIQUE-PARTITION-NORMALIZED-COMPARISON,VERIFIED,"Let H be a spanning disjoint union of nonempty cliques of sizes w_1,...,w_d in a finite simple graph G, with E(H) subset E(G), and P=prod_i(1+w_i*z). Then for every natural 0<=k<d, P_k*i_(k+1)(G)<=P_(k+1)*i_k(G).","Actual ordinary finite graphs on the same vertex set; clique partition and edge containment explicit; P_k>0 on0..d, both graph counts vanish past d.",proved_informal_adjudicated_no_formal_award
E993-G1-MATCHING-COMPARATOR-SUFFICIENT,CONDITIONAL,"For every finite ordinary graph U, every natural r>=0 and every actual matching of size m in U, writing n=|U| and P=(1+2z)^m*(1+z)^(n-2m), P_(r+1)<=P_r implies Delta_r(U)<=0. Apply r=p-2 to the exact ordinary G1 guards.",Conditional application of C2-P10; actual matching and nonpositive comparator step are both explicit. Past comparator degree counts vanish.,proved_informal_implication_with_surviving_premises_no_formal_award
E993-ORDINARY-G1-IMPLIES-FOREST,OPEN,"If unrestricted ordinary G1 holds, then every ordinary finite forest is weakly unimodal.",Open converse direction to the registered FOREST=>G1 implication; does not assert either conjecture.,open_unresolved_no_formal_award
E993-TREE-SQUARE-LOGCONCAVE,REFUTED,Every ordinary finite tree T has a log-concave square I(T)^2.,"Fixed exponent2, arbitrary tree base; distinct from fixed K26 powers.",exact_counterevidence_adjudicated_no_formal_award
E993-G1-IDENTICAL-TWO-CORE-IMPLIES-LC,REFUTED,Every exact ordinary G1 tuple whose residual consists of two identical nonLC tree components has an LC residual product.,"Restricted actual full-guard population, two identical occurrences; separate from generic all-tree square property.",exact_counterevidence_adjudicated_no_formal_award
E993-TREE-POWER3-LOGCONCAVE,REFUTED,Every finite ordinary tree T has an adjacent log-concave kth power I(T)^k for the fixed exponent k=3.,"Exactly exponent 3; base tree order is the witness parameter, not the order of its disjoint-union power.",controller_checked_exact_finite_evidence_relocated_replay_no_formal_award
E993-TREE-POWER5-LOGCONCAVE,REFUTED,Every finite ordinary tree T has an adjacent log-concave kth power I(T)^k for the fixed exponent k=5.,"Exactly exponent 5; base tree order is the witness parameter, not the order of its disjoint-union power.",controller_checked_exact_finite_evidence_relocated_replay_no_formal_award
E993-TREE-POWER8-LOGCONCAVE,REFUTED,Every finite ordinary tree T has an adjacent log-concave kth power I(T)^k for the fixed exponent k=8.,"Exactly exponent 8; base tree order is the witness parameter, not the order of its disjoint-union power.",controller_checked_exact_finite_evidence_relocated_replay_no_formal_award
E993-LC-SPANNING-FOREST-NORMALIZED-COMPARISON,REFUTED,"For all ordinary forests H,G on the same vertices with E(H) subset E(G) and I(H) LC, I(H)_k*i_(k+1)(G)<=I(H)_(k+1)*i_k(G) at each supported rank.",Relaxation from a clique union/normal independent-set poset to merely LC spanning forest.,exact_counterevidence_adjudicated_no_formal_award
E993-G1-MAXMATCHING-COMPARATOR-NONPOSITIVE,REFUTED,"For every exact ordinary G1 tuple, the maximum-matching comparator P=(1+2z)^m*(1+z)^(|U|-2m) satisfies P_(r+1)<=P_r at r=p-2.","Applicability of the specific sufficient comparator step, not validity of normalized comparison.",exact_counterevidence_adjudicated_no_formal_award
E993-G1-UNRESTRICTED-CONNECTED-GRAPH-EXTENSION,REFUTED,Every connected finite simple graph with a leaf/support handle satisfying all numerical G1 guards has nonpositive target difference when the acyclic-tree condition is removed.,Exact extension of G1 to connected cyclic ambient graphs at arbitrary wide residual size; not the n=2r+2 theorem.,exact_counterevidence_adjudicated_no_formal_award
E993-G1-VARYING-POWER-FAMILY-EMBEDDING,OPEN,"For every positive integer k there exists an exact ordinary G1 tuple whose residual U is isomorphic to the disjoint union of k copies of B_(k+6), where B_a has a center joined to three hubs each carrying a pendant two-edge arms.","Existence of all original handle and numerical guards with p=x(T)+1; no target-sign conclusion asserted and no prescribed ambient order or fixed wrapper assumed. Finite k1,2,3,5,8 examples alone do not prove this quantifier.",open_unresolved_no_formal_award
E993-G1-UNIFORM-POSITIVE-RELATIVE-GAP,REFUTED,There exists a real epsilon>0 such that every exact ordinary G1 tuple with r=p-2 and i_r(U)>0 satisfies Delta_r(U)<=-epsilon*i_r(U).,"A single epsilon for the entire original ordinary G1 domain. The proposed all-odd broom arbitrarily-small negative gap would refute it, but that universal family proof has not been independently admitted.",adjudicated_quantified_family_refutation_no_formal_award
E993-TREE-UNIFORM-LC-POWER,REFUTED,There exists a positive integer k such that I(T)^k is adjacent log-concave for every finite ordinary tree T.,A graph-independent exponent. This is distinct from fixed-base eventual smoothing and from the finite already-refuted individual exponent claims. The all-k varying-base obstruction remains a proposal.,adjudicated_quantified_family_refutation_no_formal_award
E993-GRAPH-SECOND-WIDE-CROSSING-SIGN,VERIFIED,"For every finite simple graph G and natural r>=1, |V(G)|=2r+3 and x(G)<r imply Delta_r(G)<=0.",All finite ordinary simple graphs in exactly the second wide cardinality band; x is first strict descent. Its ordinary G1 specialization is an application. No RTree transport.,proved_informal_adjudicated_no_formal_award
E993-GRAPH-D3-COVER-THRESHOLD-SHARPNESS,VERIFIED,"For every natural r>=1 there exists a finite simple graph on 2r+3 vertices with vertex-cover number 3 and Delta_r>0: K2 disjoint union K3 for r=1, and 3K2 disjoint union (2r-3)K1 for r>=2. For r>=2, Delta_r=12*binom(2r-3,r-2)/(r*(r+1)).",An explicit all-rank witness family showing the cover-only threshold cannot be lowered to 3. Forest witnesses when r>=2. Not a crossing-guard or G1 counterexample.,proved_informal_adjudicated_no_formal_award
E993-GRAPH-D3-BARE-COVER3-SIGN,REFUTED,"Every finite simple graph G with |V(G)|=2r+3, natural r>=1 and vertex-cover number at least 3 has Delta_r(G)<=0.",Bare cover-number-only sign guarantee; no first-descent premise.,exact_counterevidence_adjudicated_no_formal_award
E993-FOREST-D3-BARE-MATCHING3-SIGN,REFUTED,"Every finite ordinary forest F with |V(F)|=2r+3, natural r>=1 and matching number at least 3 has Delta_r(F)<=0.",Bare matching-number-only sign guarantee on forests; no first-descent premise.,exact_counterevidence_adjudicated_no_formal_award
E993-C2-F1-TARGET-RANK-LC-WITNESS,VERIFIED,C2F1-01 is a full-guard order-680 ordinary tree strictly beyond the equality slice whose residual LC margin is negative at r=p-2 while Delta_r(U)<0.,"One explicit connected B508 residual, left-center root, 168 bare g-leaves, p=250, r=248.",exact_finite_computation_adjudicated_no_formal_award
E993-C2-F1-STRUCTURED-FINITE-SEARCH,VERIFIED,"Of 17,334 recorded deterministic wrappers, 6,190 satisfy all G1 guards with |U|>2p-2; none has positive or zero target, and the ten residual templates do not recover.","Fourteen component types, ten templates, 54 root patterns, h=0 through 320.",exact_finite_computation_adjudicated_no_formal_award
E993-C2-F1-488-VERTEX-ALIGN-CHECK,VERIFIED,"For C2F1-02, the recorded normalized Delta_160 is about -0.0187033 and every residual vertex has b(a)<=160, with b in {159,160}.","Four disjoint K(17,19,23) copies; all 488 vertices through ten exact orbit types.",exact_finite_computation_adjudicated_no_formal_award
E993-G1-GUARDS-IMPLY-TARGET-RANK-LC,REFUTED,Every exact ordinary G1 tuple has i_r(U)^2>=i_(r-1)(U)*i_(r+1)(U) at r=p-2.,"Only the target LC coordinate, weaker than global residual LC. Negative target is compatible with failure of this premise.",exact_counterevidence_adjudicated_no_formal_award
E993-ORDINARY-G1-FIRST-WIDE-SLICE,VERIFIED,Every exact ordinary G1 tuple with residual order |U|=2p-2 satisfies Delta_(p-2)(U)<=0.,"Ordinary finite-tree G1 with every original guard retained, original neighborhoods, p=x(T)+1, and equality |U|=2p-2. The proof gives p>=3 and reconciles natural p-2 with integer target rank. No claim for larger residuals or governed RTree.",formally_verified
E993-FOREST-D3-BARE-MATCHING2-SIGN,REFUTED,"Every finite ordinary forest F with |V(F)|=2r+3, natural r>=1 and matching number at least 2 satisfies Delta_r(F)<=0.","Bare matching-only condition, no early first-descent guard. Separate from the already refuted matching-at-least-3 condition.",exact_counterevidence_adjudicated_no_formal_award
E993-G1-GUARDS-IMPLY-BG-COVER,REFUTED,"Every exact ordinary G1 tuple, with n=|U|, r=p-2, d=n-2r and vc the minimum vertex-cover number, satisfies vc*(r+d-1)>=n*(d-1).",Necessity of the sufficient Basit-Galvin cover certificate on actual fully guarded ordinary trees. This is distinct from a clique comparator sign claim.,exact_counterevidence_adjudicated_no_formal_award
E993-GRAPH-ROOTED-GATEWAY-MOMENT-INCIDENCE,VERIFIED,"For exact rooted gateway data, M_(ell,k)=sum_|J|=ell i_k(U-R_J) reconstructs I(H) including empty-gateway factors, and (k+1)M_(ell,k+1) <= (|U|-k)M_(ell,k)-sum_|J|=ell |R_J|i_k(U-R_J).",Every finite ordinary residual graph with finite exact gateway root blocks; H reconstruction only for the registered ordinary gateway construction. No RTree transport.,proved_informal_adjudicated_no_formal_award
E993-GRAPH-SINGLE-RANK-DELETION-SUFFICIENT,CONDITIONAL,"At q=p-2, any residual vertex a satisfying Delta_q(U-a)<=0 and Delta_(q-1)(U-N_U[a])<=0 certifies Delta_q(U)<=0.","Every finite ordinary graph with integer zero extension; conditional application to exact ordinary G1 tuples. Only the displayed ranks, not full tails.",proved_informal_implication_with_surviving_premises_no_formal_award
E993-SEQUENCE-LOCAL-LC-CORRIDOR-SUFFICIENT,VERIFIED,"For a finite nonnegative positive-interval-support sequence with first strict descent x<q, adjacent LC margins at every rank x<j<=min(q,d-1) imply Delta_q<=0.",Finite coefficient sequences with positive interval support and zero extension; applied only as a sufficient ordinary residual certificate.,proved_informal_adjudicated_no_formal_award
E993-G1-GUARDS-IMPLY-LOCAL-LC-CORRIDOR,REFUTED,Every exact ordinary G1 tuple has residual LC margins nonnegative from x(U)+1 through q=p-2.,"Universal exact ordinary G1 population; local interval only, not global residual LC.",exact_counterevidence_adjudicated_no_formal_award
E993-C2-T2-FIVE-K96-FINITE-CONTROLS,VERIFIED,"The displayed order-608 and order-652 trees with five K(14,15,17) residual components satisfy every exact ordinary G1 guard and have strictly negative targets; the order-652 case crosses local nonLC ranks.","Two explicit ordinary trees only, with complete edge lists and exact U,H,A,T polynomials in RESULTS.json.",exact_finite_computation_adjudicated_no_formal_award
E993-G1-ODD-BROOM-FIXED-DIAMETER-BRANCHCOUNT,VERIFIED,"The fully guarded six-edge-tail odd-broom residuals have unbounded order and maximum degree while, for t>=1, retaining diameter 7 and exactly one vertex of degree at least 3.",The exact ordinary six-edge-tail odd-broom family with odd m=2t+1 and t>=1; geometry of U only.,proved_informal_adjudicated_no_formal_award
E993-C2-F2-EVEN-BROOM-FINITE-CROSSING,VERIFIED,"For the tested even values m=2t, the same six-edge construction has x(U)=r and therefore fails the strict crossing guard, although the size and Gamma guards hold and the target is negative.","Finite exact ordinary edge-list computation for t=1,...,40 and t=257 only.",exact_finite_computation_adjudicated_no_formal_award
E993-C2-F2-TAIL10-FINITE-CONTROLS,VERIFIED,"For a ten-edge tail and odd m=2t+1, t=0 fails strict crossing, while every tested t=1,...,30 and t=257 meets every ordinary G1 guard and has negative target.","Finite exact ordinary edge-list computation for tail length 10, t=0,...,30 and t=257 only.",exact_finite_computation_adjudicated_no_formal_award
E993-GRAPH-COVER3-STRICT-PRE-R-INCREASE,REFUTED,"For every finite simple graph G on 2r+3 vertices with natural r>=3 and vertex-cover number at most three, Delta_k(G)>0 for every natural k<r.","Strict strengthening of the low-cover auxiliary pre-r bound only. The origin asserts weak nondecrease, so its theorem is not refuted.",exact_counterevidence_adjudicated_no_formal_award
E993-G1-COMMON-CONNECTOR-LIFT-SUFFICIENT,CONDITIONAL,"For a recovering ordinary forest F at rank r, choose one root per component and put B=I(F), C=I(F-R). The common-connector tree has residual F and is a full G1 counterexample at p=r+2 whenever the explicit history L_k>=0 for 0<=k<=r, L_(r+1)<0, and explicit ambient expression G_r<0 given in REPORT.md hold.",Ordinary finite nonempty forests and the specified common-connector construction; sufficient root-profile inequalities retained verbatim; no assertion that a successful root set exists.,proved_informal_implication_with_surviving_premises_no_formal_award
E993-G1-MINIMAL-CANONICAL-LIFT-IMPLIES-FOREST,CONDITIONAL,"If every minimum-order recovering ordinary forest has some recovery rank and one root per component satisfying the common-connector lift certificate, then unrestricted ordinary G1 implies FOREST.",Conditional logical implication over minimum-order recovering forests only; the minimal canonical-lift premise remains unproved; no RTree scope.,proved_informal_implication_with_surviving_premises_no_formal_award
E993-RECOVERING-FOREST-MINIMUM-COMPONENT-DICHOTOMY,CONDITIONAL,"A minimum-order recovering ordinary forest is either a connected nonunimodal tree, or it has at least two components and every component is individually unimodal but nonTRS2.",Hypothetical minimum by vertex count among all recovering finite ordinary forests; conditional on existence; component TRS2 has its admitted positive-interval meaning.,proved_informal_implication_with_surviving_premises_no_formal_award
E993-C2-U2-T649-ROOT-CONTROL,VERIFIED,"The explicit order-649 tree obtained from B_160 by the center connector path and two extra g-leaves satisfies every ordinary G1 guard with p=235 and negative target, but both full-tail ALIGN and one-rank ALIGN fail at the prescribed attachment center; vertex 1 satisfies full-tail ALIGN.",One exact ordinary tree and marked tuple; fresh larger corroboration of E993-G1-ATTACHMENT-ROOT-ALIGN only; no existential-ALIGN or G1 refutation.,exact_finite_computation_adjudicated_no_formal_award
E993-G1-MINIMAL-CANONICAL-RECOVERY-LIFT,OPEN,Every minimum-order recovering finite ordinary forest F admits some recovery rank r and one root in each component such that the common-connector tree has x(T)=r+1 and Gamma<0 at p=r+2.,"Unproved root-profile premise used by C2-U2. The wrapper is restricted to a single common connector and a three-edge handle, with no added bare leaves. Smaller domain and restricted codomain do not establish logical weakness relative to arbitrary prescribed-pair lifting.",open_unresolved_no_formal_award
E993-G1-K26-B8-MIXED-GE99-LC-BACKGROUND,VERIFIED,"Let K=K(3,4,4) and Q=K(8,8,8). For every k>=99 and every finite ordinary forest L with LC independence sequence, I(kK disjoint-union Q disjoint-union L) is LC; therefore every exact ordinary G1 tuple with such a residual has nonpositive target difference.","Exactly one fixed order-52 Q=B_8 core, at least 99 fixed K26 cores, and an explicitly LC finite-forest background; ordinary graphs only. The k=98 product is nonLC. Pending root intake; no arbitrary-core or uniform threshold claim.",proved_informal_adjudicated_no_formal_award
E993-C2-T3-THREE-FRESH-G1-CONTROLS,VERIFIED,"Three explicit newly generated ordinary trees satisfy every original G1 guard and have negative target difference: residual 20K26 (ambient 543, U order 520), residual 100K26 disjoint-union B_8 (ambient 2756, U order 2652), and residual 13B_19 (ambient 1550, U order 1534).","Exactly the three deterministic edge constructions and marked leaves generated by replay.py; finite computation only, pending root intake. The B_19 residual is nonLC; none is a target counterexample or an all-parameter embedding theorem.",exact_finite_computation_adjudicated_no_formal_award
E993-K26-B8-MIXED-GE98-LOGCONCAVE,REFUTED,"For every integer k>=98, I(kK(3,4,4) disjoint-union K(8,8,8)) is log-concave.","Specified two-core family, no background. Fails at k=98, with negative margin -78271 at rank1398. This is not the proposed k>=99 statement.",exact_counterevidence_adjudicated_no_formal_award
E993-LC-CONVOLUTION-WEAK-NONPOSITIVE-DIFFERENCE-PERSISTENCE,REFUTED,"For every finite nonnegative weakly unimodal sequence a, LC nonnegative interval-supported sequence b, and integers r<s, writing u_i=a_i-a_(i-1) with zero extension, (b*u)_r<=0 implies (b*u)_s<=0.","Overstrong auxiliary step in the source report, not the valid LC-times-unimodal theorem. Counterexample a=[1,1,2,1], b=[1], r=1,s=2 has values0 and1. Sequence a is not asserted to be a graph independence sequence.",exact_counterevidence_adjudicated_no_formal_award
E993-C2-F3-VARYING-POWER-FINITE-EMBEDDINGS-K1-24,VERIFIED,"For each integer 1<=k<=24, an exact ordinary G1 tuple exists whose residual is k disjoint copies of B_(k+6); every computed target difference is negative.","The 24 individually checked exponents k=1,...,24 with the explicit wrapper and recorded e values; pending root registration. Finite exact computation only, with e searched in 0..32 for k<=16 and e=0 checked for k=17..24; no universal extrapolation.",exact_finite_computation_adjudicated_no_formal_award
E993-FIXED-GRAPH-EVENTUAL-POWER-LOGCONCAVITY,VERIFIED,For every fixed finite graph G there exists a base-dependent threshold N(G) such that every power I(G)^n with n>N(G) is log-concave.,"Fixed finite graph first, then sufficiently large exponent; pending root registration as a literature-derived quantifier clarification. Application of Odlyzko--Richmond Theorem 1 after positive normalization; empty graph handled separately; no uniform threshold over graphs.",proved_informal_adjudicated_no_formal_award
E993-FOREST-MAXMATCHING-CLIQUE-CERTIFICATE-OPTIMALITY,VERIFIED,"For fixed n and supported k, the consecutive coefficient ratio of Q_m=(1+2z)^m(1+z)^(n-2m) is nonincreasing in m. Hence on every forest, some spanning clique partition has a nonpositive step at k if and only if the maximum-matching comparator has a nonpositive step there.","Ordinary coefficient polynomials for 0<=m<=floor(n/2), with positive supported denominator coefficients; forest corollary uses that every forest clique has order at most two.",proved_informal_adjudicated_no_formal_award
E993-C2-U3-STAR12-ROOT-PAIR,VERIFIED,"Two order-63 handle trees with common residual U=12K_(1,3) are both G1-eligible: center-root attachment is certified by its maximum-matching comparator at r=23, while leaf-root attachment misses every clique-partition certificate at r=19 although its target difference is negative.",The two explicit ordinary trees constructed in REPORT.md only; exact integer forest-DP computation.,exact_finite_computation_adjudicated_no_formal_award
E993-C2-CT-F2-LARGER-BROOM-CONTROLS,VERIFIED,"At t=1031, independently reconstructed odd m=2063 brooms with six- and ten-edge tails satisfy all original ordinary G1 guards and have negative targets; the even m=2062 six-edge broom and odd m=2063 fourteen-edge broom fail only strict crossing, with x(U)=r and negative targets.","Four literal finite ordinary trees only: (m,L)=(2063,6),(2062,6),(2063,10),(2063,14), with the original c-q-g-s-v marked attachment, exact original neighborhoods, and complete stored independent-set polynomials. No all-parameter extension is asserted.",exact_finite_computation_adjudicated_no_formal_award
E993-C2-CU-F2-FRESH-PARITY-TAIL-CONTROLS,VERIFIED,"For the explicit broom attachment c-q-g-s-v, the four literal parameter pairs (m,L)=(2043,6),(2042,6),(2043,10),(2043,8) all satisfy the ordinary leaf/degree-two structure, strict size and Gamma guards, and have negative target. Crossing holds for (2043,6) and (2043,10); it fails with xU=r for (2042,6) and (2043,8). The odd six-edge case has p=1026, r=1024, |U|=2050 and negative relative gap 2617856/1126483815<1/400.","Finite exact computation on these four explicitly enumerated ordinary trees only. The supporting bounded shape sweep has m=0..41,L=1..18, with 756 parameter pairs, 144 full-guard pairs and no positive target among those 144; no extrapolation or distinctness claim relative to older searches.",exact_finite_computation_adjudicated_no_formal_award
E993-C2-CF-T2-SIX-K96-SHARED-GATEWAY-CONTROL,VERIFIED,"The displayed T773 satisfies every exact ordinary G1 guard at p=285, q=283, x(U)=187, with negative target and negative LC margin at q=283; all 576 residual vertices meet SR2. The fixed 231-value extra-leaf grid has 200 eligible rows, 10 eligible local-corridor failures and no positive-target eligible row.","One explicit ordinary tree of order 773 with six disjoint K(14,15,17) residual components of total order 576, three pairwise load-two gateways and 191 additional empty gateways; plus the literal fixed-construction grid of 231 extra-leaf values 0 through 230. No universal or RTree result.",exact_finite_computation_adjudicated_no_formal_award
E993-C2-CF-T2-LOCAL-LC-SCOPE-ATTACKS,VERIFIED,"Dropping positive interval support permits [2,1,0,0,1,2], with x=0,q=4, all required local margins nonnegative and Delta_4=1. Omitting the endpoint margin permits [1,4,3,5,1], with x=1,q=2 and Delta_2=2 although the required margin_2=-11.","Two explicit finite scalar coefficient sequences only: [2,1,0,0,1,2] and [1,4,3,5,1]; neither is claimed to be an independence polynomial of a forest.",exact_finite_computation_adjudicated_no_formal_award
E993-C2-CF-T3-FIVE-FRESH-G1-CONTROLS,VERIFIED,"Five explicit newly built ordinary trees with residuals 121K26, 121K26 disjoint-union B8, 121K26 disjoint-union B9, 21B27, and two K(20,21,23) satisfy every original G1 guard and have strictly negative target differences.","Exactly the five deterministic edge constructions in independent_check.py, ambient orders3270,3323,3329,3510,269 respectively. Finite computations; no universal wrapper eligibility, forest unimodality or target counterexample.",exact_finite_computation_adjudicated_no_formal_award
E993-C2-CU-T3-THREE-FRESH-G1-CONTROLS,VERIFIED,"The residuals 103K26 disjoint-union B8 disjoint-union P8, 101K26 disjoint-union B9, and 17B23 occur in three explicit actual ordinary trees satisfying all exact G1 guards with negative target differences; the first residual is LC and the latter two are nonLC.","Exactly three independently constructed ordinary trees: fresh_K103_Q8_P8 (ambient 2846), fresh_K101_Q9 (ambient 2789), and fresh_varying17 (ambient 2434), with the explicit edges and marked leaves in the owned evidence. Finite computation only; no all-parameter guard eligibility, no unrestricted G1 proof, no governed-RTree statement; pending root intake.",exact_finite_computation_adjudicated_no_formal_award
E993-K26-B9-MIXED-GE99-LOGCONCAVE,REFUTED,"For every integer k>=99, the independence polynomial of k disjoint copies of K(3,4,4) together with one K(9,9,9) is log-concave.","Fixed B9 replacement, no background; ordinary finite forest, not the surviving specified B8 theorem. The witness order is the residual forest order, not ambient G1 tree order.",exact_counterevidence_adjudicated_no_formal_award
E993-C2-CU-T2-SIX-K96-LOCAL-LC-FALSIFIER,VERIFIED,"The explicit T782 has |U|=576, p=289, q=287, x(U)=187 and all G1 guards, but negative local-LC margins at ranks 283, 285, 287; its target is -3772254850371549525104841604140501380443879465448.","One explicitly constructed ordinary tree of order 782 with six K(14,15,17) residual components, 197 additional g-leaves and complete edges and exact U,H,A,T polynomials. No all-parameter or minimality claim.",exact_finite_computation_adjudicated_no_formal_award
E993-G1-EXISTENTIAL-SINGLE-RANK-DELETION,OPEN,"For every exact ordinary G1 tuple, setting r=p-2 and U to its original-neighborhood residual, there exists a vertex a of U such that Delta_r(U-a)<=0 and Delta_(r-1)(U-N_U[a])<=0.","Every finite ordinary G1 tree tuple with the full frozen guards. Only the two displayed ranks; neither prescribed-root nor all-vertex quantification, and no full-tail premise.",open_unresolved_no_formal_award
E993-C2-CT-F1-BETA256-ALIGN-CONTROL,VERIFIED,"The explicit order-1031 wrapper of B256 is fully G1-eligible with p=373, r=371, xU=370 and negative normalized target about -0.00634031944; its attachment center has b=385>r, while vertex 1 has b=371 and vertex 3 has b=370.","One explicit B256 residual of order 1027 attached at its center through a connector to g, with v-s-g and no bare g-leaves; finite wrapper trials h=0..12 are supplemental evidence.",exact_finite_computation_adjudicated_no_formal_award
E993-C2-CT-F1-T1588-TARGET-LC-CONTROL,VERIFIED,"The explicit order-1588 tree with a connected seven-core residual of order 1186 and 398 bare g-leaves satisfies all G1 guards at p=589, r=587, xU=388, with negative target and negative target-coordinate LC margin.","One center-chain with alternating cores K(24,25,26), K(30,31,32), K(24,25,26), K(30,31,32), K(24,25,26), K(30,31,32), K(24,25,26), attached at the left center through a connector to g with v-s-g and h=398.",exact_finite_computation_adjudicated_no_formal_award
E993-C2-CU-F1-BETA300-CONTROL,VERIFIED,"The explicit T1208 beta-family wrapper has full ordinary G1 guards, p=437, r=435, xU=434, negative target, attachment-center b=451>435, and marked-arm-middle b=434<=435.","One beta-family residual B300 of order1203; attach a new four-vertex path at its center and one bare g-leaf. This is a single explicit ordinary tree, not an all-m statement.",exact_finite_computation_adjudicated_no_formal_award
E993-C2-CU-F1-LARGER-CHAIN-HORIZON,VERIFIED,"A fresh connected order1026 seven-K-block residual has x=tau=335 and no recovery; its 2163 specified wrappers contain 1062 full-guard records, all with negative targets and nonnegative target LC margins.","The exact seven arm triples (18,20,24),(20,22,26),(25,27,29),(18,21,23),(30,31,35),(20,22,26),(18,20,24), connected in center-chain order; roots0,434,898; h=0..720 only.",exact_finite_computation_adjudicated_no_formal_award
E993-FOREST-TWO-EDGE-NEXT-BAND-FAMILY,VERIFIED,"For every integer r>=1, the ordinary forest F_r=2K2 disjoint union (2r-1)K1 has order2r+3, matching and vertex-cover numbers2, Delta_r(F_r)=6*C(2r-1,r)/(r+1)>0 and first strict descent x(F_r)=r+1.","All integers r>=1 for this explicit actual-forest family, i0=1 and integer zero extension. It refutes only the bare matching-two d=3 sign; every family member fails x(F_r)<r and is not a G1 counterexample.",proved_informal_adjudicated_no_formal_award
E993-C2-CT-U1-LARGER-FINITE-TREE-BG-GAPS,VERIFIED,"Explicit ordinary grouped-gateway trees with residual m K1,2 disjoint union K1,3 for m=100,101,150 have ambient orders309,312,459, respectively. All exact G1 guards hold, Gamma and target differences are negative, and the BG cover inequality fails in each case.","Exactly three recorded finite ordinary trees with original neighborhoods, p=x(T)+1 and all four complete integer polynomials. No all-m theorem, unbounded deficit conclusion, positive-target event or RTree transport.",exact_finite_computation_adjudicated_no_formal_award
E993-C2-CT-U1-LARGER-FINITE-CYCLIC-FENCES,VERIFIED,"Four explicit connected cyclic simple graphs with residual U22 disjoint union K_k, k=4,5,7,9, and two-gateway handles have orders31,32,34,36, p=5, x(U)=2, Gamma=-180,-215,-285,-355 and target differences15,20,30,40, respectively.","Exactly four explicit cyclic graphs with the local leaf/degree-two handle and every numerical G1 guard. All fail the tree/acyclicity guard and lie outside residual order2r+2. They do not refute ordinary-tree G1, the boundary theorem or C1 forest low-rank scope.",exact_finite_computation_adjudicated_no_formal_award
E993-C2-CF-U1-BOUNDED-FOCUSED-ATTACK,VERIFIED,"No boundary-classification violation occurs in 98304 labelled core-six-plus-isolates evaluations at n=6,20,42 or 54 arbitrary-edge graphs at n=20,24,32. Fresh actual trees T249 and T219 satisfy every ordinary G1 guard, fail the BG cover threshold and have negative target. Fresh cyclic T36 satisfies all displayed graph guards with p=5, xU=2, Gamma=-355 and target +40. An n42 supergraph pair has Delta20 increasing from -4796857230 to 0, defeating an edge-monotonicity shortcut.","Only the explicit deterministic finite constructions and enumerations in INDEPENDENT-CHECKS.json and FOCUSED-BOUNDARY-CHECKS.json, with full edges and integer polynomials for named graph witnesses. Core-six evaluations are labelled constructions, not distinct isomorphism classes or all graphs at n20/n42. T36 is cyclic. T249/T219 are negative-target certificate-noncoverage witnesses. No universal family statement, novelty claim, Lean award or RTree transport.",exact_finite_computation_adjudicated_no_formal_award
E993-GRAPH-EDGE-ADDITION-DELTA-NONINCREASE,REFUTED,"For finite simple graphs G and H on the same vertex set with E(G) contained in E(H), every nonnegative integer rank r satisfies Delta_r(H)<=Delta_r(G).",Universal graph edge-addition monotonicity shortcut. The order42 witness also lies on n=2r+2. No early-descent premise and no ordinary-G1 implication asserted.,exact_counterevidence_adjudicated_no_formal_award
E993-C2-F3-K25-G1-EMBEDDING,VERIFIED,"The explicitly edge-built k=25, a=31, e=0 ordinary-tree wrapper satisfies every exact G1 guard, has a non-LC residual, and has negative target difference.",One specified ordinary tree of order 4778 with residual 25 disjoint B31 copies of total order 4750; pending root registration.,exact_finite_computation_adjudicated_no_formal_award
E993-C2-F3-K25-G1-LC-RANK-SEPARATION,VERIFIED,"The explicit k25,a31,e0 ordinary wrapper is a full-G1 tree with negative target at rank1566 and positive LC margin at that target rank, despite negative penultimate LC margin at rank2399.",One exact actual ordinary tree of order4778 with residual25 copies of B31 of total order4750; pending root registration.,exact_finite_computation_adjudicated_no_formal_award
E993-C2-F3-PADDING-FIVE-CASE-ELIGIBILITY,VERIFIED,"For the B7 wrapper, e=3 satisfies G1 guards but e=64 fails the wide-size guard, while e=0 fails the crossing guard. For the k=7 B13 wrapper, e=0 fails crossing and e=1 succeeds.","Five explicitly stored ordinary-tree wrappers at (k,e)=(1,0),(1,3),(1,64),(7,0),(7,1); pending root registration.",exact_finite_computation_adjudicated_no_formal_award
E993-C2-F3-ZERO-PADDING-THREE-CASE-NONELIGIBILITY,VERIFIED,"For the specified varying-base wrappers at (k,a,e)=(1,7,0),(2,8,0),(3,9,0), the size and ambient guards hold but xU=p-2, so numerical G1 eligibility fails.",Three explicit ordinary-tree instances within a twelve-case boundary attack; pending root registration.,exact_finite_computation_adjudicated_no_formal_award
E993-C2-CT-U2-T715-DISCONNECTED-ROOT-CONTROL,VERIFIED,"The explicit order-715 common-connector tree with residual B_170 disjoint K26, roots 0 and 683, and two added g-leaves meets every ordinary G1 guard with p=257,q=255,xU=254,|U|=709,Gamma<0 and target<0. Residual center 0 has b=264 and a positive shifted closed-deletion difference, so both prescribed-center ALIGN certificates fail; vertex 1 has b=254 and satisfies full-tail ALIGN.","One explicitly constructed ordinary simple tree and its marked tuple. Fixed-root obstruction corroboration with a disconnected residual; no existential-ALIGN, recovery-lift or G1 counterexample, no all-parameter theorem, no RTree scope.",exact_finite_computation_adjudicated_no_formal_award
E993-C2-CT-U2-SMALL-GRAPH-CONNECTOR-CHECKS,VERIFIED,Exact subset enumeration and independent deletion-contraction agree on every labeled simple graph of orders 0..5 (1100 graphs). All 48325 integer vertex-deletion checks pass. All 1441 one-root-per-component choices on nonempty forests through order 5 satisfy the exact original-residual common-connector H/A/T formulas and 17122 L-history plus 17122 G-ambient coefficient identities.,"Finite exhaustive labeled graph scope n=0..5 for deletion identities, q=-2..n+1; all nonempty forests n=1..5 and root-per-component choices for common connectors, k=-2..n+4. Includes the empty graph only in the general graph checks.",exact_finite_computation_adjudicated_no_formal_award
E993-C2-CF-U2-T807-ROOT-OBSTRUCTION,VERIFIED,"The explicitly constructed beta B200 common-connector tree T807, with no extra g leaves, is an ordinary full-guard G1 tuple at p=292, q=290, xU=289 and residual order 803. Its target is negative, its attachment center fails both rank and full-tail ALIGN with b(0)=301, and vertex 1 passes full-tail ALIGN with b(1)=290.","One explicit ordinary tree on vertices 0..806 with original neighborhoods; finite computation; no all-m theorem, no G1 or existential-ALIGN counterexample and no RTree scope.",exact_finite_computation_adjudicated_no_formal_award
E993-C2-CF-U2-FOCUSED-IDENTITY-CONTROLS,VERIFIED,"All 1100 labeled simple graphs of orders 0 through 5 pass 59135 all-integer deletion-rank checks and 12005 positive-difference/incidence checks; all 1441 choices of one root per component over nonempty forests in that census pass 21445 common-connector difference/formula checks. Independent reconstruction reproduces all five origin controls. Eight wrappers of K(3,4,4) disjoint union K(4,4,4) demonstrate finite root/extra-leaf sensitivity: seven eligible and one failing strict crossing.","Exact finite computation on the listed labeled graph census, root choices, five origin controls and eight explicitly parameterized wrappers. Negative ranks -3 through stated finite zero tails included. No universal lifting, ALIGN or forest-unimodality proof.",exact_finite_computation_adjudicated_no_formal_award
E993-C2-CT-U3-STAR24-STAR40-ROOT-PAIRS,VERIFIED,"For each m in the finite set {24,40}, the two explicitly constructed center-root and leaf-root handle trees of order 3+5m have residual mK_(1,3), satisfy every ordinary G1 guard, and have negative target differences. The center-root tuple is certified by its nonpositive maximum-matching comparator step, while the leaf-root tuple has a positive step and misses every clique-partition certificate.","Exactly four ordinary trees: m=24 gives ambient/residual orders 123/96; m=40 gives orders 203/160. Graph labels, original neighborhoods, every polynomial, rank and guard are specified in CRITIQUE.md and independent-evidence.json. No all-m claim.",exact_finite_computation_adjudicated_no_formal_award
E993-C2-CT-U3-ORDER102-LC-RELAXATION-WITNESS,VERIFIED,"Let H=P51 disjoint_union P51 and let G join their central vertices. On the common set of 102 vertices, H is a spanning LC forest inside the tree G, but H_(k+1)G_k-H_kG_(k+1) equals -17944991686440, -87437273742 and -20049822 at k=48,49,50 respectively.","The explicitly listed order-102 graph pair only, with exact independence polynomials and all H log-concavity margins. Mechanism refutation of LC-spanning-forest normalized comparison, not a G1 claim.",exact_finite_computation_adjudicated_no_formal_award
E993-C2-CT-U3-FINITE-COMPARATOR-STRESS,VERIFIED,"All eight adjacent weighted inclusion-flow problems for weights (1,2,3,5,8,13,21,34) carry their full integer demand; the two specified order-87 clique supergraphs obey normalized comparison; all consecutive matching-comparator cross-products and nonpositive-step implications pass for 0<=n<=160, all feasible consecutive m, and 0<=k<=n+1; and the explicit KL(3,4,4), B8 core powers 1,2,3 obey the matching comparison and sign certificate.","Eight flow instances, two explicit order-87 graphs, exactly 698680 matching-grid rank comparisons, and six explicit forest/core powers of orders 26,52,78 and 52,104,156. Finite exact corroboration only; the universal proof is separately audited.",exact_finite_computation_adjudicated_no_formal_award
E993-C2-CF-U3-STAR24-ROOT-PAIR,VERIFIED,"Two explicit order-123 ordinary trees have common residual U=24K_(1,3), order96: center-root attachment has p48,r46 and a negative maximum-comparator step; leaf-root attachment has p41,r39 and every matching-comparator step positive. Both satisfy all G1 guards and have negative target differences.","Only the two edge-labeled ordinary trees in independent-evidence.json fresh_star24_pair; exact integer include/exclude computation with all original-neighborhood guards, first descents and maximum matching sizes.",exact_finite_computation_adjudicated_no_formal_award
E993-C2-CF-U3-LC62-WITNESS,VERIFIED,"For H=P31 disjoint_union P31 and G obtained by joining the two central vertices, I(H) is log-concave but normalized comparison margins are -603291648 at rank29 and -1114112 at rank30.",Only the two explicit order-62 ordinary forests on one common vertex set in independent-evidence.json fresh_LC_order62; H is a spanning subforest of the tree G; no G1 tuple is asserted.,exact_finite_computation_adjudicated_no_formal_award
E993-C2-COVER3-NINE-VERTEX-PLATEAU-WITNESS,VERIFIED,"The ordinary bipartite graph on vertices 0,...,8 with independent cover C={0,1,2}, outside neighborhoods N(3)={0,1}, N(4)={0,2}, N(5)={1,2}, N(6)=N(7)=N(8)=C and no other edges has minimum vertex-cover number 3 and independence polynomial [1,9,21,21,15,6,1]. At r=3, Delta_2=0, Delta_3=-6 and x=3.","One explicitly specified nine-vertex ordinary bipartite graph; it is not a forest or a G1 counterexample. Both critic occurrences identify this same graph, not two independent witness instances.",exact_finite_computation_adjudicated_no_formal_award
E993-C2-CU-T3-B9-EXACT-FINITE-WITNESS,VERIFIED,"An actual full-guard ordinary G1 tuple with p=840, residual order 2684 and x(U)=809 has residual 101K26 disjoint-union B9 whose LC margin at rank 1443 is -111448217, while its G1 target difference is negative.","Exactly the deterministic ordinary tree fresh_K101_Q9 on 2789 vertices with residual 101 copies of K(3,4,4) and one K(9,9,9), marked v=2788, s=2787, g=2786. Finite exact computation; no G1 target counterexample and no refutation of the fixed B8 theorem.",exact_finite_computation_adjudicated_no_formal_award
E993-G1-B7-WRAPPER-PADDING-ELIGIBILITY-MONOTONE,REFUTED,"For every pair of integers 0<=e<=e', if the registered one-copy B7 center-root wrapper with e additional leaves at g satisfies every ordinary G1 guard at its own p=x(T_e)+1, then the same wrapper with e' leaves also satisfies every guard at its own p'=x(T_e')+1.",Fixed B7 residual and fixed handle/center-root gateway; only the number of additional g-leaves changes. This minimal exact family already refutes a broader all-wrapper padding-preservation assertion.,exact_counterevidence_adjudicated_no_formal_award
E993-G1-COUNTEREXAMPLE-PGE6-RESIDUAL-GE2P,CONDITIONAL,"For every exact ordinary G1 tuple (T,v,s,g,p,U), if Delta_(p-2)(U)>0, then p>=6 and |U|>=2p.","Necessary region for a hypothetical ordinary G1 counterexample only. Uses inherited C1 p<=5 exclusion and the C2 first/second wide bands, including the second band's admitted literature dependency. Does not assert a counterexample exists.",proved_informal_implication_with_surviving_premises_no_formal_award
E993-G1-VARYING-WRAPPER-AUTOMATIC-ELIGIBILITY,REFUTED,"For every integer k>=1 and e>=0, the registered ordinary wrapper with residual k disjoint copies of B_(k+6), one center-root gateway for each copy, the handle g-s-v, and e additional leaves at g satisfies all numerical ordinary G1 guards at p=x(T)+1.","Exactly the F3 varying-base structural wrapper family, B_a the order6a+4 center/three-hub/two-edge-arm tree and a=k+6. Structure alone is the proposed premise; no size, Gamma or crossing guard is assumed as an antecedent.",exact_counterevidence_adjudicated_no_formal_award
E993-FOREST-THIRD-WIDE-CROSSING-SIGN,VERIFIED,"For every finite ordinary forest F and every natural r>=1, |V(F)|=2r+4 and x(F)<r imply Delta_r(F)<=0.",Exactly the third wide residual band; forest domain. No ambient Gamma premise is required. No all-simple-graph or RTree extension.,formally_verified
E993-ORDINARY-G1-THIRD-WIDE-SLICE,VERIFIED,"For every full ordinary G1 tuple, the additional equality |U|=2p implies Delta_(p-2)(U)<=0.","A finite ordinary tree T with distinct leaf v, degree-two support s, other neighbor g; A=T-{v,s}, H=A-g, U=A-N_A[g]=T-(N_T[v] union N_T[g]); p=x(T)+1>=3, r=p-2, Gamma=Delta_p(A)+Delta_(p-1)(H)<0, |U|>2p-3=2r+1, and x(U)<r. This is the specialization |U|=2p=2r+4.",formally_verified
E993-FOREST-FIVE-EDGE-THIRD-BAND-COMPARATOR,VERIFIED,"For every natural r>=3, let H=5K2 disjoint union (2r-6)K1 and s=r-3. Then Delta_r(H)=-3*C(2s,s)*s*(27s^2+99s+34)/((s+1)*(s+2)*(s+3)*(s+4))<=0, with equality at r=3 and strict negativity for r>3.",Exact spanning matching comparator in order 2r+4; no sign conclusion for an arbitrary residual without the normalized comparison.,independently_adjudicated_informal_proof_no_formal_award
E993-FOREST-COVER4-THIRD-BAND-PRE-R-INCREASE,VERIFIED,"For every finite ordinary forest F and natural r>=1, if |V(F)|=2r+4 and vertex-cover number(F)<=4, then Delta_k(F)>0 for every natural k<r; hence x(F)>=r.",Forest cover-four branch only; strict positivity is asserted here. Do not import the refuted all-graph cover-three strictness at order 2r+3 or extend this statement to all graphs.,independently_adjudicated_informal_proof_no_formal_award
E993-GRAPH-VERTEX-COVER-DELTA-PARTITION,VERIFIED,"For every finite simple graph F, every designated vertex cover C, its independent complement B, and every integer k, Delta_k(F)=sum over independent S subset C of [C(|B|-|N_F(S) intersect B|,k-|S|+1)-C(|B|-|N_F(S) intersect B|,k-|S|)].",Counts are zero outside natural supported ranks. The set S must be independent in F[C]; neighborhood overlaps are preserved exactly.,independently_adjudicated_informal_proof_no_formal_award
E993-BINOMIAL-DIFFERENCE-CATALAN-FLOOR,VERIFIED,"For every natural m and j>=0, C(m,j+1)-C(m,j)>=-Cat_j, where Cat_j=C(2j,j)/(j+1). At integer j=-1 the difference is 1; at j<=-2 it is 0 under integer zero extension.",Arithmetic auxiliary; independent of any graph or G1 hypothesis.,independently_adjudicated_informal_proof_no_formal_award
E993-CATALAN-COVER4-PRE-R-INEQUALITY,VERIFIED,"For every natural k>=4, Cat_(k+1)-4Cat_(k-1)-6Cat_(k-2)-4Cat_(k-3)-Cat_(k-4)>0.",Arithmetic auxiliary for the cover-four branch only.,independently_adjudicated_informal_proof_no_formal_award
E993-G1-RANK-SCALED-MARGIN-FACTOR2,REFUTED,"For every full ordinary G1 tuple with a_r=i_r(U)>0, (r+1)*(-Delta_r(U))>=2*a_r.","A finite ordinary tree T with distinct leaf v, degree-two support s, other neighbor g; A=T-{v,s}, H=A-g, U=A-N_A[g]=T-(N_T[v] union N_T[g]); p=x(T)+1>=3, r=p-2, Gamma=Delta_p(A)+Delta_(p-1)(H)<0, |U|>2p-3=2r+1, and x(U)<r. Positive denominator a_r is explicit.",explicit_exact_finite_ordinary_G1_counterexample_to_strengthening
E993-C3-T121-FACTOR2-MARGIN-WITNESS,VERIFIED,"The explicitly specified 121-vertex tree and marked leaf give residual order 117, p=47, r=45, x(U)=44, Gamma=-798798925103886414648722890, Delta_45(U)=-128536558546094824844656572 and rho=492723474426696828571183526/247593883765912725204376259, strictly between 1 and 2.",One finite full ordinary G1 tuple. The positive assertion that this witness exists is separate from the false universal margin key.,exact_finite_source_adjudicated_no_formal_award
E993-G1-RANK-SCALED-MARGIN-FACTOR1,OPEN,"For every full ordinary G1 tuple with a_r=i_r(U)>0, (r+1)*(-Delta_r(U))>=a_r.","A finite ordinary tree T with distinct leaf v, degree-two support s, other neighbor g; A=T-{v,s}, H=A-g, U=A-N_A[g]=T-(N_T[v] union N_T[g]); p=x(T)+1>=3, r=p-2, Gamma=Delta_p(A)+Delta_(p-1)(H)<0, |U|>2p-3=2r+1, and x(U)<r. This is a rank-dependent lower bound on the unscaled relative gap, with factor 1/(r+1).",controller_proof_proposal_pending_independent_C3_review
E993-GRAPH-SR2-EXACT-AVERAGE-IDENTITIES,VERIFIED,"For every finite simple graph F with n vertices, every integer j and every integer r, put a_j=i_j(F), D=Delta_r(F), A_v=Delta_r(F-v), B_v=Delta_(r-1)(F-N_F[v]). Then A_v+B_v=D for every v; sum_v i_j(F-v)=(n-j)*a_j; sum_v i_(j-1)(F-N_F[v])=j*a_j; sum_v A_v=(n-r-1)*D-a_r; sum_v B_v=(r+1)*D+a_r.","All integer ranks, including zero, negative ranks and support endpoints; i_j=0 outside natural supported ranks. Empty vertex sums are allowed. No vertex-existence consequence is included.",independently_adjudicated_informal_proof_no_formal_award
E993-GRAPH-SR2-INTERVAL-CHARACTERIZATION,VERIFIED,"For every finite simple graph F and integer r, with D,A_v,B_v as in the SR2 identities, each vertex v satisfies (A_v<=0 and B_v<=0) iff D<=B_v<=0. Consequently there exists a joint certifying vertex iff there exists v in V(F) with D<=B_v<=0.","An exact equivalence of predicates, not a theorem asserting either predicate always holds.",independently_adjudicated_informal_proof_no_formal_award
E993-GRAPH-SR2-MARGINAL-SUM-BOUNDS,CONDITIONAL,"For every finite simple graph F and natural r>=0, if D=Delta_r(F)<0, a_r>0, n>=r+1, and (r+1)*(-D)>=a_r, then sum_v B_v<=0 and sum_v A_v<0.",Conditional sum bounds only; n>=r+1 ensures a nonempty graph in this statement. No common vertex is asserted.,proved_informal_implication_with_surviving_premises_no_formal_award
E993-SCALAR-SR2-NEGATIVE-SUMS-IMPLY-JOINT-SIGN,REFUTED,"For every nonempty finite scalar list of pairs (A_v,B_v) with common A_v+B_v=D<0, if sum A_v<0 and sum B_v<0, then some v has A_v<=0 and B_v<=0.",Pure scalar arrays. No graph-realizability assertion.,explicit_exact_finite_scalar_certificate
E993-FOREST-NONPOSITIVE-TARGET-IMPLIES-SR2,REFUTED,"For every finite ordinary forest F and every natural r>=0, Delta_r(F)<=0 implies the existence of v with Delta_r(F-v)<=0 and Delta_(r-1)(F-N_F[v])<=0.","No earlier-descent, wide-size, ambient-tree or Gamma guard. Rank zero included.",explicit_exact_finite_actual_forest_certificate
E993-FOREST-POSITIVE-RANK-NONPOSITIVE-TARGET-IMPLIES-SR2,REFUTED,"For every finite ordinary forest F and every natural r>=1, Delta_r(F)<=0 implies the existence of v with Delta_r(F-v)<=0 and Delta_(r-1)(F-N_F[v])<=0.","No earlier-descent, wide-size, ambient-tree or Gamma guard. Positive ranks only.",explicit_exact_finite_actual_forest_certificate
E993-GRAPH-NONPOSITIVE-TARGET-IMPLIES-SR2,REFUTED,"For every finite simple graph F and every natural r>=0, Delta_r(F)<=0 implies the existence of v with Delta_r(F-v)<=0 and Delta_(r-1)(F-N_F[v])<=0.","No earlier-descent, wide-size, ambient-tree or Gamma guard. Rank zero included.",explicit_exact_finite_actual_forest_certificate
E993-C3-SR2-SINGLETON-BOUNDARY-WITNESS,VERIFIED,"For F=K1 and r=0, I(F)=[1,1], D=0, and its sole vertex has A=-1 and B=1, so there is no joint certificate.",One finite forest at the integer-zero-extension boundary.,exact_finite_source_adjudicated_no_formal_award
E993-FOREST-ODD-EDGELESS-SR2-OBSTRUCTION-FAMILY,VERIFIED,"For every natural r>=1, F_r=(2r+1)K1 has Delta_r(F_r)=0, x(F_r)=r+1, and for every vertex B_v=C(2r,r)/(r+1)>0 and A_v=-B_v; hence no joint certificate exists.","Explicit unbounded actual-forest family, failing both x(F)<r and n>2r+1.",independently_adjudicated_informal_proof_no_formal_award
E993-FOREST-NEGATIVE-TARGET-IMPLIES-SR2,REFUTED,"For every finite ordinary forest F and natural r>=1, Delta_r(F)<0 imply the existence of v with Delta_r(F-v)<=0 and Delta_(r-1)(F-N_F[v])<=0.",No strict earlier-descent or ambient G1 guard. No size restriction.,explicit_exact_finite_actual_forest_certificate
E993-FOREST-WIDE-NEGATIVE-TARGET-IMPLIES-SR2,REFUTED,"For every finite ordinary forest F and natural r>=1, |V(F)|>2r+1 and Delta_r(F)<0 imply the existence of v with Delta_r(F-v)<=0 and Delta_(r-1)(F-N_F[v])<=0.",No strict earlier-descent or ambient G1 guard. Wide-size guard retained.,explicit_exact_finite_actual_forest_certificate
E993-GRAPH-NEGATIVE-TARGET-IMPLIES-SR2,REFUTED,"For every finite simple graph F and natural r>=1, Delta_r(F)<0 imply the existence of v with Delta_r(F-v)<=0 and Delta_(r-1)(F-N_F[v])<=0.",No strict earlier-descent or ambient G1 guard. No size restriction.,explicit_exact_finite_actual_forest_certificate
E993-C3-SR2-SIX-VERTEX-FAILURE-WITNESS,VERIFIED,"For F=2K2 disjoint union 2K1 and r=2, I(F)=[1,6,13,12,4], x(F)=2, D=-1, all four endpoints have (A,B)=(-2,1) and both isolates have (A,B)=(-4,3); hence no joint vertex exists despite n=2r+2.","One finite forest, not an ambient G1 tuple.",exact_finite_source_adjudicated_no_formal_award
E993-FOREST-TWO-EDGE-STRICT-SR2-OBSTRUCTION-FAMILY,VERIFIED,"For every natural r>=2, let F_r=2K2 disjoint union (2r-2)K1 and M=C(2r-2,r-1). Then |F_r|=2r+2, I=(1+2z)^2*(1+z)^(2r-2), i_r=M*(9r-5)/r, Delta_r=-3*M*(r-1)/(r*(r+1))<0, x(F_r)=r; B_v=M/r for endpoints and 3*M/r for isolates, A_v=Delta_r-B_v<0, so no joint vertex exists and rho=3*(r-1)/(9r-5)<1/3.",Explicit unbounded ordinary-forest family. Every member satisfies the wide size guard and fails the strict earlier-descent guard.,independently_adjudicated_informal_proof_no_formal_award
E993-FOREST-EARLIER-DESCENT-NEGATIVE-TARGET-IMPLIES-SR2,OPEN,"For every finite ordinary forest F and natural r>=1, x(F)<r and Delta_r(F)<0 imply the existence of v with Delta_r(F-v)<=0 and Delta_(r-1)(F-N_F[v])<=0.","The earlier-descent strengthening explicitly mentioned by the correction, without adding an unstated ambient or size guard. Any further width-restricted variant must receive a separate statement.",controller_proof_proposal_pending_independent_C3_review
E993-ORDINARY-DEG2-SIBLING-G1-COEFFICIENT-IDENTIFICATION,VERIFIED,"For every finite ordinary tree T, original leaf v whose support s has degree two with other neighbor g, and every integer p, define A=T-{v,s}, H=A-g, U=A-N_A[g]=T-(N_T[v] union N_T[g]). Then I(T-v)=I(A)+z*I(H), I(A)=I(H)+z*I(U), a_v(T,p)=Delta_p(T-v)=Delta_p(A)+Delta_(p-1)(H)=Gamma, and b_v(T,p)-B_s(T,p)=Delta_(p-1)(A)-Delta_(p-1)(H)=Delta_(p-2)(U).","Structural equalities at all integer ranks; no numerical eligibility is required. a,b,B use the r23 original-leaf definitions; B_s(T,p)=Delta_(p-1)(T-N_T[s]) and T-N_T[s]=H. Neighborhoods are those of the indicated original graph, with integer zero extension.",independently_adjudicated_informal_proof_no_formal_award
E993-C3-CB8-92-ORDINARY-RANK-SCOPE-CERTIFICATE,VERIFIED,"The specified ordinary CB(8,92) tree has n=1567, x(T)=490 and two original-leaf orbits of multiplicities 1 and 736. At p=492 all 737 leaves are favorable, the arm contribution is positive with zero Retag export and a deficient tag-closed arm cut, while the complete aggregate is negative. At G1 rank p=491, r=489, the arm residual has x=491 and the repeated-arm residual has x=489, so neither orbit is a full-G1 tuple.",One exact ordinary graph at two distinct ranks; no RTree transport and no universal aggregate or G1 verdict.,exact_finite_source_adjudicated_no_formal_award
E993-R23-LITERAL-DELETE-ONLY-HALL,REFUTED,"For every finite ordinary tree T, natural p>=x(T)+2 under the r23 literal contract, and every X subset of the complete tagged top side P, |X|<=|Gamma_Delete(X)|.",Literal ordinary-tree universal Delete-only Hall. Restricted deletion faces remain separate.,existing_exact_ordinary_Hall_witness_plus_neighborhood_inclusion
E993-R23-HOT-TAG-SINGLETON-HALL,REFUTED,"For every eligible finite ordinary r23 tree/rank pair with n>=3, and every favorable original leaf v with g_v>0, the complete singleton-tag cut X={v} times C_p(v) satisfies |X|<=|Gamma_Delete/Retag(X)|.","Every hot tag, at p>=x(T)+2. Narrower cut family than arbitrary tag-closed cuts; nevertheless refuted by the same eligible arm cut.",explicit_exact_finite_ordinary_graph_certificate
E993-R23-ZERO-RETAG-EXPORT-IMPLIES-NONPOSITIVE-TAG,REFUTED,"For every eligible finite ordinary r23 tree/rank pair and favorable original leaf v, if no literal Retag edge from the complete active top tag of v reaches another active tag, then g_v=b_v-B_s<=0.","The zero-export shortcut; the source's stated hub/depth-three degree-two-chain class is also refuted by CB(8,92), since it imposes no adequate disjoint-edge-count bound.",explicit_exact_finite_ordinary_graph_certificate
E993-R23-RANK1-FAVORABLE-EMPTY,REFUTED,"For every finite ordinary tree T, the set of favorable original leaves {v:Delta_1(T-v)<0} is empty.","Unrestricted p=1 boundary statement, outside the governed p>=x(T)+2 floor.",explicit_exact_finite_boundary_certificate
E993-FOREST-FIRST-DESCENT-DISJOINT-UNION-UPPER-ADDITIVITY,REFUTED,"For every pair of finite ordinary forests F1,F2, x(F1 disjoint union F2)<=x(F1)+x(F2).","Upper first-descent additivity only; neither a lower-bound claim nor forest nonunimodality. r27 Cycle 1 (2026-09-24): its K_1 instance is registered as E993-R27-KADDITION-CLOSURE-X-LE-5 (x ≤ 5); this refutation is untouched (witness pair K_{1,3}, P_4), and the stored scope contains no K_1 carve-out — the sub-family is untouched for the logical reason that a universal refuted by one witness pair says nothing about a proper sub-family. Status REFUTED unchanged.",explicit_exact_finite_polynomial_certificate
E993-R23-ORDINARY-FAVORABLE-LEAF-AGGREGATE,OPEN,"For every finite ordinary tree T and every natural p>=x(T)+2, sum over all favorable ORIGINAL leaves v, defined by Delta_p(T-v)<0, of [Delta_(p-1)(T-{v,s_v})-Delta_(p-1)(T-N_T[s_v])]<=0.","Literal ordinary-tree aggregate. Each original leaf is a distinct tag even when supports coincide; higher-degree supports are included; the empty favorable set has sum zero. r26 (2026-09-24): its TOP-RANK RESIDUAL sub-case (RC) is formally verified as E993-R26-TOP-RANK-RESIDUAL-SIGN; this all-rank claim stays OPEN (other ranks and the non-residual class untouched; no positive complete eligible aggregate is known). r29 Cycle 1 (2026-09-25) scope note: OPEN. r29 (HTA) closes every eligible rank with 3p ≥ 2α(T) + 1 (at proved_informal); that region contains every eligible top rank (E993-R29-TOP-RANK-NONRESIDUAL-AGGREGATE) and first-interior rank (VERIFIED). The open remainder is exactly the eligible ranks with x(T) + 2 ≤ p ≤ ⌊2α(T)/3⌋ (depth α − p ≥ ⌈α/3⌉), nonempty; the leafwise pointwise sign fails there at some leaf of some tree (E993-R29-HIGH-TAIL-BOUNDARY-RECORD). Status unchanged.",imported_terminal_open_target_no_premise_admission
E993-FOREST-EDGE-ADDITION-DELTA-NONINCREASE,REFUTED,"For all finite forests F,H on the same vertex set with E(F) subset E(H), every natural r has Delta_r(H)<=Delta_r(F).","Finite ordinary forests F and H on the same vertex set, E(F) subset E(H), every natural rank r. No earlier-descent, ambient G1, connectivity, or target sign premise. This forest restriction differs from the existing all-simple-graph edge-addition claim.",controller_exact_finite_forest_certificate_no_formal_award
E993-C3-CENTER-CORRELATED-TWO-CORE-IDENTITY,VERIFIED,"For all positive integers a,b,c,d,e,f, joining the centers of K(a,b,c) and K(d,e,f) gives an actual tree U with I(U)=P_(a,b,c)P_(d,e,f)-z^2(1+2z)^(a+b+c+d+e+f), where F_q=(1+2z)^q+z(1+z)^q and P_(a,b,c)=F_aF_bF_c+z(1+2z)^(a+b+c). Rooting at either center and adding the specified b-g-s-v handle with h natural bare g-leaves gives the exact wrapper identities H=(B+zC)(1+z)^h, A=H+zB, and T=(1+z)A+zH, with C the root-deleted residual polynomial.","Ordinary finite trees K(a,b,c) with three hub groups of positive arm counts; one center-center edge; either center root; every natural h; exact independence polynomials at all integer ranks by zero extension. No sign, recovery, G1, RTree, or universal-forest conclusion.",independently_adjudicated_informal_proof_no_formal_award
E993-C3-GRAPH-ADDABLE-VERTEX-AVERAGE-IDENTITY,VERIFIED,"For every finite simple graph G and natural r, the sum over independent r-sets S of the number e(S) of addable vertices equals (r+1)i_(r+1)(G); when i_r>0, factor one is equivalent to the average e(S) being at most r.","All finite ordinary simple graphs and natural ranks, with exact ordinary independent-set counts; no G1 hypothesis is needed.",independently_adjudicated_informal_proof_no_formal_award
E993-C3-G1-POINTWISE-ADDABILITY-BOUND,REFUTED,"For every full ordinary G1 tuple with i_r(U)>0, every independent r-set S of U has at most r addable vertices.","Literal full ordinary G1 scope at r=p-2; universal over all independent r-sets in each residual. r29 Cycle 1 (2026-09-25) scope note: distinct from the r29 high-tail keys: the registered refutation witnesses fail 3p ≥ 2α + 1 (a theorem given E993-BIPARTITE-LEAF-HIGH-TAIL-POINTWISE, not a data check); E993-BIPARTITE-TAGGED-SHADOW-BOUND is a size-restricted incidence count whose constants k and 2(a − k) are incomparable with the refuted per-set bound. Status REFUTED unchanged.",exact_counterevidence_source_adjudicated_no_formal_award
E993-C3-CLUSTER-GRAPH-EVERY-VERTEX-SR2,VERIFIED,"For every finite ordinary disjoint union C of complete graphs and every natural r with x(C)<r, every vertex a has Delta_r(C-a)<=0 and Delta_(r-1)(C-N_C[a])<=0.",All finite ordinary cluster graphs and natural ranks; matching forests in the forest subcase.,independently_adjudicated_informal_proof_no_formal_award
E993-C3-FOREST-WIDE-CROSSING-EDGE-DELTA-NONINCREASE,REFUTED,"For every pair J,U of finite ordinary forests on the same n-vertex set, every natural r>=1 with E(J) subset E(U), n>2r+1, x(J)<r and x(U)<r satisfies Delta_r(U)<=Delta_r(J).","A proposed stronger-premise forest edge-addition shortcut. Both forests must satisfy strict earlier descent and wide size at the same rank. No ambient G1 first-descent/Gamma alignment, connectivity of J, or nonnegative-target premise.",exact_counterevidence_source_adjudicated_no_formal_award
E993-C3-FOREST-WIDE-EARLIER-EVERY-VERTEX-SR2,REFUTED,"For every finite ordinary forest F and natural r>=1, if |F|>2r+1, x(F)<r and Delta_r(F)<0, then every vertex satisfies both SR2 signs.","Positive universal every-vertex strengthening with width, negative target and strict crossing; distinct from existential SR2.",exact_counterevidence_source_adjudicated_no_formal_award
E993-C3-G1-MATCHING-RESIDUAL-EVERY-VERTEX-SR2,VERIFIED,"Every exact ordinary G1 tuple whose residual components are all K1 or K2 has both SR2 signs at every residual vertex, hence its target Delta_(p-2)(U) is nonpositive.","Full frozen ordinary G1 guards, original neighborhoods, with the extra matching-forest residual hypothesis displayed. No assertion of applicability or RTree transport.",independently_adjudicated_informal_proof_no_formal_award
E993-C3-G1-EVERY-VERTEX-SR2,REFUTED,"For every exact ordinary G1 tuple defined in section2, every residual vertex a satisfies Delta_(p-2)(U-a)<=0 and Delta_(p-3)(U-N_U[a])<=0.","All original ambient tree, leaf, degree-two support, original-neighborhood deletions, p=x(T)+1, Gamma<0, width and strict-crossing guards; no extra negative-target premise. This is a new explicit scope derived from the admitted ambient controls, distinct from the forest and existential keys.",exact_counterevidence_source_adjudicated_no_formal_award
E993-C3-FOURTH-BAND-SIX-EDGE-COMPARATOR-SIGN,REFUTED,"For every feasible r>=4, the order-(2r+5) comparator H=6K2 disjoint union (2r-7)K1 has Delta_r(H)<=0.",Proposed natural six-edge comparator extension to the next band only; not a forest or G1 theorem.,exact_counterevidence_source_adjudicated_no_formal_award
E993-C3-SELECTED-SUBSET-AVERAGE-SR2-BRIDGE,CONDITIONAL,"For a finite simple graph F, integer r, and nonempty L subset V(F), if Delta_r(F-v)<=0 for every v in L and sum_{v in L} Delta_(r-1)(F-N[v])<=0, then some v in L has both channels nonpositive and Delta_r(F)<=0.","Every finite simple graph, every integer r, and every nonempty selected vertex subset L; exact integer zero extension.",proved_informal_implication_with_surviving_premises_no_formal_award
E993-C3-G1-TERMINAL-AVERAGE-SLICE,CONDITIONAL,Every full ordinary G1 tuple satisfies its target if every degree-at-most-one residual vertex u has Delta_r(U-u)<=0 and the sum over those u of Delta_(r-1)(U-N_U[u]) is nonpositive.,"Full frozen ordinary G1 tuple, original neighborhoods and r=p-2 retained; the two displayed terminal conditions are additional hypotheses; no RTree transport.",proved_informal_implication_with_surviving_premises_no_formal_award
E993-C3-PADDED-CONNECTOR-LIFT-CERTIFICATE,CONDITIONAL,"For any h>=0, adding h new leaves at g in the common-connector tree preserves residual F and gives H_h=(1+z)^h(B+zC), A_h=H_h+zB, and T_h=(1+2z)H_h+z(1+z)B; recovery at r plus the displayed complete J history and Gamma_(h,r)<0 yields a full ordinary G1 counterexample at p=r+2.","Ordinary finite nonempty forests, one root per component, explicit b-g-s-v handle, exactly h additional g-leaves, integer ranks r>=1; implication only; no RTree transport.",proved_informal_implication_with_surviving_premises_no_formal_award
E993-C3-RECOVERY-RESTRICTED-UNBOUNDED-PADDING-RESCUE,OPEN,"For every fixed recovering forest/rank/root tuple, arbitrarily large numbers of added gateway leaves can retain x(T_h)=r+1 and hence rescue the same lift.","Positive universal mechanism claim for the explicit g-leaf padded common-connector family; fixed F,r,R with h unbounded.",open_unresolved_no_formal_award
E993-C3-THIRD-BAND-CROSSING-EDGE-DELTA-NONINCREASE,REFUTED,"For every natural r>=1 and finite forests F,G on the same 2r+4 vertices with E(F) subset E(G), x(F)<r and x(G)<r imply Delta_r(G)<=Delta_r(F).",Positive universal statement of the raw edge-addition shortcut strengthened by exact third-band order and strict crossing for both graphs.,exact_counterevidence_source_adjudicated_no_formal_award
E993-C3-ROOT-UNIFORM-PADDING-BOUND,VERIFIED,"For every fixed nonempty forest F and r>=1, set c=Delta_r(F)+Delta_(r-1)(F), M0=max(0,-c), h0=2r+3+(r+1)M0. Every root tuple and every integer h>=h0 satisfy Delta_(r+1)(T_h)>0.","Exact g-leaf common-connector construction; threshold uniform in roots, fixed F and rank; all h beyond the explicit threshold; no optimality or moving-rank claim.",independently_adjudicated_informal_proof_no_formal_award
E993-C3-PADDING-RESCUE-VACUITY-EQUIVALENCE,VERIFIED,"Under the proved padding obstruction, the original recovery-restricted unbounded-rescue universal holds if and only if there is no recovering finite forest/rank pair.","The ORIGINAL positive universal over recovering F,r,R, with arbitrarily large h retaining x(T_h)=r+1. No existence or nonexistence of recovery is asserted.",independently_adjudicated_informal_proof_no_formal_award
E993-C3-AVERAGE-HISTORY-LIFT-WITHOUT-RECOVERY,REFUTED,"For every nonempty forest F, h>=0 and r>=1, a negative root-tuple Gamma sum plus complete J history for every root tuple yields a full ordinary G1 counterexample.",Separate positive universal with the recovery antecedent deliberately absent; not an alias of the corrected T3 averaged-Gamma theorem.,exact_counterevidence_source_adjudicated_no_formal_award
E993-C3-ROOT-AVERAGE-RECOVERY-LIFT-SUFFICIENT,CONDITIONAL,"For forest components F_i of orders n_i, let S_i=sum_j(n_i-j)i_j(F_i)z^j, Q=product_i S_i and M=product_i n_i. Across all one-root-per-component tuples, sum Gamma_(h,r)=Delta_(r+2)(mathcal H_h)+Delta_(r+1)(mathcal H_h)+M Delta_(r+1)(B), where mathcal H_h=(1+z)^h(MB+zQ). If F recovers at r, a negative sum plus valid J history for every root tuple guarantees a successful full-G1 lift root tuple.","All ordinary finite nonempty forests, all h>=0 and integer r>=1; sufficient criterion with explicit uniform-history premise; component-polynomial identity. Recovery x(F)<r and Delta_r(F)>0 is explicitly required for the full-G1 counterexample consequence, but not the identity.",proved_informal_implication_with_surviving_premises_no_formal_award
E993-C3-ROOT-TUPLE-AVERAGED-GAMMA-IDENTITY,VERIFIED,"For every nonempty finite ordinary forest F with nonempty components F_i of orders n_i, B=I(F), h>=0 and r>=1, let S_i=sum_j(n_i-j)i_j(F_i)z^j, Q=product S_i, M=product n_i, and mathcal H=(1+z)^h(MB+zQ). For the actual padded common-connector trees over all one-root-per-component tuples, sum_R Gamma_(h,r)(R)=Delta_(r+2)(mathcal H)+Delta_(r+1)(mathcal H)+M Delta_(r+1)(B).","Exact actual graph construction of III.1; identity without any recovery, Gamma sign or history hypothesis.",independently_adjudicated_informal_proof_no_formal_award
E993-C3-GRAPH-MATCHING5-THIRD-BAND-SIGN,VERIFIED,"Every finite simple graph G with |V(G)|=2r+4, r>=3, and matching number at least five has Delta_r(G)<=0.",Ordinary finite simple graphs; no crossing premise required; actual five-edge spanning clique union.,independently_adjudicated_informal_proof_no_formal_award
E993-C3-G1-PATH-FOREST-RESIDUAL-SLICE,VERIFIED,"For every full ordinary G1 tuple (T,v,s,g,p) with degree-two support and residual U of maximum degree at most two, b_v(T,p)-B_s(T,p)=Delta_(p-2)(U)<=0. Consequently every target-violating ordinary G1 tuple has a recovering residual at r=p-2 and residual maximum degree at least three.","Finite ordinary simple trees satisfying every frozen G1 guard, plus the structural hypothesis maxdeg(U)<=2 for the positive sign conclusion. No converse, arbitrary branching-forest result, RTree transport, or formal award.",independently_adjudicated_informal_proof_no_formal_award
E993-C3-SR2-DIAMETER-SELECTOR,CONDITIONAL,"Let F be a finite simple graph on n vertices and r be natural. If D=Delta_r(F)<0, i_r(F)>0, n>=r+1, (r+1)(-D)>=i_r(F), and max_v B_v-min_v B_v<=1-D, then some vertex v satisfies A_v<=0 and B_v<=0. If no such vertex exists, both B_v<=D-1 and B_w>=1 occur and max B-min B>=2-D.",Finite ordinary simple graphs with the displayed factor-one and rooted-channel-diameter premises; no claim that the diameter premise holds universally for forests or G1.,proved_informal_implication_with_surviving_premises_no_formal_award
E993-C3-CB-ARM-EXACT-DELETE-NEIGHBORHOOD,VERIFIED,"For CB(j,k), integers j,k>=1 and m=jk, a complete arm top tag X at natural rank p has zero Retag export. Whenever the arm is a favorable tag, its exact Delete/Retag neighborhood cardinality is C(m,p-2)2^(p-2) for 2<=p<=m+1, and zero for p=0, p=1 and p>=m+2.","Literal ordinary complete arm-tag relation. The neighborhood assertion also holds if all original leaves are allowed as Retag destinations; no favorability or sibling eligibility is inferred from j,k,p.",independently_adjudicated_informal_proof_no_formal_award
E993-C3-COMPLETE-TAG-DEFICIENCY-EQUALS-CONTRIBUTION,REFUTED,"For every eligible ordinary finite tree T, natural p>=x(T)+2, and favorable original leaf v, the complete single-tag top cut X satisfies |X|-|Gamma_Delete/Retag(X)|=g_v.","Newly tested positive universal equality shortcut, not attributed to the route. Original literal Delete/Retag relation; empty complete tags are included.",exact_counterevidence_source_adjudicated_no_formal_award
E993-C3-FACTOR1-IMPLIES-ORDINARY-G1,CONDITIONAL,"If the universal full-ordinary-G1 factor-one bound holds on every row with i_r(U)>0, then every full ordinary G1 tuple has Delta_r(U)<=0; rows with i_r(U)=0 already have i_(r+1)(U)=0 and target zero.","Logical implication between universal ordinary-G1 statements; all original guards retained, r=p-2>=1; no RTree transport and no proof of the antecedent.",proved_informal_implication_with_surviving_premises_no_formal_award
E993-C3-ALIGN-IMPLIES-SR2-AND-G1,CONDITIONAL,"For an exact ordinary G1 tuple and one vertex a of U, max(tau(U-a),tau(U-N_U[a])+1)<=r implies the two nonpositive rank-r and rank-(r-1) deletion channels at that same a; hence existential ALIGN implies existential SR2 and the G1 sign.","One-way implication at exact ordinary-G1 scope; no converse, strict separation, prescribed-root assertion, or RTree scope.",proved_informal_implication_with_surviving_premises_no_formal_award
E993-C3-DIAMETER-ONLY-SR2-SELECTOR,REFUTED,"For every finite ordinary forest F and natural r, D<0,i_r>0,n>=r+1 and max_v B_v-min_v B_v<=1-D imply a joint SR2 vertex.",Positive universal without factor one; false already in wide forests. This assertion was not made by U3.,exact_counterevidence_source_adjudicated_no_formal_award
E993-C3-G1-NECESSARY-COUNTEREXAMPLE-REGION,CONDITIONAL,"Every counterexample to the exact unrestricted ordinary G1 target has p>=6, |U|>=2p+1, maxdegree(U)>=3, and a strict recovery of its actual residual independence coefficients from x(U) to r=p-2.","Necessary conditions on actual finite ordinary G1 tree tuples only. No existence, sufficiency, RTree transport, or new formal award. The size/rank exclusion retains the inherited informal second-wide dependency.",mixed_formal_C1_C2_C3_and_source_dependent_informal_second_wide_and_path_forest_no_new_formal_award
E993-C3-FOREST-FOURTH-WIDE-CROSSING-SIGN,VERIFIED,"For every finite ordinary forest F and natural r>=1, |V(F)|=2r+5 and x(F)<r imply Delta_r(F)<=0.",Ordinary finite forests; exact next order only. A failed six-edge comparator and finite seven-edge/random-tree checks do not decide this theorem. || r25 (2026-09-22): see certificate — status moved to VERIFIED at proved_informal on Ashton's explicit ruling; the additive-publication hold recorded earlier is discharged.,open_unresolved_no_formal_award
E993-R25-UNR-FOREST-WIDE,OPEN,"For every finite forest F and natural r>=1 with |V(F)|>=2r+2 and x(F)<r, Delta_r(F)<=0",all finite forests including disconnected ones; ranks r<=(|V(F)|-2)/2 (excess d>=2); proper subclaim of E993-TGT-FOREST — a proof of this claim is a proof of forest weak unimodality below half the order,see_certificate
E993-R25-MATCHING-BRANCH-UNIFORM-SIGN,OPEN,"For every finite simple graph G of order 2r+d with a matching of size at least m(d), Delta_r(G)<=0 — schema with an explicit threshold function m(d); each concrete instantiation registers its own key",all finite simple graphs; bare (no crossing hypothesis) unless the instantiation states x(G)<r; d>=0,see_certificate
E993-R25-COVER-BRANCH-UNIFORM-PREHISTORY,OPEN,"For every finite forest F of order 2r+d with vertex-cover number at most c(d), Delta_k(F)>0 for every natural k<r, hence x(F)>=r — schema with an explicit threshold function c(d)",finite forests (graph variants register separately); d>=0,see_certificate
E993-R25-WINDOW-REDUCTION,OPEN,"Every counterexample to E993-R25-UNR-FOREST-WIDE (respectively to E993-G1WIDE-NO-SIZE-CAP) has matching number in the explicit window [c(d)+1, m(d)-1] and x<r, with m and c the proved threshold functions",reduction theorem; its value is the exact width m(d)-c(d)-1 of the window and any further shrinkage from the G1 guards,see_certificate
E993-R25-G1-AMBIENT-COUPLING,OPEN,"Under the ten ordinary G1 guards, exact couplings between the residual sequence of U and the ambient first descent derived from I(A)=I(H)+z*I(U) and I(T)=(1+z)I(A)+z*I(H), and every consequent reduction of the residual class",exact ordinary G1 tuples; original neighborhoods; p=x(T)+1,see_certificate
E993-R25-PERFECT-MATCHING-EVEN-EXCESS-SIGN,VERIFIED,"For every finite simple graph G on a vertex type of cardinality 2m carrying a perfect matching (an injective f : Fin m x Bool -> X with G.Adj (f (i,false)) (f (i,true)) for every i), and every natural r with 2m <= 3r+1, Delta_r(G) <= 0. Equivalently, with d = 2m-2r (even), a perfect-matching graph of order 2r+d with 3d <= 2m+2 has Delta_r <= 0.","All finite simple graphs WITH a perfect matching; uniform over EVEN excess d only (the hypothesis forces d = 2(m-r)); says nothing about graphs without a perfect matching (not Tier 3a E993-R25-MATCHING-BRANCH-UNIFORM-SIGN); no sharpness claim (the mK_2 sharpness is a comparator fact); no transfer to firstDescent/x(G), forests, residuals, G1 tuples, Tier 1, Tier 2, the diagnostic band, FOREST, TREE, TRANSFER, E993-BETA-AGG or Erdos #993. Claim-identity separation: E993-G1-MATCHING-COMPARATOR-SUFFICIENT is CONDITIONAL in the master registry and is NOT refuted; this theorem is an unconditional statement about actual graphs with a perfect matching and does not instantiate that comparator conditional.",see_certificate
E993-R25-FOURTH-BAND-SEVEN-EDGE-MATCHING-SIGN,VERIFIED,"For every finite simple graph G on a vertex type of cardinality 2r+5 carrying seven pairwise disjoint edges (an injective f : Fin 7 x Bool -> X with G.Adj (f (i,false)) (f (i,true)) for every i), and every natural r >= 1, Delta_r(G) <= 0. Fixed-band result at excess d = 5 (the fourth band), named as fixed-band.","All finite simple graphs of order 2r+5 with a 7-matching; BARE (no crossing hypothesis, no acyclicity, no forest hypothesis); non-strict sign at rank r only; no sharpness claim (E993-C3-FOURTH-BAND-SIX-EDGE-COMPARATOR-SIGN REFUTED fixes m = 6 as the failing boundary and is confirmed, not disturbed); not the Tier 3a schema E993-R25-MATCHING-BRANCH-UNIFORM-SIGN (one band; the (m,d)-uniform closed form is open); no closure of the crossing-conditioned diagnostic band E993-C3-FOREST-FOURTH-WIDE-CROSSING-SIGN; no transfer to firstDescent/x(G), forests, residuals, G1 tuples, Tier 1, Tier 2, FOREST, TREE, TRANSFER, E993-BETA-AGG or Erdos #993; no claim about log-concavity, TRS2 or real-rootedness. Claim-identity separation: E993-G1-MATCHING-COMPARATOR-SUFFICIENT stays CONDITIONAL; the comparator (1+2z)^m(1+z)^(n-2m) is nowhere a proof device here.",see_certificate
E993-R25-COVER-DIAGONAL-D6-SIGN,REFUTED,"For every forest F of order 2r+6 with vertex-cover number tau(F) <= 6, Delta_k(F) > 0 for every natural k < r (equivalently x(F) >= r) — the cover branch at the diagonal tau = d = 6.","Finite forests; d = 6; the strict and the weak consequent both fail at r = 9, 10 (orders 24, 26); Cycle 3 status update: the (6,6) cells r = 6,7,8,11,12 are closed (exhaustive; r = 6,7,8 also parametrisation-free by direct enumeration), so c(6) = 5 exactly stands.",see_certificate
E993-R25-COVER-DIAGONAL-D7-SIGN,REFUTED,"For every forest F of order 2r+7 with vertex-cover number tau(F) <= 7, Delta_k(F) > 0 for every natural k < r (equivalently x(F) >= r) — the cover branch at the diagonal tau = d = 7 (the (7,7) cells of the Cycle 1 conjecture c(d) = min(d,7)).","Finite forests; d = 7; refuted for r = 8..33 (orders 23..73); the strict and the weak consequent both fail. Cycle 3 status update (registry status update, not an award): the (7,7) cells at r = 34..70 are CLOSED — the decision is over the cell predicate as control/C2-REFUTATION-WITNESSES.json defines it (the sign of Delta_{r-1}), exhaustive per cell over the complete cover-shape parametrisation conditional on the structure lemma (seat F1, four independent instruments, arithmetic certificate); the extension from Delta_{r-1} to the registered consequent Delta_k > 0 for every k < r at all 45 surviving cells (1,986 rank decisions, zero exceptions) is critic-attributed to C-F1-U; positivity at r >= 71 follows from the registered Catalan dominance Gamma(7,k) > 0 for k >= K(7) = 70. The 73-cell census entering Cycle 4 is 45 closed / 28 refuted / 0 undetermined.",see_certificate
E993-R25-COVER-THRESHOLD-MIN-D-5-FOREST,VERIFIED,"For every finite forest F of order 2r+d (d >= 2, r >= 2) with vertex-cover number tau(F) <= min(d,5), Delta_k(F) > 0 for every natural k < r (hence x(F) >= r). The threshold c(d) = min(d,5) cannot be raised to the diagonal at any d >= 6 (E993-R25-COVER-DIAGONAL-D6-SIGN, -D7-SIGN, and the forests d*K_{1,3} for d >= 8) and equals 5 exactly at d = 6.","Finite forests only (false for graphs: a 13-vertex graph with tau = 5 has x = 3 < r = 4). Informal theorem: general-tau cover-fiber partition + Catalan dominance for k >= K(tau) (K(1..5) = 0,2,3,4,6) + closure of the small-rank cells. Cycle 5 reconciliation (controller erratum): the finite residue collapses to FIVE cells, all at tau = 5, all at r = k+1, at orders 9, 11, 13, 15, 17 — the order-9 cell (k = 1) is discharged by frozen ENTRY 175 (forest_delta_one_pos); the cell whose cover hypothesis is vacuous is (3,2,11); the reduction is exact, not merely sufficient (E993-R25-BINOMIAL-DIFFERENCE-CATALAN-CEILING). Corrected cell minima of record: min Delta_{r-1} = 39, 56, 56, 43 at orders 11, 13, 15, 17 (and min Delta_1 = 19 at order 9). The honest accounting of the Cycle 5 advance is 11 -> 5 exceptional cells, never '8 -> 5'. The general half's algebra is now DERIVED (E993-R25-BAND-CARRY-STEP-HALL, E993-R25-BINOMIAL-DIFFERENCE-CATALAN-CEILING) and its finite check is critic-derived and adjudicator-verified, NOT the seat's. Acyclicity is load-bearing exactly at the five tau = 5 cells and nowhere else (the 13-vertex general-graph counterexample sits at the identical cell). Not formally verified.",see_certificate
E993-R25-MATCHING-CERTIFICATE-POSITIVITY-IFF,VERIFIED,"For all natural m >= 1 and 0 <= d <= 2m, the cleared decision polynomial Q_{m,d}(t) of the stratified matching-incidence certificate (recursion eps_0 = 0, eps_{j+1} = (j+1)[(K+1-2j) + eps_j (t+j)] / [2(m-j)(t+K+1-j)], K = 2m-d, Q := eps_m (t+m) - (d-1)) has non-negative coefficients if and only if 3d <= 2m+2; its leading coefficient is m! 3^(m-1) (2m-3d+3).","Pure algebra of the certificate system; the unconstrained relaxation of certificate feasibility (the greedy dual has negative multipliers for d >= 7), so it does NOT by itself prove E993-R25-MATCHING-BRANCH-UNIFORM-SIGN; certificate existence still requires a dual-sign lemma. Critic-attributed (Cycle 2 critic C-U3-T), verified step by step by the U adjudicator.",see_certificate
E993-R25-CATALAN-GAP-MONOTONE-RATIO,VERIFIED,"Let Gamma(tau,k) = Cat_{k+1} - sum_{j=1}^{tau} C(tau,j) Cat_{k-j} with Cat_{k-j} := 0 for j > k (integer zero-extension convention of record). For all 1 <= tau <= k: Gamma(tau,k) Cat_{k+2} < Gamma(tau,k+1) Cat_{k+1} (the ratio Gamma(tau,k)/Cat_{k+1} is strictly increasing in k >= tau); positivity propagates from any base K >= tau; Gamma(tau,k) > 0 for all k >= K(tau) with K(1..7) = 0,2,3,4,6,12,70 (sufficiency half); and Gamma(tau,k) < 0 for all tau >= 8, k >= tau.","A theorem about Catalan integers, uniform in tau with explicit thresholds; NOT a graph theorem, NOT fixed-band, not uniform in d (d absent); never to be packaged as c(d) = min(d,5); no transfer to forests, covers, matchings, Delta_k, x(F), any tier, FOREST, TREE, TRANSFER or Erdos #993. Alias (not dependency): the tau = 4 positivity unfolds to frozen ENTRY 149 Erdos993G1.ThirdWide.catalan_gap_pos.",see_certificate
E993-R25-STRATUM-DEPTH-COROLLARY-F,VERIFIED,"For every d in {2,...,11}, every r with 2r-1 >= tau = d+1, and every forest F of order 2r+d with tau(F) = nu(F) = d+1: Delta_k(F) >= 0 at every k <= r-2, hence x(F) >= r-1.","Forests; the tau = nu = d+1 stratum; PARAMETERIZED OVER A FINITE d-RANGE d in {2,...,11}, never uniform in d. d <= 11 is a PROVED SHARP ceiling at k = r-2 (Cycle 5): the tau = 12 joint budget is strictly positive at all 37 live ranks r = 7..43 (critic-established C-F2-T, C-F2-U; F-adjudicator-verified) and tau = 13 fails at nine consecutive ranks (E993-R25-STRATUM-COROLLARY-F-D12-REFUTED). Two horizons ride on the sharpness and are on the face: (a) the degree cap — the sweep enumerates profiles with d_c <= 6 while the edge budget permits about 2r+11; stability attained at Dmax = 10, not proved; the provable cap is 2r-2k+2 (= 6 at k = r-2); (b) the r > 600 per-fiber tail carried on E993-R25-CATALAN-DOMINANCE-RANK-R-MINUS-2. x(F) < r is NOT a hypothesis; the finite-census half at d = 5, 6 is deleted (Cycle 4). Corrected Lean feasibility pricing (Cycle 5): 71 non-vacuous layer-1 cells, 195,189 sorted profiles at cap 6, worst cell 6,188; layer 2 1,185 at cap 8; largest kernel Nat 25 digits (C(85,42)) — NOT a responsible single-close Stage 7 contract; its arithmetic spine is the responsible sub-statement.",see_certificate
E993-R25-CATALAN-DOMINANCE-RANK-R-MINUS-2,VERIFIED,"On forests with vertex cover C, |C| = tau, the rank-(r-2) analogue of the registered rank-(r-1) Catalan-dominance criterion: Delta_{r-2}(F) >= 0 for all r >= R(tau) whenever (5/4)^tau - 1 < 16 (tau <= 12), with exact thresholds R(3..12) = 2,2,5,6,7,8,10,12,19,44 and upward closure in r; the empty fiber contributes exactly Cat_r at rank r-2.","Forests; tau <= 12; an extension of E993-GRAPH-VERTEX-COVER-DELTA-PARTITION and E993-BINOMIAL-DIFFERENCE-CATALAN-FLOOR to one rank lower, not a new object; tau = 13 never holds (scanned to r = 400).",see_certificate
E993-R25-FOURTH-BAND-CLOSE-R-LE-260,VERIFIED,"For every forest F with |V(F)| = 2r+5, x(F) < r and r <= 260: Delta_r(F) <= 0.","The d = 5 diagnostic band E993-C3-FOREST-FOURTH-WIDE-CROSSING-SIGN for r <= 260 (every forest of order <= 525); open for r >= 261 on exactly Lemma (L)'s three recorded tail repairs (a fourth singular family of D(b,m) at m = -1 located). Composed at the synthesis; grade is the weakest link.",see_certificate
E993-R25-MATCHING-CERTIFICATE-SOUNDNESS,VERIFIED,"If nonnegative rationals lambda_j (j = 0..m), mu_j (j = 0..m-1) make coef_b(j) >= 1 on every alive b_j and coef_a(j) <= 1 on every alive a_j (coef_b(j) = lambda_j (r+1-j) + j mu_{j-1}, coef_a(j) = lambda_j (r+j-K) + 2(m-j) mu_j, K = 2m-d), then Delta_r(G) <= 0 for every finite simple graph G of order 2r+d carrying a matching of size m.","Unconditional in (m,d,r); bare (no crossing, no acyclicity); needs the N/Z reconciliation (negative r+j-K occurs exactly where a_j = 0) made explicit by critic C-T2-F.",see_certificate
E993-R25-MATCHING-BOTTOM-RANK-UNIFORM-SIGN,VERIFIED,"For every d >= 3 and every finite simple graph G of order 3d carrying a matching of size m(d) = ceil(3d/2)-1: Delta_d(G) <= 0, by an explicit nonnegative rational certificate.","Rank r = d only; order 3d only; uniform in d with no horizon; bare; all finite simple graphs. UNCONDITIONAL since the Cycle 4 close (its sole registered conditionality, the generalised (m,d) incidence lemmas, is discharged: E993-R25-GENERALISED-MD-INCIDENCE). NOT the Tier 3a schema E993-R25-MATCHING-BRANCH-UNIFORM-SIGN; nothing at any rank other than r = d, nothing about d < r < K(d) or r >= K(d); no transfer to firstDescent/x(G), forests, residuals, G1 tuples, Tier 1, Tier 2, the diagnostic band, FOREST, TREE, TRANSFER or Erdos #993; no sharpness claim beyond the recorded comparator fact that m(d)-1 edges fail (fences lifted from the award run's INFORMAL-PROOF.md section 12, as the fidelity reviewer directs, because theorem-contract/v1 has no scope field). The terminal-margin literals 3/(d^2-4) (even d) and 1/(d-1) (odd d) are corroborated only under the reading 'relative slack on the binding a-row'; no definition of record for 'terminal margin' exists, so the literals are dropped from the statement and excluded from any award.",see_certificate
E993-R25-CLAMPED-DUAL-DOMINATION,VERIFIED,"For m >= 1, t >= 0, K = 2m-d, r = t+K >= m-1: every nonnegative feasible dual (lambda, mu) of the reduced C1/C2 system satisfies mu_j <= mu_j^g at every j (the clamped greedy chain dominates), so mu_j^g < 0 certifies infeasibility; a genuine clamp at j forces j > (2m+2)/3 and persists to j = m-1 with mu_{m-1}^g = 1/2; at m = ceil(3d/2)-1, m(t+m) > 2(d-1) for every d >= 1, t >= 0; the reduced system plus the closing inequality is exactly the full column system.","Algebraic dual side only; the existence of a fully nonnegative greedy dual is NOT established beyond bounded evidence (coefficientwise d <= 70 at every t; an index prefix t-uniformly at every d); the seat's Theorem 1 as stated is false outside 3d <= 2m+2 (counterexamples (1,4,2), (3,4,0)).",see_certificate
E993-R25-COVER-CELL-DRIFT-CRITERION,VERIFIED,"For a forest F with tau(F) = nu(F) = tau and |V(F)| = 2r+d, r > tau: Delta_{r-1}(F) < 0 iff drift_r(F) > (d - tau + 1)/2, where drift_r = N_r/D_r is the finite-rank weighted drift over the cover fibers; drift_r -> drift(F) = alpha(F)/2 - mu(F) as r -> infinity with the skeleton fixed, so the limiting threshold is (d - tau + 1)/2.","Hypothesis r > tau is load-bearing (|T| = r reachable when r <= tau); form II is E993-GRAPH-VERTEX-COVER-DELTA-PARTITION at k = r-1 verbatim, form I adds Pascal; not a Lean target.",see_certificate
E993-R25-DRIFT-CEILING,VERIFIED,"For every finite forest F with tau(F) = tau: lim_r drift_r(F) = drift(F) < lambda*(tau), the unique positive root of lambda 4^lambda = ((5/4)^tau - 1)/(2 e ln 2); lambda*(6) = 0.41827085570..., lambda*(7) = 0.50000257126957..., lambda*(8) = 0.58500851234...; lambda*(tau) > 1/2 iff (5/4)^tau - 1 > 2 e ln 2 iff tau >= 7.","A bound on the LIMITING drift, never a finite-rank bound (drift_r is undefined at r <= tau and exceeds drift by Theta(1/r)); closes no cell by itself; carries the Addendum A2 relation; strictness by C-F1-T's irrationality argument.",see_certificate
E993-R25-DRIFT-SUP-TAU-7,VERIFIED,sup{ drift(F) : F a finite forest with tau(F) = 7 } < 1/2.,tau = 7 only; strictly stronger than the ceiling at tau = 7 (where it is inconclusive by 2.57e-6); closes F1's knife edge.,see_certificate
E993-R25-DISJOINT-UNION-FIRST-DESCENT-LOWER-BOUND,VERIFIED,"For all finite simple graphs G, H: x(G u H) >= max(x(G), x(H)).","All finite simple graphs; two lines from I(G u H) = I(G) I(H) and nonnegativity of coefficients; NOT the fenced convolution closure (no closure property of a sequence class is assumed). Corollary: x(G u K1) >= x(G) (the T4 seat's form, on forests).",see_certificate
E993-R25-DRIFT-PADDING-INVARIANCE,VERIFIED,"drift(F) = alpha(F)/2 - mu(F), with alpha = deg I(F) and mu = I'(1)/I(1), is additive over disjoint union for every finite graph and drift(K1) = 0; hence drift(F u mK1) = drift(F) for every m.","Padding invariance ONLY: no near-miss, threshold or Delta_r-proximity claim (drift is provably not a near-miss statistic: forests with equal drift have opposite signs of Delta_r at the same order and rank).",see_certificate
E993-R25-SINGLE-HUB-NOT-UNIFORMLY-WORST,REFUTED,"The conjecture 'a single hub of degree tau is the worst skeleton at k = r-1' is false: at (tau,d,r) = (7,7,8) the exhaustive minimum of Delta_7 over every single-hub skeleton (any arity, any leaf partition, any isolated padding; 111 of 1,002 arity classes have tau = nu = 7) is +699 (arms (3,2,2,2,2,2,2)) while the cell minimum over all forests is -202; at (7,7,9) the single-hub minimum is -252 (arms (3,3,3,2,2,2,2)) while the cell minimum is -1035.","Refutes the uniform single-hub-worst statement at THREE exhaustive cells: (7,7,8), (7,7,9) and (7,7,10) (single-hub minimum -4,320 against the cell minimum -4,333; unconditional); no wording beyond three exhaustive cells.",see_certificate
E993-R25-MATCHING-ALL-INDEX-DUAL-POSITIVITY,VERIFIED,"For every m >= 1 and every d >= 0 with 3d <= 2m+2, the unclamped polynomials N_j(t) of the stratified matching-incidence certificate's greedy dual are coefficientwise nonnegative for every j <= m; consequently mu_j^g(t) >= 0 for every j = 0..m-1 and every real t >= 0, for the unclamped chain and, via clamp persistence, for the true clamped chain.","Pure algebra of the certificate system on the region 3d <= 2m+2; every j <= m; real t >= 0; no horizon. DISCLOSURE: an extension of the registered j = m reflection-pairing mechanism (E993-R25-MATCHING-CERTIFICATE-POSITIVITY-IFF), not a new mechanism. nu, tau and x(F) < r enter nowhere. Supersedes the 'dual existence is bounded evidence (d <= 70)' wording of the Cycle 4 gate ruling 5 for the nonnegativity half.",see_certificate
E993-R25-MATCHING-LARGE-RANK-SIGN,VERIFIED,"For every d >= 2 and every r >= K(d) = 2 m(d) - d (= 2d-2 for even d, 2d-1 for odd d), every finite simple graph G of order 2r+d carrying a matching of size at least m(d) = ceil(3d/2)-1 satisfies Delta_r(G) <= 0.","All finite simple graphs; bare (x(G) < r not assumed); an instantiation of the OPEN Tier 3a schema E993-R25-MATCHING-BRANCH-UNIFORM-SIGN, which STAYS OPEN (the band d < r < K(d) is not covered). Owned slices, not new: d = 2 (C2 fixed point), d = 4 (E993-C3-GRAPH-MATCHING5-THIRD-BAND-SIGN), d = 5 (E993-R25-FOURTH-BAND-SEVEN-EDGE-MATCHING-SIGN, formally verified); new content d = 3 and every d >= 6. m(d) cannot be lowered on comparators (d = 2..40); K(d) is NOT sharp (the comparator's sign turns d-1 ranks lower). No transfer to Tier 1, Tier 2, forests/G1 tuples, FOREST, TREE, TRANSFER or Erdos #993.",see_certificate
E993-R25-FOREST-DESCENT-ORDER-BOUND-SHARP,VERIFIED,For every finite forest G on n vertices and every integer k >= 1: Delta_k(G) < 0 implies n <= (k+1)^2 (a fortiori n <= k^2+3k).,"All finite forests including disconnected ones; every k >= 1; uniform, no horizon. Uses only e(G) <= n-1, the level-one Bonferroni bound and quadratic algebra; nu, tau, d, x(F) < r enter nowhere. Tight at k = 1 only (true maxima 4, 8, 11, 15 at k = 1..4): no tightness wording and no linear ceiling claimed. NOT a no-recovery statement (its contrapositive yields Delta_k >= 0, the opposite sign); no transfer to Tier 1, the K1-addition target, NR1, FOREST, TREE, TRANSFER or Erdos #993; never bundled with the x <= 4 closure. r27 Cycle 1 (2026-09-24): 4k ≤ (k+1)² with equality only at k = 1, so (LB) (E993-R27-FOREST-DESCENT-LINEAR-BOUND, formally_verified) is at least as strong at every k and strictly stronger for k ≠ 1, and covers k = 0 which this award's scope excludes. Both stay registered; this award's formal grade is untouched and its scope note's true maxima 4, 8, 11, 15 are reconfirmed. M(1..3) = 4, 8, 11 are unconditional in the sense of being capped by this award's formal ceilings with a complete census (E993-R27-FOREST-DESCENT-MAXIMA-CENSUS, after second read SR-EXX).",see_certificate
E993-R25-RECOVERY-LOGCONCAVITY-NECESSARY,VERIFIED,"For every finite graph F: if x(F) < r and Delta_r(F) > 0 then the independence sequence of F has a log-concavity failure at some rank k in (x(F), r].","Every finite graph (acyclicity enters at no step); NECESSARY, never sufficient (398 in-window failures exist in one spider family and none is a recovery; every in-window failure found in the multi-arm Kadrawi-Levit-type family sits at tau >= 21).",see_certificate
E993-R25-RANK-R-MINUS-2-HALL-INVARIANCE,VERIFIED,"PER-FIBER statement: at rank r-2 the per-fiber worst term at fiber size s is attained at rho_S in {2s+3, 2s+4} with value -Cat_{r-2-s}, clearing the Hall floor by s+3, so Hall-restricting the per-fiber domain leaves every per-fiber threshold R(tau) unchanged, uniformly in s and r.","Per-fiber only (the scope word is mandatory): it does NOT govern the joint cross-fiber budget, under which R_joint(tau) = 2 for tau = 3..11 (see E993-R25-STRATUM-DEPTH-COROLLARY-F).",see_certificate
E993-R25-PER-FIBER-BUDGET-UPWARD-CLOSURE,VERIFIED,"PF(tau,r,r-2)/Cat_r is strictly increasing in r for r >= tau+2 with limit 1 - ((5/4)^tau - 1)/16, so a finite exact check to max(R(tau), tau+2) proves upward closure of the per-fiber budget in r.",Per-fiber budget; tau = 3..13 computed.,see_certificate
E993-R25-CERTIFICATE-TAIL-ARGMAX-AND-BOX,VERIFIED,"For the cover-cell arithmetic certificate: [phi_t]^+ (phi_t(n) = W(n,t)(n-2t-c)) is unimodal with a non-increasing tail; its real maximiser is n* = 2t+c+1 exactly (the correction term is identically zero) and its integer argmax set is {2t+c+1, 2t+c+2}; a cap N on n_T is lossless iff 2t+c+1 <= N; and for singleton entries beyond any finite cap, g_t(S-1) >= g_t(S) whenever a_t <= S-1, which at entries >= 13 reads tau <= 10-c.","Holds at (6,6), (7,7), (7,8); consequence: the NCAP = 12 box of the Cycle 3 certificate (which caps the SINGLETON entries, not n_T) is lossless at every census cell, so its 37 (7,7) cells at r = 34..70 stand by argument rather than scan.",see_certificate
E993-R25-BD-TAIL-NEGATIVE,VERIFIED,"With D(b,m) = C(b,m+1) - 2C(b,m) + C(b,m-1) (zero-extended) and the RANGED Bd(r,r) = D(2r-1,r) + sum_{a=1}^{6} C(6,a) max(0, max_{0 <= b <= 2r-1-a} D(b,r-a)): Bd(r,r) < 0 for every integer r >= 6 (and Bd(r,r) >= 0 exactly at r in {2,3,4,5}).","Binomial integers; no graph content; threshold sharp; the range b <= 2r-1-a (Konig/Hall) is load-bearing (the unranged object is >= 0 on r in [2,33]). Finite residue after the critics' strengthening: r in [6,49]; no registered predecessor in its DAG. ADDENDUM (2026-09-22): the r >= 6 half is formally verified (B-LA1); with the corrected ledger (SR-S2) the band E993-R25-FOURTH-BAND-CLOSE-ALL-R now has THREE formally verified inputs of eight (3, 6, 7), grade unchanged proved_informal. ERRATUM A1-E-c: the r25 synthesis S-U-1 sentence 'M_a(r) <= Cat_(r-1-a) has 19 failures at r <= 14' does not reproduce — 14 failures over r in [1,14], a in [1,6] (13 inside the layer) by the lane-B informal auditor's count across nine enumeration conventions; the mathematical point (the layer is a separate case and necessarily so: node 10 fails at a in {5,6} there and Gamma(6,r-1) < 0 for r = 6..12) stands.",see_certificate
E993-R25-GENERALISED-MD-INCIDENCE,VERIFIED,"For a finite simple graph of order 2r+d with a fixed matching on 2m vertices (K = 2m-d) and strata a_j, b_j of independent r- and (r+1)-sets meeting the matching's vertex set in j vertices: (r+1-j) b_j <= (r+j-K) a_j (outside incidence) and (j+1) b_{j+1} <= 2(m-j) a_j (inside incidence), with the partition over j <= m, three emptiness facts, N and Z forms and the re-centring at j <= K+1.","d <= 2m; j <= K+1 on the re-centring. The informal half is a RE-DERIVATION of material inside E993-R25-MATCHING-CERTIFICATE-SOUNDNESS's proof; the Lean half (12 new declarations, namespace Erdos993G1.UniformMatching) is new and kernel-clean with the permitted axioms.",see_certificate
E993-R25-FOREST-DELTA2-POS-ORDER-9,VERIFIED,0 < Delta_2(F) for every finite forest F of order >= 9; the threshold is sharp (P_8 has Delta_2 = -1).,Forests; rank 2 only. ADJACENCY ON ITS FACE: the general-graph analogue E993-GRAPH-COVER3-STRICT-PRE-R-INCREASE is REFUTED (order-9 plateau witness containing a cycle); that refutation does not touch the forest lemma — acyclicity is load-bearing.,see_certificate
E993-R25-CLAMPED-GREEDY-OPTIMALITY,VERIFIED,"In the reduced C1/C2 column system of the matching certificate, the clamped-greedy chain maximises mu_j pointwise among nonnegative feasible partial assignments; hence the certificate system at (d,r) is feasible if and only if clamped-greedy is.","The reduced C1/C2 column system; turns the small-rank band sweep (d in [3,300], r in [d, K(d)-1], 44,700 cells) from a witness search into a decision procedure — still bounded computation.",see_certificate
E993-R25-ALIVE-WINDOW,VERIFIED,"For a graph of order 2r+d with a fixed matching of m edges and K = 2m-d: a_j != 0 implies j in [max(0,K-r), min(m,r)] and b_j != 0 implies j in [max(0,K-r+1), min(m,r+1)].",Elementary; unconditional in d; fixes the small-rank band's upper endpoint at K(d)-1 (the lower endpoint r = d is C-T2-F's cardinality/award account).,see_certificate
E993-R25-NR1-DECOMPOSITION,VERIFIED,NR1 (Delta_{x(F)+1}(F) <= 0 for forests) is the union of the registered VERIFIED E993-INDEPENDENCE-POSITIVE-DELTA-SIZE on orders <= 2x+3 with the single rank r = x(F)+1 of Tier 1 on orders >= 2x+4; hence Tier 1 implies NR1 implies x(G + K1) <= x(G)+1.,A reduction in honest conditional form; the two bands are complementary; prices the T-C4-04 residue at exactly one rank of Tier 1.,see_certificate
E993-R25-KADDITION-CLOSURE-X-LE-4,VERIFIED,x(G + K1) <= x(G)+1 for every finite forest G with x(G) <= 4 (no order bound in the hypothesis).,"Fixed-rank, named as such: x(G + K1) <= x(G)+1 for every finite forest G with x(G) <= 4, no order bound in the hypothesis. CONDITIONAL -> VERIFIED at the Cycle 5 close: both former dependencies addressed — Hunter's spanning-tree inequality PROVED in-run (E993-R25-HUNTER-SPANNING-TREE-INEQUALITY) and the un-replayed finite scan replaced by E993-R25-SECOND-ORDER-TWO-SIDED-CEILING, whose parameter space is proved complete (Delta_4 < 0 implies |V| <= 19 < 21). Remaining input named on its face: the order-<= 21 in-run forest census (8,355,831 classes; established in Cycle 4, replayed byte-identically by both Cycle 4 critics; not re-run in Cycle 5). Smallest open rank x = 5, residue orders 22-29 (about 1.9e10 classes). r27 Cycle 1 (2026-09-24): extended to x ≤ 5 by E993-R27-KADDITION-CLOSURE-X-LE-5 at proved_informal-with-census; the census input is named on the new claim's face, and no formal grade from (LB)/(R5) promotes either claim. The clause 'Smallest open rank x = 5, residue orders 22–29' is closed: under (R5) every forest with x = 5 has order ≤ 20. Rank 0 of this claim's own statement is discharged directly (Δ_0 = n − 1 < 0 iff n = 0; ∅ ⊔ K_1 = K_1 with x = 1), so it needs no census artifact; closure_certificate.json's rank-0 entry is corroboration.",see_certificate
E993-R25-FOURTH-BAND-CLOSE-ALL-R,VERIFIED,For every finite forest F and natural r >= 1: |V(F)| = 2r+5 and x(F) < r imply Delta_r(F) <= 0.,"FIXED-BAND d = 5 (the diagnostic band E993-C3-FOREST-FOURTH-WIDE-CROSSING-SIGN), every r; x(F) < r load-bearing. Composed at the Cycle 4 synthesis from eight inputs; graded at the weakest link. NO INPUT IS CARRIED WITHOUT A DERIVATION (SR-S2, addendum lane C): the two links carried in Cycle 4 were derived in Cycle 5 — the cover-fiber/Hall carry step (seat F3; C-F3-T, C-F3-U; F adjudicator), now formally verified as E993-R25-BAND-CARRY-STEP-HALL (C6-LA2); and the general half of c(5) = 5, derived from E993-R25-BAND-CARRY-STEP-HALL and E993-R25-BINOMIAL-DIFFERENCE-CATALAN-CEILING and still proved_informal. Supersedes E993-R25-FOURTH-BAND-CLOSE-R-LE-260 (kept as the historical record). Consequence stated exactly and no further: Tier 1's remaining region is the excesses d >= 6. Not awarded as a composition: THREE of its eight inputs are formally verified at the addendum close (the matching half C1-LA1; the carry step C6-LA2; the arithmetic tail B-LA1, addendum lane B) — a count of formal inputs is not a grade; the grade is proved_informal at the weakest link.",see_certificate
E993-R25-MATCHING-DUAL-SCALAR-CORE,VERIFIED,"For all natural m, K with K <= 2m and 3(2m-K) <= 2m+2, and every hard index n (K+1 < 2n, n <= m): descFactorial(n, s) >= 2^s * descFactorial(m+n-K-1, s) with s = 2n-K-1 (inequality (P) at every hard index, both parities of K); together with the discriminant factorisation 9d^2 + 12(m+1)d - 12(m+1)^2 = 3(3d - 2(m+1))(d + 2(m+1)) for d = 2m-K, the two-sided characterisation (the discriminant is <= 0 iff 3d <= 2m+2, for m, d >= 0), and step (S): (n+1)(K+1-n) >= 4(m+n-K)(m-n) on the region.","Pure arithmetic of the stratified matching-incidence certificate's greedy dual; uniform in (m,d) on the region and in the index; no horizon; m and d are numerals; no SimpleGraph, Delta_k or indepCount occurs; nu, tau and x(F) < r enter nowhere. EXCLUDED: it is the SCALAR core and does NOT raise E993-R25-MATCHING-ALL-INDEX-DUAL-POSITIVITY (whose object is coefficientwise-in-t nonnegativity of N_j); not the large-rank theorem; not the Tier 3a schema; no statement about any graph, forest, G1 tuple, tier, FOREST, TREE, TRANSFER or Erdos #993; no sharpness claim; no certificate-existence claim for any graph.",see_certificate
E993-R25-G1-RESIDUAL-D5-SLICE,VERIFIED,"Every exact ordinary G1 tuple (T,v,s,g,p) satisfying the ten guards, with U = T - (N_T[v] u N_T[g]) in the original closed neighbourhoods and residual order |U| = 2p+1 (residual excess d' = 5), satisfies Delta_{p-2}(U) <= 0.","FIXED-SLICE d' = 5 only; registered by the equation |U| = 2p+1. Finiteness of U comes from guard 9 (not guard 1); p >= 3 comes from guard 10 alone; guard 10 is exactly the band hypothesis x(U) < p-2 and is load-bearing (3,206 of 264,648 guard-1-to-9 tuples with |U| = 2p+1 have Delta_{p-2}(U) > 0); guards 2-8 inert. The slice is EMPTY for p-2 <= 4 as a theorem and settled exhaustively at p-2 = 5 without the band, so the informal band E993-R25-FOURTH-BAND-CLOSE-ALL-R is load-bearing only at p-2 >= 6. No part of the grade may be sourced to E993-R25-FOURTH-BAND-SEVEN-EDGE-MATCHING-SIGN alone. With the registered d' = 2 and d' = 4 slices and E993-R25-G1-RESIDUAL-D3-SLICE, the Tier 2 residue is every d' >= 6 plus the single cell p = 6 at d' = 3. E993-G1WIDE-NO-SIZE-CAP stays OPEN (uniform in |U|; nothing bounds d' above); no status transfer to any tier.",see_certificate
E993-R25-BAND-CARRY-STEP-HALL,VERIFIED,"For every finite simple graph F of order 2r+5 with a vertex cover C, |C| = 6, and nu(F) = 6: Delta_k(F) - Delta_{k-1}(F) <= Bd(r,k) for every integer k, with Bd the RANGED object Bd(r,k) = D(2r-1,k) + sum_{a=1}^{6} C(6,a) max(0, max_{0 <= b <= 2r-1-a} D(b,k-a)).","nu enters once (the numeric equality producing the C -> B bijection); tau = 6 fixes C(6,a) and |B| = 2r-1; d = 5 enters only through the order; x(F) < r enters nowhere; acyclicity enters nowhere; nu = tau is proved load-bearing by an explicit nu < tau control. No horizon. The graph-theoretic carry step of the d = 5 band's closure, now DERIVED (it was carried from the Cycle 3 record in Cycle 4).",see_certificate
E993-R25-BINOMIAL-DIFFERENCE-CATALAN-CEILING,VERIFIED,"With E(n,k) = C(n,k+1) - C(n,k) (zero-extended): for every k >= 0 and every n >= 2k+2, E(n,k) >= Cat_{k+1}, with equality exactly at n = 2k+2, and E(.,k) strictly increasing on n >= 2k+2.","Binomial/Catalan integers; no graph content. (The return's 'increment > 0 for n >= 2k-1' is wrong: exactly 0 at n = 2k-1; strictness begins at n = 2k.) Reduces the exceptional cells of c(5) = 5's general half from eight (three at tau = 4, five at tau = 5) to the five tau = 5 cells by algebra.",see_certificate
E993-R25-G1-RESIDUAL-D3-SLICE,VERIFIED,"Every exact ordinary G1 tuple satisfying the ten guards with residual order |U| = 2p-1 (residual excess d' = 3) satisfies Delta_{p-2}(U) <= 0, for every p >= 3.","FIXED-SLICE d' = 3 only. Theorem-grade at every p except p = 6, where it is bounded computation inherited from the matching band's live cell (d,r) = (3,4). Forest-restricted and LITERATURE-FREE: U is a forest; at d = 3 the window is empty (c(3) = 3, m(3) = 4), so tau(U) <= 3 (the registered VERIFIED E993-R25-COVER-THRESHOLD-MIN-D-5-FOREST at d = 3, strict and uniform) and tau(U) >= 4 (the run's own matching branch at nu >= m(3) = 4) are exhaustive — the Basit-Galvin (2021) Theorem 3 dependency is DISCHARGED for this slice at every rank; the graph-general E993-GRAPH-SECOND-WIDE-CROSSING-SIGN still carries it and any citation of it must. Guard 10 is x(U) < p-2 verbatim. No transfer to Tier 2.",see_certificate
E993-R25-HUNTER-SPANNING-TREE-INEQUALITY,VERIFIED,"For finite sets A_1..A_m and any spanning tree T on the index set: |union A_i| <= sum |A_i| - sum_{(i,j) in T} |A_i n A_j|.","General set systems; no graph, no horizon; no source vendored — proved in-run. r27 Cycle 1 (2026-09-24): the x ≤ 5 closure route does not use it; the claim is unchanged and its r25 role is untouched.",see_certificate
E993-R25-SECOND-ORDER-TWO-SIDED-CEILING,VERIFIED,"For every finite forest G: Delta_4(G) < 0 implies |V(G)| <= 19, and Delta_5(G) < 0 implies |V(G)| <= 29.","FIXED-RANK (k = 4, 5), named as such; the (e, c_e, degree multiset) parameter space is PROVED complete (a proved superset); the tail is supplied by the formally verified (k+1)^2 award. NOT a no-recovery statement. Composed with the order-<= 21 in-run census this closes rank x = 4 of the K1-addition target and narrows x = 5 to orders 22-29. r27 Cycle 1 (2026-09-24): (LB) (E993-R27-FOREST-DESCENT-LINEAR-BOUND, formally_verified) gives Δ_4 < 0 ⇒ n ≤ 16 and Δ_5 < 0 ⇒ n ≤ 20, strictly stronger at both ranks. This claim is unchanged; no grade moves. The narrative clause 'narrows x = 5 to orders 22–29' is superseded: under (R5) that band is empty. The Δ_4 < 0 ⇒ n ≤ 19 clause remains the load-bearing half of the registered x ≤ 4 closure.",see_certificate
E993-R25-FOREST-ORDER-BOUND-SHARPENED,VERIFIED,For every finite forest G and every k >= 2: Delta_k(G) < 0 implies |V(G)| <= k^2 + k + 3 (with N*(1) = 4).,"Forests; uniform in k >= 2 (N*(1) = 4). Strictly sharper than the formally verified (k+1)^2 by exactly k-2 for k >= 3; never a weaker sibling and never 'improving the award'. The formerly named-open step — the argmin at e = n-1, c_e = 1 minimising H(n,k,e,min(e,n-e)) — was PROVED unconditionally in Cycle 6 by seat T2 (closed form W(e+1) - W(e) = -(1+delta) C(n-4,k-2) - C(n-4,k-1), delta >= -1, n >= 4 tight) and kernel-checked (formally_verified for award C6-LA6: ErdosR25T2.candidateD_argmin, an INTEGER statement about zero-extended binomials with no graph token; the c_e = 1 bridge critic-attributed to C-T2-F); this is a SCOPE UPDATE, explicitly NOT a grade change of this claim — the full graph theorem's assembly (N12; binding node N3, the maximum-weight auxiliary spanning tree over the line graph; the tree-ordering bridge of Hunter's inequality; an explicit e = 0 node) is unformalised. Hunter's inequality is Cycle 5 seat T3's (E993-R25-HUNTER-SPANNING-TREE-INEQUALITY), not T1's. Seat T2's section 5 states the two boundary-order sign tests INVERTED and is struck (control/C6-CONTROLLER-ADDENDUM-T2-S5.md); the true facts: H - C < 0 at n = k^2+k+3 and > 0 at n = k^2+k+4 for every k >= 2 tested. r27 Cycle 1 (2026-09-24): k²+k+3 − 4k = k²−3k+3 > 0 for every k, so (LB) (E993-R27-FOREST-DESCENT-LINEAR-BOUND) strictly dominates at every k ≥ 2. This claim is unchanged.",see_certificate
E993-R25-MA-CATALAN-COMPARISON,VERIFIED,"M_a(r) := max_{0 <= b <= 2r-1-a} D(b, r-a) satisfies M_a(r) <= Cat_{r-1-a} for a = 1..6 and every r >= 15, with no computational residue; r >= 15 is sharp (M_6(14) = 3230 > Cat_7 = 429).","Binomial/Catalan integers; fixed-band d = 5 through the range 2r-1; uniform in r; never uniform in d. With Cat_r - sum_{a=1}^{6} C(6,a) Cat_{r-1-a} = Gamma(6,r-1) and the formally verified Gamma(6,k) > 0 for k >= 12, the Bd tail becomes a corollary of a registered formal award for r >= 15.",see_certificate
E993-R25-D-ROW-STEP-SIGN-LAW,VERIFIED,"With h(g) = D(2m-g, m): m(2m-g)(h(g+1) - h(g)) = C(2m-g, m-1)(2m - g^2 + g) for 0 <= g < m, hence sign(h(g+1) - h(g)) = sign(2m - g^2 + g) with no hypothesis on N(g); and the integral peak bracket N(g_c) <= 4 g_c - 5 at the argmax g_c.","Arithmetic of the integer function g -> D(2m-g, m). The name must not be read as unimodality of any independence sequence: proved from a sign identity, importing no shape premise on any i_k. No horizon. The seat's drafted Lean contract D_unimodal_peak (bracket g_c^2 - g_c < 2m+2) is a FALSE proposition (true at 28 of 399 values) and must never be dispatched.",see_certificate
E993-R25-FOREST-DELTA3-THRESHOLD-ORDER-12,VERIFIED,"Delta_3(F) > 0 for every finite forest F of order >= 12; sharp at 11, where P_11 is the unique minimiser (Delta_3 = -14).","FIXED-RANK (k = 3), uniform in order, no horizon; nu, tau enter nowhere; acyclicity at exactly two points; x(F) < r never assumed (x >= 4 is a corollary). Registered as the FIRST PROOF of an in-run recorded statement (the threshold was recorded in Cycle 4), NOT as a new statement and NEVER as a sharpening of E993-R25-FOREST-DESCENT-ORDER-BOUND-SHARP. The excess reading is a translation of a fixed-rank fact, not a d-band result. Proof: the pendant-vertex identity Delta_k(F) = Delta_k(F-v) + Delta_{k-1}(F-v-u) for a leaf v with neighbour u, an induction (Lemma D2's edgeless-forest case repaired), and exhaustive bases; the order-12 base is unnecessary (an exhaustive base at order 8, 76 classes, suffices with Lemma D1).",see_certificate
E993-R25-CARD5-JOINT-BUDGET-CELLS,VERIFIED,"For every finite forest of order 15 with tau <= 5: Delta_4 >= +21 > 0; of order 17 with tau <= 5: Delta_5 >= +42 > 0; and by the same argument all five registered tau = 5 cells close with +9, +5, +9, +21, +42 at orders 9, 11, 13, 15, 17. Operative form: the affine certificate f(d) >= 42 - 14d on the cross-degree profile, exactly tight at both chartered cells.","FIXED-CELL (one (r,k,order) triple each), not uniform in d; tau <= 5 load-bearing and cover-essential at orders 15 and 17 only; the constraint sum crossdeg <= order - 1 is LOAD-BEARING (removing it degenerates the refinement exactly to the size-only bound -18/-14); the unstated padding lemma (tau <= 5 implies a card-5 cover exists) is required. Carries the ballot identity: the size-only card-5 bound at the top-rank cell IS Gamma(5,k) identically, so K(5) = 6 and 'size-only closes from order 19 up' are one fact and the small-rank list is exactly k in {1..5}. A second, non-census derivation of instances of the registered VERIFIED E993-R25-COVER-THRESHOLD-MIN-D-5-FOREST, whose status it does NOT change. True cell minima by exhaustive census: +56 (order 15), +43 (order 17).",see_certificate
E993-R25-PENDANT-CAP-TAU-7,VERIFIED,"The minimum of Delta_{r-1} over the padding simplex of any connector-only (7,7,r) skeleton is attained at some pendant vector p with sum p <= 45, uniformly in r.","The (7,7,r) cells, ALL 1,082 skeleton classes (128 connector-only + 954 cover-edge; F[C] = empty is used nowhere), uniformly in r. Criterion of record: a Pascal term is <= 0 exactly when n_S <= 2(r-1-t) - 1 (equivalently |B n N(S)| >= 2|S|+3), NOT n_S <= 2(r-1-t) - 2 (sufficient only); through the same termination argument the constant of record is Sum p <= 40 = max_t (2t+2)(8-t), NOT 45 (both critics C-T4-F and C-T4-U independently; T adjudicator verified the arithmetic; both constants are attained by cell-valid configurations, so 40 is the method's exact ceiling). The order-derived padding box 0 <= Sum p <= 2r-K already makes the cap vacuous at r = 15; it binds only at large r. A load-bearing step supplied by C-T4-U: the greedy move stays inside the cell (p_{c*} >= 6 keeps the SDR, so nu = tau = 7 survives). The Cycle 5 attribution (C-T2-U) is not reopened. No 'extremality at tau = 7' reading.",see_certificate
E993-R25-THIN-TREE-LOGCONCAVE-TAU-LE-9,VERIFIED,No thin tree (skeleton on <= 2 tau - 1 vertices plus at most one pendant leaf per cover vertex) with cover number tau <= 9 has a log-concavity failure at any rank; a fortiori none has an in-window failure and none recovers.,"Unconditional, no horizon: the band of orders 2 tau .. 3 tau - 1 is forced, so the case analysis is complete (orders <= 25 by the registered census; the remainder by exhaustive sweep).",see_certificate
E993-R25-THIN-TREE-LOGCONCAVE-TAU-LE-10,CONDITIONAL,No thin tree with cover number tau <= 10 has a log-concavity failure at any rank.,"CONDITIONAL on the registered order-<= 25 census (E993-UNIV-TREE-TRS2, smallest_witness_order 26), which must travel on its face; the sweep above order 25 is exhaustive (729,303 classes at tau = 10, reproduced by both critics).",see_certificate
E993-R25-THIN-TREE-TOP-ORDER-CLASSIFICATION,VERIFIED,"For every tau >= 2, the thin trees of cover number exactly tau and order exactly 3 tau - 1 are exactly the once-subdivided free trees on tau vertices with one pendant leaf per original vertex; the correspondence is a bijection of isomorphism classes, so there are exactly t(tau) of them.","Unconditional, structural, no horizon (reproduces the seat's top-order row 6, 11, 23, 47, 106 and predicts 235 / 551 / 1301; 235 confirmed at tau = 11 by both critics).",see_certificate
E993-R25-THIN-FOREST-NO-RECOVERY-TAU-LE-10,VERIFIED,"Every forest all of whose components are thin trees with cover number tau <= 10 is log-concave at every rank, hence has no recovery at any rank.",Rests on the two VERIFIED TRS2 claims (log-concavity is closed under convolution) and inherits E993-R25-THIN-TREE-LOGCONCAVE-TAU-LE-10's conditionality on the order-<= 25 census.,see_certificate
E993-R25-STRATUM-COROLLARY-F-D12-REFUTED,REFUTED,"The extension of E993-R25-STRATUM-DEPTH-COROLLARY-F beyond d <= 11 to d = 12 (tau = nu = 13) is FALSE at k = r-2 for every r in {20,...,28}, with explicit witness forests at every one of those nine ranks (e.g. r = 25: order 62, uniform cover-degree 4, Delta_23 = -192,621,735,920; r = 20: order 52, Delta_18 = -442,663,386); on the witnesses x(F) = r-2, so the conclusion x(F) >= r-1 also fails; neither recovers.","Witness-backed refutation of an EXTENSION beyond a registered scope; the registered claim (d in {2,...,11}) is untouched and not impeached. The k = r-2 qualifier is mandatory. NO Tier 1 contact: the witnesses are unimodal and log-concave with Delta_r < 0. The failure widens with d (negative band r = 21..261 at tau = 14; open past r = 400 at tau = 15..20); the onset threshold is r >= (tau(D-1)+2)/2. r = 19 at tau = 13 stays OPEN (>= +89,857,131 under two controlled null searches; exhaustive over the single-hub family: +405,520,555).",see_certificate
E993-R25-MATCHING-ALL-INDEX-COEFFICIENTWISE-NONNEG,VERIFIED,"For all naturals m, K, d with K + d = 2m and 3d <= 2m+2, the certificate-dual polynomial N_j(t) is coefficientwise nonnegative for EVERY j <= m (clause (a) of E993-R25-MATCHING-ALL-INDEX-DUAL-POSITIVITY).","Uniform in d, m and j; no horizon; no graph object; nu, tau, x(F) < r nowhere; the region 3d <= 2m+2 is exactly sharp (off-region witness (m,d) = (1,2): N_1 = -t-1). Substitution t = r - K. EXCLUDED: clause (b) of the parent claim (mu_j^g(t) >= 0, denominator positivity, clamp persistence) is formalised nowhere, so the parent stays proved_informal and 'the coefficientwise positivity lemma is formal' must never be shortened to 'the all-index dual positivity claim is formal'; the j = m instance IS the sufficiency half of E993-R25-MATCHING-CERTIFICATE-POSITIVITY-IFF (Q_{m,d} = m! N_m; two registry keys); the converse half is not formalised; bears not at all on E993-R25-MATCHING-BRANCH-UNIFORM-SIGN (OPEN).",see_certificate
E993-R25-BD-INTERIOR-PEAK-CATALAN-BOUND,VERIFIED,"For all naturals m, g with 7 <= m, g <= m, 2m <= g^2 - g and (g-1)^2 - (g-1) < 2m: D(2m-g, m) <= Cat_{m-1}, with D(b,m) = C(b,m+1) - 2C(b,m) + C(b,m-1) over the integers, zero-extended.","Parameterized in m with the explicit threshold 7 <= m (load-bearing: fails below); the maximiser is supplied as a WITNESS of the two bracket inequalities and never asserted to exist (exactly one witness g per m). Fixed-band d = 5 arithmetic ingredient; no graph content; 'the step-sign law and interior peak bound', never 'the band's tail'; raises neither E993-R25-BD-TAIL-NEGATIVE nor E993-R25-FOURTH-BAND-CLOSE-ALL-R.",see_certificate
E993-R25-CARD5-COVER-CATALAN-BOUND,VERIFIED,"For every finite simple graph F on n+5 vertices with a vertex cover C of card 5 and every natural k: C(n,k+1) - C(n,k) - 5 Cat_{k-1} - 10 Cat_{k-2} - 10 Cat_{k-3} - 5 Cat_{k-4} - Cat_{k-5} <= Delta_k(F) (each Catalan term present only when its index is >= 0), together with the six-term telescoping identity for Gamma(5,k).","Parameterized in (n,k); unconditional (no floor hypothesis); the card-5 analogue of frozen ENTRY 179 (card 4), consuming the renamed cover_rank_bound_five (the frozen ENTRY 170 collision resolved). EXCLUDED: Gamma(5,k) > 0 for k >= 6 (catalan_gap5_pos) is an instance of the formally verified E993-R25-CATALAN-GAP-MONOTONE-RATIO at tau = 5 and is NOT registered as new; not c(d) = min(d,5); not a tier statement.",see_certificate
E993-R25-RANK5-CEILING-SHARPENED-TO-25,VERIFIED,For every finite forest F: Delta_5(F) < 0 implies |V(F)| <= 25; equivalently every finite forest on >= 26 vertices has Delta_5(F) >= 0.,"FIXED-RANK k = 5. An ORDER BOUND (contrapositive Delta_5 >= 0), never a no-recovery statement, never bundled with the x <= 4 closure. Composition on its face: orders 26-29 proved in-run over a proved-complete (e, c_e, degree multiset) superset including disconnected forests, every (e, c_e) != (n-1, 1) and the edgeless case; n >= 30 composed with the registered rank-5 ceiling 29 (whose tail is the formal (k+1)^2 = 36 for n >= 37 plus the second-order certificate for 30 <= n <= 36). STRUCTURAL REPAIR (second read): the chain 36 -> 33 -> 29 -> 25 is a numerically decreasing sequence, not a derivation chain — k^2+k+3 = 33 is NOT on the derivation path of 25. Named dependencies: the classical second- and third-order Bonferroni inequalities; E993-R25-HUNTER-SPANNING-TREE-INEQUALITY (proved_informal, Cycle 5 seat T3); the AM-GM substitution; kappa(n,k) >= 0. Residue for x = 5 on orders 22-25: forests with at least THREE branch vertices (E993-R25-RANK5-TWO-BRANCH-EXACTNESS-ORDERS-22-29). r27 Cycle 1 (2026-09-24): under (R5) (E993-R27-RANK5-CEILING-20, formally_verified) the stated residue for x = 5 on orders 22–25 with ≥ 3 branch vertices is EMPTY; the branch-vertex condition is inert (the order band alone suffices). The claim's own statement and VERIFIED grade are unchanged; the residue note is a downstream consequence at the grade of (R5) and does not promote to this face.",see_certificate
E993-R25-FOREST-THIRD-ORDER-BONFERRONI-BOUND,VERIFIED,"Theorem D: the third-order Bonferroni bound on the number of independent k-sets of a triangle-free graph in terms of (n, e, c_e, degree multiset), with the AM-GM substitution and kappa(n,k) >= 0 (sole exception (5,4)).","Holds for EVERY triangle-free graph — acyclicity is used only through triangle-freeness (C-T3-U), which is why the chartered lever under-delivers; alone it is WEAKER than the second-order certificate at every relevant order (loose on near-star profiles) and is useful only in the joint Pareto combination.",see_certificate
E993-R25-RANK5-TWO-BRANCH-EXACTNESS-ORDERS-22-29,VERIFIED,Every finite forest of order 22-29 with at most two branch vertices (vertices of degree >= 3) has Delta_5 >= 0.,"Bounded computation, COMPLETE on the named finite class: 20,108,361 isomorphism classes / 19,955,812 Delta_5 evaluations, zero violations, with a positive-detection control and an AHU completeness control; the two-hub tree sub-family at orders 22-25 is 227,966 classes (58,648 / 86,660 / 126,677 / 183,325 structures per C-T3-F's count). SUPERSEDES any spider candidate (the seat's spider enumeration covers connected spanning trees only, 15,650 distinct classes, its '10,738' struck). Consequence: the x = 5 residue of the K1-addition target is exactly the forests of order 22-25 with at least three branch vertices. r27 Cycle 1 (2026-09-24): stands as a standalone theorem at its own statement and VERIFIED grade. Its role as an INPUT to the K1-addition closure is superseded by the (R5) route (E993-R27-RANK5-CEILING-20, formally_verified), which needs no branch-vertex analysis; the consequence stated on this face — 'the x = 5 residue of the K1-addition target is exactly the forests of order 22–25 with at least three branch vertices' — is EMPTY under (R5). Neither the theorem nor its grade moves.",see_certificate
E993-R25-THIN-TREE-LOGCONCAVE-TAU-LE-11,CONDITIONAL,No thin tree with cover number tau <= 11 has a log-concavity failure at any rank.,"Thin = at most one pendant leaf per cover vertex; order in [2tau, 3tau-1] exactly (order 33 = 3tau is outside the band). CONDITIONAL on the registered order-<= 25 census (E993-UNIV-TREE-TRS2, orders 22-25 at tau = 11) and on Cycle 5 critic C-F4-T's orders 27-32 (unreplicated in Cycle 6); order 26 is Cycle 6's exhaustive sweep (336,219 skeletons, 10,601,172 attachment instances, 1,178,732 distinct thin classes, zero failures), reproduced to the unit orbit-free by both F1 critics; orders 32 (235 classes) and 35 at tau = 12 (551) closed by C-F1-U. Successor of E993-R25-THIN-TREE-LOGCONCAVE-TAU-LE-10.",see_certificate
E993-R25-THIN-FOREST-NO-RECOVERY-TAU-LE-11,VERIFIED,Every forest all of whose components are thin trees with tau <= 11 is log-concave at every rank and has no recovery at any rank.,"Via E993-TRS2-IFF-ALC and E993-TRS2-CONVOLUTION-CLOSURE with the POSITIVE-INTERVAL-SUPPORT hypothesis and E993-TRANSFER-TO-FOREST's per-component discipline on its face; inherits E993-R25-THIN-TREE-LOGCONCAVE-TAU-LE-11's conditionality. Successor of E993-R25-THIN-FOREST-NO-RECOVERY-TAU-LE-10; NOT a scope note on E993-R25-RECOVERY-LOGCONCAVITY-NECESSARY. The in-window question at tau = 12 stays open at exactly h in {6,7,8} of order 26 (764,513 skeletons; the two known tau = 12 log-concavity failures T(3,4,4) (h = 3, rank 13, -378) and W2 (h = 4, rank 13, -68) are out of window; padding either with isolated vertices to m <= 3000, K2 blocks or each other yields no in-window failure); the standing in-window minimum tau = 21 is unchanged.",see_certificate
E993-R25-SINGLE-HUB-HALL-EQUIVALENCE,VERIFIED,"For a single-hub structure whose hub touches every cover vertex, Hall-admissibility of the leaf profile holds if and only if at most one cover vertex has zero private leaves.","Necessary AND sufficient (Hall + the Koenig-Ore deficiency half); the hypothesis that the hub touches all of C is load-bearing; verified exhaustively over all 80,321 profiles at r = 19, tau = 13 (0 mismatches), superseding the seat's 4,000 random trials. The single-hub sub-family of the (r = 19, tau = 13) cell is positive at EVERY k <= 17 (12,199 admissible profiles, minimum +405,520,555), and the (3,4^12) profile is label-feasible exactly at r = 20; the cell itself stays OPEN (no proof, no witness; the hyperforest floor +89,857,131 is an attained value, not a proved floor).",see_certificate
E993-R25-SURPLUS-COVER-EDGE-BUDGET,VERIFIED,On the tau = nu stratum with cover C: the hub surplus sigma and the number e_C of cover-internal edges satisfy sigma + e_C <= tau - 1.,Structural; turns the seat's assumed e_C = 0 into a budget fact (cover edges and hub surplus draw on one budget).,see_certificate
E993-R25-STRATUM-DEGREE-LE-3-POSITIVE,VERIFIED,On the tau = nu stratum in the uniform single-hub family with cover degree D <= 3: Delta_{r-2} > 0 at every feasible r.,"Exact sign decomposition at k = r-2, term by term (not a scan). The asymptotic criterion G(tau,D) = 2 + (1/2)[(3-D) tau q (1+q)^(tau-1) + (1+q)^tau - 1], q = 2^(1-D), predicting that the tau = 15..20 bands at D = 4 never close (G(tau,4) < 0) and explaining the late tau = 14 closure (G(14,4) = +0.055), is a DERIVATION, not a theorem (its Gaussian-ratio limit step carries no error bound).",see_certificate
E993-R25-STRATUM-BAND-TAU-D-FACTS,VERIFIED,"Negative bands of Delta_{r-2} on the uniform single-hub family indexed by (tau, D): tau = 13, D = 4: r = 21..28 (closes); tau = 14, D = 4: r = 22..261 (closes; strictly positive to r = 3,000, non-negative at spot checks to 131,072; D = 4 is the only negative degree slice at tau = 14); tau = 15..20, D = 4: open to r <= 3,000; tau = 17, D = 5: r = 35..89 (closes) — the first evidence that a tau >= 15 band can close.","BOUNDED COMPUTATION at the named horizons on the uniform single-hub family at fixed D (k = r-2 only) — not the joint bound, not general forests. The seat's tau = 14 'stress test' is VOID (its move set preserves the leaf total, confining it to a hyperplane the D = 4 band cannot reach; inside the band it reports positive against a negative truth) and carries no evidence; the closure conclusion stands on the critics' replacement evidence only. The onset threshold of record is r >= (3 tau + 2)/2.",see_certificate
E993-R25-COVER-DIAGONAL-D6-RESIDUE-COMPLETE,VERIFIED,"Complete isomorphism-class census minima of Delta_{r-1} on the (d, tau, r) cells (6,6,3) +65, (6,6,4) +116, (6,6,5) +154, (7,7,4) +209, (7,7,5) +342 (all positive), completing the (6,6) diagonal residue at 8 closed / 2 refuted / 0 undetermined; and, on the theorem's own hypothesis tau <= 5, the two d = 6 cells (orders 10 and 12) closed by complete census: min Delta_1 = +26 over all 329 forests of order 10 and min Delta_2 = +66 over the 1,516 forests of order 12 with tau <= 5.","Bounded computation, complete on the named finite classes; the seat's bounded-probe minima (+75, +164, +279, +294, +623) are superseded; the seat's two-hub null search had an order-arithmetic bug (repaired minima +149, +245). The breaking cell of the slack argument on the diagonal, (6,6,9) order 24 Delta_8 = -78, is the REGISTERED D6-SIGN witness (a disclosed replay, not a new refutation). The 'order 9 vacuous' sentence is FALSE (min Delta_1 = +19 over 153 forests). The tau <= 5 Gamma-residue count by excess with s*(tau) and Lemma H's uniqueness half are STATED by the synthesis and NOT registered (they await an isolated second read).",see_certificate
E993-R25-MATCHING-BAND-REGION-DOMINATION,VERIFIED,"On the clamped-greedy certificate of the matching band d < r < K(d): with E_j = 2m+2-3j the recursion's drift term, Region I = {j : E_j > 0} and Region II = {j : E_j <= 0} exactly, and floor((K+1)/2) = K-d+1 for both parities; on Region I the clamp never bites, pointwise stratum domination holds STRICTLY (via the leak identity), and H3 (beta_cell <= sigma_{alpha+1} < 1) is a theorem; at d = 3 rank 3's whole window {3} lies in Region I, so the one-step lemma beta_cell(3,2) = 3/4 > 7/12 = beta_cell(3,1) and top-cell attainment are THEOREMS at d = 3; rank (r-1)'s whole window lies in Region I iff d is odd and r = d+1 (199 of 79,202 pairs at d <= 400).","The absolute-stratum closed form sigma_j(r) is identical to the registered (P,Q,alpha,i) recursion (7,080 cells). Region II is exactly {E_j <= 0}; the exact requirement there is jQ >= rho_j jP + (rho_j - 1)E_j (a free slack (rho_j - 1)|E_j|); the multiplicative strengthening Q >= rho_j P is REFUTED (661 witnesses at d <= 70, worst (6,8,7)); the seat's 'two refuted strengthenings' are one inequality; the seat's 'argmin always just inside Region II' is FALSE at d in {3,5,7,9}; the requirement's margin binds at the band top and decays like ~0.3/d, and the safety ratio's minimum ~1.4865 at (200,203,202) sits at the band BOTTOM (the critics use reciprocal rho conventions — never mix them). The d = 3 result is a grade change, NOT a closure of the live cell (3,4); the schema stays OPEN.",see_certificate
E993-R25-MATCHING-BAND-ABSORBING-RESIDUE,VERIFIED,"Of the 18,546,203 pointwise stratum comparisons of the matching band at d <= 400, 10,626,202 lie in Region I (theorem), and of the 7,920,001 Region-II steps 6,773,496 are absorbed (phi = 0 is absorbing in Region II); the genuinely open residue is 1,146,505 steps (6.2%), with zero violations of strict per-cell monotonicity over all 79,202 consecutive band pairs.","BOUNDED COMPUTATION at the attained horizon d <= 400 (seat T1's populations reproduced exactly by both critics); extending the horizon by sweeping is not a route. What closing the residue would give: top-cell attainment as a theorem, which with the j = r+1 constraint and a uniform top-cell margin bound closes the band d < r < K(d), the live cell (3,4) and the last open rank of the d' = 3 slice.",see_certificate
E993-R25-BINOMIAL-DIFFERENCE-CATALAN-FLOOR-UNIQUENESS,VERIFIED,"With E(b,j) := C(b,j+1) - C(b,j) under integer zero extension (C(b,m) = 0 for m < 0 or m > b) and Cat_j := C(2j,j)/(j+1): for every natural j and every natural b, E(b,j) >= -Cat_j, with equality IF AND ONLY IF b is in {2j-1, 2j} intersected with N. For j >= 1 the attaining set is exactly the two consecutive naturals {2j-1, 2j}; for j = 0 it is the singleton {0} (E(b,0) = b-1, Cat_0 = 1).","Arithmetic auxiliary; independent of any graph or G1 hypothesis; the UNIQUENESS refinement of E993-BINOMIAL-DIFFERENCE-CATALAN-FLOOR (whose floor half it re-derives); the equality VALUE at b = 2j overlaps E993-PAIR-STAR-CLOSURE's Catalan-slack identity for j >= 3 only and is re-derived here for every j >= 0; NOT a corollary of FLOOR + E993-R25-BINOMIAL-DIFFERENCE-CATALAN-CEILING (which leave 2j values of b unexcluded at each j >= 1 and say nothing about b = 2j-1). Proof: with h(b) = C(b,j) - C(b,j+1), Pascal gives h(b+1) - h(b) = C(b,j-1) - C(b,j), which is 0 for b <= j-2 (h identically 0 < Cat_j there — the LOW-PLATEAU step), > 0 for j-1 <= b <= 2j-2, exactly 0 at b = 2j-1 (C(2j-1,j-1) = C(2j-1,j)), < 0 for b >= 2j; h(2j) = Cat_j. ERRATUM against the r25 record (A1-E-a): the sign clause 'C(b,j-1) - C(b,j) > 0 for b <= 2j-2' printed in the r25 Cycle 6 F adjudication (Ruling 34) and by critic C-F4-T is FALSE on 0 <= b <= j-2; C-F4-U's range is the correct one. The struck '29 explicit forests' support is not evidence for this statement. Critic-attributed to r25 Cycle 6 C-F4-T and C-F4-U; adjudicator re-derived; isolated second read SR-H (addendum lane C) confirmed_with_repairs.",see_certificate
E993-R25-GAMMA-RESIDUE-SLACK-THRESHOLD,VERIFIED,"Conventions: C(n,j) zero-extended; Cat_m := C(2m,m)/(m+1) with Cat_m := 0 for m < 0; E(n,k) = C(n,k+1) - C(n,k); Gamma_n(tau,k,n) = E(n,k) - sum_{a=1}^{tau} C(tau,a) Cat_{k-a}; with n = 2r+d-tau at the minimal admissible rank r = k+1 and slack s = d - tau, so n = 2k+2+s, the residue R(tau,s) := {k >= 1 : Gamma_n(tau,k,2k+2+s) <= 0} (NON-STRICT: Gamma_n = 0 is inconclusive and is in the residue; k >= 0 gives the same sets since Gamma_n(tau,0,2+s) = s+1 > 0; the graph order of a cell is 2r+d = n+tau). For tau = 1..7: R(1,s) empty for every s; R(2,0) = {1}; R(3,0) = {1,2}; R(4,0) = {1,2,3}; R(5,0) = {1,...,5} (orders 9, 11, 13, 15, 17), R(5,1) = {1,2} (orders 10, 12); R(6,0) = {1,...,11}, R(6,1) = {1,2,3}; R(7,0) = {1,...,69}, R(7,1) = {1,2,3,4}, R(7,2) = {2} (n = 8, order 15, Gamma_n = 0 exactly); empty at every larger slack. Equivalently R(tau,0) = {1,...,K(tau)-1} with K(1..7) = 0,2,3,4,6,12,70 (so K(1..7) are the LEAST positivity thresholds), R is nested decreasing in s, and R(tau,s) is non-empty iff s < s*(tau) with s*(1..7) = 0,1,1,1,2,2,3.","Arithmetic statement about Gamma_n; tau = 1..7 ONLY (tau >= 8 has no registered K(tau) and is excluded; K(8) exceeds 6,000 by scan); NO closed form for s* may be quoted — the candidate ceil((tau-1)/3) fits tau = 1..6 and gives 2 at tau = 7 where the true value is 3, and the 'no closed form' fence rests entirely on the single cell (7,2,2) where Gamma_n = 0 exactly (the three zero cells are (tau,s,k) = (2,0,1), (5,1,1), (7,2,2); under a strict convention s* would read 0,0,1,1,2,2,2); each value ESTABLISHED, not scanned: above K(tau) by the formally verified E993-R25-CATALAN-GAP-MONOTONE-RATIO (slack 0, E(2k+2,k) = Cat_{k+1}) transferred to slack s >= 1 by E(.,k) strictly increasing on n >= 2k+2 (a derivation from the VERIFIED E993-R25-BINOMIAL-DIFFERENCE-CATALAN-CEILING, named here, not carried silently — the composite is proved_informal, NOT formally verified), below K(tau) by a finite exact check of at most 69 integers; the residue says where the Gamma bound is INCONCLUSIVE for Delta_k > 0, never where any statement is false; the transfer to forests is only the registered cover-fiber bound Delta_k >= Gamma_n under tau(F) <= tau; not c(d), not a tier statement, no new evidence for any cell's sign. Critic-attributed to r25 Cycle 6 C-F4-U (the threshold) and C-F4-T/C-F4-U (the tau = 5 table), confirmed by the F adjudicator (Rulings 30, 30a, 30b) and by the isolated second read SR-RES (addendum lane C), confirmed_with_repairs, 49 (tau,s) cells reproduced with zero discrepancies by an instrument importing no prior code.",see_certificate
E993-R25-THIN-TREE-TAU-12-BAND-NO-IN-WINDOW-FAILURE-NO-RECOVERY,VERIFIED,"Every thin tree (at most one pendant leaf per cover vertex) with vertex-cover number tau = nu = 12 and order 26 <= n <= 35 (excess d in [2,11]) has NO log-concavity failure at any in-window rank k with x(T) < k <= floor((n-2)/2) and NO recovery at any rank (no r with x(T) < r and Delta_r(T) > 0, evaluated directly on every instance). The band's only two log-concavity failures are OUT OF WINDOW: T(3,4,4) (margin -378) and W2 (margin -68), both at order 26, difference index k = 13, x = 8, r_max = 12, both pre-registered.","Grade bounded_computation (complete census); NOT a theorem, NOT VERIFIED, NOT CONDITIONAL. NAMING / NON-INHERITANCE CLAUSE (SR-F repair R1): this key is NOT a member of the cumulative E993-R25-THIN-TREE-LOGCONCAVE-TAU-LE-* family — the predicate 'no log-concavity failure at ANY rank' is FALSE at tau = 12 (T(3,4,4), W2), so no -TAU-LE-12 log-concavity key may ever be registered; the predicate here is in-window failure freedom plus no recovery, over the single band tau = 12. Complete census of 539,470,990 accepted (skeleton, D) instances over all 1,721,756 tau = 12 canonical-form skeleton classes and all 55 reachable (order, h) cells; 124,073 materialised spot checks, 0 mismatches; exact integers; instance counts are CONSTRUCTION counts and nowhere counts of isomorphism classes of final trees. THREE LIMITS ON THE FACE: (i) orders 24-25 (d <= 1) are outside the census; (ii) completeness over the CLASS, as opposed to over the construction, rests on Lemmas A-C (a thin tree of cover number tau is a skeleton on C ∪ H padded by pendant leaves) at the r25 record's informal grade; (iii) the forest form requires the convolved-sequence window instrument, which is UNBUILT. The FOREST key the synthesis proposed (E993-R25-THIN-FOREST-NO-RECOVERY-TAU-LE-12) is WITHHELD (SR-F repair R2): the -TAU-LE-11 forest key derives no-recovery from per-component log-concavity via TRS2 convolution closure, a route blocked at tau = 12 by the out-of-window failures, and the census is entirely single-component. Precision (SR-F): 'two log-concavity failures' are two accepted INSTANCES at one rank; of the 124,073 spot checks, 89,521 are the seat's shared-code checks (struck as 'independent' by C-F1-U/the F adjudicator) and 34,552 are independent. Lemmas A-C (the thin tree = padded skeleton decomposition) verified exhaustively at tau = 2..5 by SR-F; their grade at tau = 12 remains the r25 record's informal grade (no registry key carries the decomposition). The standing in-window minimum tau = 21 (E993-R25-RECOVERY-LOGCONCAVITY-NECESSARY's scope) is UNCHANGED. Attribution, layered and never summed across nested windows: seat F1 (A1 route A1-F-01; order 26 exhaustive, orders 33-34, the analytic (1+z) pendant-fold lever); critic C-F1-T (orders 27-32 extension, critic-attributed); critic C-F1-U (nested inside C-F1-T's window, not additional coverage); the F adjudicator (the remaining 13,798 classes and order 35, adjudicator-derived; confirmed by isolated second read SR-F). Synthesis 44821949e10423f6...; r25 ADDENDUM Cycle A1. Isolated second read SR-F confirmed_with_repairs (c9b4f0d8f6f56492...): every figure reproduced to the unit on from-scratch instruments; 17,406,910 instances recomputed end to end with 0 discrepancies; 55 cells tile with 0 gaps and 0 double counts.",see_certificate
E993-R26-TOP-RANK-RESIDUAL-SIGN,VERIFIED,"For every finite simple graph G on a finite vertex type with decidable equality and adjacency: if G is a tree, 2 <= alpha(G), x(G) + 2 <= alpha(G) - 1 (x the first STRICT descent of the independence sequence, C5LA1.crossingIndex), and every leaf of G belongs to every maximum independent set of G, then the top-rank favorable-original-leaf aggregate S(G, alpha(G) - 1) = C5LA1.aggregate G (G.indepNum - 1) is <= 0. (The r24 top-rank residual sign (RC) on the whole eligible top-rank residual class, flat and non-flat.)","Literal ordinary-tree statement at the top rank p = alpha - 1 on the residual class, at exactly the four C5-LA1 hypotheses; composed with the formally verified identity (RI) C5LA1.topRankResidualIdentity in one project. hEligible is consumed only through 3 <= alpha (it excludes P_3, whose unqualified expression is +2); the proof shows S <= -ell(ell-2)M - (ell-4)N_2 in Z with N_2 <= k_2 M and k_2 <= floor(ell/2). NO status transfer: the all-rank literal aggregate E993-R23-ORDINARY-FAVORABLE-LEAF-AGGREGATE stays OPEN (other ranks and the non-residual class untouched); E993-BETA-AGG (governed RTree scope) stays OPEN and needs the ordinary-to-RTree transport, never attempted; the common-leaf condition, TREE, FOREST, TRANSFER and Erdos #993 are untouched. Excluded from the award: the strict form S < 0 (registered separately at proved_informal, see E993-R26-TOP-RANK-RESIDUAL-SIGN-STRICT), S = 0 iff P_5, any other rank, forests, RTree, N_2 <= M (false from order 9). r29 Cycle 1 (2026-09-25) scope note: E993-R29-TOP-RANK-NONRESIDUAL-AGGREGATE states the same conclusion at the same rank with hAlpha and the residual condition (★) dropped, by a different mechanism (tagged shadow). This award remains the proof of record on the residual class and is not widened; its strict companion is untouched. Status unchanged.",formally_verified
E993-R26-DELETION-INJECTION-FIBRE-BOUND,VERIFIED,"For every finite simple graph G on a finite vertex type and every finite vertex set U, with I(U) the independent subsets of U: 2 * sum_{A in I(U)} |A| <= |U| * |I(U)|, and for every natural ell: ((ell : Z) - |U|) * |I(U)| <= sum_{A in I(U)} ((ell : Z) - 2|A|).","All finite graphs; no tree, connectivity, alpha, eligibility or residual hypothesis. The first inequality is the occupancy bound avi(H) <= |V(H)|/2 of Andriantiana–Razanajatovo Misanantenaina–Wagner (2020), RE-PROVED in-run by the injection A -> A.erase u (never imported); the second is its sharp fibre form (equality for edgeless U). Its use at the fibres U(J') of the (RC) proof belongs to E993-R26-TOP-RANK-RESIDUAL-SIGN; nothing about S, trees or (RC) is asserted here.",formally_verified
E993-R26-TREE-STRUCTURAL-CORE,VERIFIED,"For a finite tree G (Mathlib IsTree) with the C5-LA1 leaf/support definitions: (a) 2 <= alpha(G) implies at least two leaves; (b) 2 <= alpha(G) implies no two leaves are adjacent, hence L ∩ C = ∅ and lambda ≡ 0 on leaves; (c) a vertex outside the support image has lambda = 0 (no hypotheses); (d) sum_s lambda(s) = ell and j * |C_j| <= ell for every j, hence k_2 <= floor(ell/2) (no hypotheses); (e) the P_3 lemma: |L| = 2 and lambda(s) = 2 imply alpha(G) = 2 (no alpha hypothesis); (f) x(G) + 2 <= alpha(G) - 1 implies 3 <= alpha(G); and C_2 = ∅ when ell = 2 under eligibility.","Tree structure only; no declaration consumes the residual hypothesis (★); nothing about S, W_III, the families or (RC). Statement (e) needs connectivity (P_3 ⊔ K_1 is a forest witness where the closure fails).",formally_verified
E993-R26-FORCED-NEIGHBOUR-FAMILY-I-EMPTY,VERIFIED,"Under the C5-LA1 hypotheses hTree, hAlpha and (★) (every leaf in every maximum independent set): every maximum independent J ⊆ D meets N(s) for every multiplicity-1 support s (forced neighbour); consequently every realized family-(I) member B of I_{alpha-1}(G) (|B ∩ D| = a, supports of multiplicity 1 only) has B ∩ C = ∅ and weight exactly ell - 1, and there are exactly ell * M of them; every family-(II) member has B ∩ C = {s} with lambda(s) = 2 and weight exactly ell - 4, and there are exactly N_2 of them.","Component declarations of the formally verified award C1-LA1 (R26LA1.forced_neighbour, family_support_pruned, famI_card, family_I_weight, family_II_weight), not its terminal declaration; hEligible is not consumed (verified informally also on the 18 ineligible residual trees). This is the structural fact that refutes the r24 C6 'realized negative family-(I) weights' statement (see E993-R26-C6-B3-FAMILY-I-REALIZATION-CORRECTION).",formally_verified_component_of_award
E993-R26-C6-B3-FAMILY-I-REALIZATION-CORRECTION,VERIFIED,"RECORD CORRECTION of the r24 C6 terminal synthesis (B3, TD-6) and C6 T adjudication (Ruling 2, inventory item 6): the statement that family-(I) weights ell-1-2|A_S| 'flip ... realized by 1,420 eligible residual trees of orders 7-16, first at order 9' is FALSE as a realization statement — under (★) every realized family-(I) member has A_S = ∅ and weight exactly ell-1 >= 1 (forced neighbour; now kernel-verified inside C1-LA1), and 0 of the 128,908 shell members of the 7,247 eligible residual trees of orders 7-16 has a family-(I) support selection. The number 1,420 (first at order 9; exactly two order-9 classes) is reproduced exactly by the predicate P_b: 'the induced graph on the multiplicity-1 supports has an independent set of size > (ell-1)/2' — a structural precondition, not a realized term. B3's three-family identity itself is EXACT (verified on all 7,247 trees) and the sign-flipping the record described is real but belongs to family (III) (negative individual weights; every fibre sum >= 0). Provenance gap: no surviving artifact of the C6 T adjudication (scan.py, adj_engine.py) computes the family classifier (inventory item 5) or the 1,420 count (item 6). Origin: the substitution first appears in r24 critic C-T1-U's sentence (its order-16 witness is a |C_1| = 6 count) and was propagated by the T adjudicator's count. Error class: predicate substitution on the evidence, an inference about a lost instrument. Neither of TD-6's two prescriptions is needed: the first ('bound the multiplicity-1 support count against ell inside the class') is void — family-(I) weights are the constant ell-1 under (★) — and the second ('pair family-(I) terms against ell*M and family (III) rather than sign them individually') is void as a necessity: family (I) IS signed individually, family (III) is nonnegative fibre-wise, and the ell*M term is absorbed by W_I = ell(ell-1)M in one integer subtraction (SR-B3 repair b; SR-REC repair d). The sealed TD-6 text says '1,420 residual trees'; 'eligible' enters from the C6 T adjudication's restatement (SR-REC repair c). The sealed r24 files are unchanged.","A correction record about the r24 RECORD, never an edit of it (SOLUTION-CONTRACT §3.5); the mathematical identity B3 stands; (RC) is closed separately by E993-R26-TOP-RANK-RESIDUAL-SIGN.",record_correction_replayed_four_instruments_plus_kernel_verified_component
E993-R26-TOP-RANK-N2-LE-M,REFUTED,"On the eligible top-rank residual class (the four C5-LA1 hypotheses), N_2 <= M, where N_2 counts compatible pairs (J maximum independent in D, s a support with lambda(s) = 2) and M = i_alpha(G).",A mechanism proposed in the r26 allocation's item 1(f) parenthesis and in U's Cycle 2 target; false in general — only N_2 <= k_2 M holds (k_2 = |C_2| <= floor(ell/2)); at ell = 3 it is true because k_2 <= 1. The (RC) proof uses N_2 <= k_2 M.,explicit_exact_finite_counterexample
E993-R26-TOP-RANK-RESIDUAL-SIGN-STRICT,VERIFIED,"Under the four C5-LA1 hypotheses (tree; 2 <= alpha; x + 2 <= alpha - 1; every leaf in every maximum independent set): S(G, alpha-1) <= -2, in particular S < 0. Branches: ell >= 4 gives S <= -ell(ell-2)M <= -8; ell = 3 gives S <= -2M (via k_2 <= floor(ell/2) = 1 and N_2 <= k_2 M, never N_2 <= M); ell = 2 gives S <= -4 (a residual tree with ell = 2 is an odd path P_{2 alpha - 1}, every even path failing (★), with S(P_{2 alpha - 1}) = 3 alpha - alpha^2 (subtraction-free; equivalently 2 - a(a+1) with a = alpha - 2), and hEligible forces alpha >= 4, on the eligible class in fact alpha >= 5). Ingredient: hEligible implies alpha >= 4 since x >= 1 always. Consequence (its own statement, needing the ell >= 3 strict branches too): among residual trees with alpha >= 2, S = 0 iff G is P_5 and S > 0 iff G is P_3, both ineligible. This key is STRICTLY STRONGER than the SOLUTION-CONTRACT §1 Tier 1-prime row (which allowed S <= 0 at ell = 2): contract erratum R26-E-c.","Same scope as E993-R26-TOP-RANK-RESIDUAL-SIGN; informal only (not part of the formal award C1-LA1, which excludes the strict form on its face). No status transfer to any other rank, class or headline.",proved_informal
E993-INTERIOR-ALPHA-MINUS-TWO-AGGREGATE,VERIFIED,"For every finite ordinary tree T with integer p=alpha(T)-2 and x(T)+2<=p, the complete sum over original leaves v satisfying Delta_p(T-v)<0 of Delta_(p-1)(T-{v,s_v})-Delta_(p-1)(T-N_T[s_v]) is nonpositive.","All finite connected acyclic simple graphs; first strict descent x; integer zero-extended independence coefficients; original support and closed neighborhood; no residual hypothesis. r29 Cycle 1 (2026-09-25) scope note: r29 certifies separately the guard (E993-INTERIOR-ELIGIBILITY-ALPHA-GE-SEVEN) and the high-tail aggregate (E993-R29-BIPARTITE-HIGH-TAIL-AGGREGATE) that compose to this statement (α ≥ 7 puts p = α − 2 inside 3p ≥ 2α + 1), each under its own award; this award is unchanged, never re-registered, never edited. Status unchanged.",formally_verified
E993-R27-FOREST-DEGREE-LEMMA,VERIFIED,"(DL) For every finite forest G (finite carrier X, G.IsAcyclic) and every natural k: Σ_{J ∈ I_k(G)} Σ_{v ∈ J} deg_G(v) ≤ 2k·i_k(G), in ℤ, with i_k = Erdos993G1.indepCount and I_k the independent k-subsets. No α hypothesis, no k ≥ 1, no connectivity; instance binders on a general Type u carrier.","Lean: Erdos993G1.forest_degree_lemma (registered `lemma` kind inside award C1-LA1; statement byte-identical to SOLUTION-CONTRACT §2). Acyclicity is load-bearing (K4−e violates at k = 1; the statement is FALSE on K_{2,3}; every cycle C_n satisfies it with equality at every k). Excluded conclusions: tightness (never tight at k ≥ 1 with i_k > 0 — see E993-R27-FOREST-DEGREE-LEMMA-EQUALITY-CLASSIFICATION); that (DL) certifies acyclicity (only the root-corrected k = 1 form does); any pointwise degree claim; any no-recovery reading. Fence §3.1: an order bound / counting statement whose contrapositive has sign Δ_k ≥ 0; not a no-recovery statement; no status transfer to E993-R25-UNR-FOREST-WIDE (OPEN), E993-G1WIDE-NO-SIZE-CAP (OPEN), NR1, FOREST, TREE, TRANSFER, E993-BETA-AGG, the all-rank aggregate or Erdős #993. §3.2 nothing asymptotic. §3.3 (DL) is an average over I_k; no pointwise degree statement. §3.6 every Lean declaration authored in-run; no external Lean text (the audit copy carries no LICENSE). §3.7 attribution travels on this face. r28 Cycle 1 (2026-09-25): the Hall/SDR route (HS) to a second proof is REFUTED (the order-22 tree R(3,2)_3 = T22 (a root joined to three hubs, each hub carrying two pendant paths of three edges; 22 vertices, 21 edges; branch tree K_{1,3}); E993-R28-DOMINANCE-REFUTATION); (DL) holds on T22 at every k and is unaffected. A second, matching-type proof of (DL) exists on the proper subclass of trees whose branch tree has maximum degree ≤ 2 (Theorem BTP composed with the layer-cake reduction: E993-R28-LEAF-SLOT-DOMINANCE-BRANCH-TREE-MAX-DEGREE-LE-2 + E993-R28-DOMINANCE-IMPLIES-DEGREE-LEMMA), formally verified on that class in award C1-LA5 — an alias distinction, not a (DL) key; this award (the injection proof) remains the (DL) of record on all forests.",formally_verified
E993-R27-FOREST-EXTENSION-INEQUALITY,VERIFIED,(EX) For every finite forest G of order n and every natural k: n·i_k(G) ≤ (k+1)·i_{k+1}(G) + 3k·i_k(G) in ℤ (equivalently (k+1)·i_{k+1} ≥ (n − 3k)·i_k).,"Lean: Erdos993G1.forest_extension_inequality, the terminal theorem of award C1-LA1 (statement byte-identical to SOLUTION-CONTRACT §2). Composition: (DL) + the graph-general E993-R27-INDEP-EXTENSION-DOUBLE-COUNT and E993-R27-EXTENSION-LOWER-BOUND. Tight at k = 0 on every finite graph; never tight at k ≥ 1 with i_k > 0. Fence §3.1: an order bound / counting statement whose contrapositive has sign Δ_k ≥ 0; not a no-recovery statement; no status transfer to E993-R25-UNR-FOREST-WIDE (OPEN), E993-G1WIDE-NO-SIZE-CAP (OPEN), NR1, FOREST, TREE, TRANSFER, E993-BETA-AGG, the all-rank aggregate or Erdős #993. §3.2 nothing asymptotic. §3.3 (DL) is an average over I_k; no pointwise degree statement. §3.6 every Lean declaration authored in-run; no external Lean text (the audit copy carries no LICENSE). §3.7 attribution travels on this face.",formally_verified
E993-R27-INDEP-EXTENSION-DOUBLE-COUNT,VERIFIED,"For every finite simple graph G and every natural k: (k+1)·i_{k+1}(G) = Σ_{J ∈ I_k(G)} e(J) in ℤ, where e(J) = |V ∖ N[J]| is the extension count. NO acyclicity.","Lean: Erdos993G1.double_count (`lemma` face of award C1-LA2; hypotheses exactly [Fintype X] [DecidableEq X] [DecidableRel G.Adj]). Graph-general; not a forest statement; not evidence for (DL)/(EX); transfers no status. Face note: the kernel receipt's #print axioms probe covers the terminal e_ge_sub; double_count's axiom line rests on the whole-file build and EVIDENCE/axioms-all-declarations.txt (all 19 declarations at the three axioms). This run's firstDescent is the sInf form, extensionally (Nat.sInf_def) but not definitionally the Nat.find object of record — nothing in the award depends on it; a later composition must not treat LA2's firstDescent as the rfl-certified object.",formally_verified
E993-R27-EXTENSION-LOWER-BOUND,VERIFIED,"For every finite simple graph G of order n, every natural k and every independent k-set J: e(J) ≥ n − k − Σ_{v ∈ J} deg_G(v) in ℤ. NO acyclicity.","Lean: Erdos993G1.e_ge_sub, the terminal theorem of award C1-LA2 (statement byte-identical to the synthesis statement of record). Graph-general; hJ is consumed only through |J| = k; equality iff exc(J) = 0 (no vertex has two or more neighbours in J) — see E993-R27-EXACT-EXTENSION-IDENTITY. Transfers no status; not evidence for (DL)/(EX).",formally_verified
E993-R27-DEGREE-LEMMA-IMPLIES-EXTENSION-CHAIN,VERIFIED,"The implication DlHyp → ExHyp ∧ LbHyp ∧ R5Hyp ∧ XrHyp, where each hypothesis is DEFINITIONALLY the SOLUTION-CONTRACT §2 statement of (DL), (EX), (LB), (R5), (XR) respectively, quantified over all finite carriers and instances (one shared universe parameter). Components: DlHyp → ExHyp; ExHyp → LbHyp; LbHyp → R5Hyp; LbHyp → XrHyp.","Lean: Erdos993G1.degree_lemma_implies_chain (award C1-LA3). THE IMPLICATION IS THE AWARD; the consequents are not asserted by this key (they are asserted by E993-R27-FOREST-EXTENSION-INEQUALITY, -FOREST-DESCENT-LINEAR-BOUND, -RANK5-CEILING-20, -DESCENT-RESTRICTION-4R-MINUS-4 at their own grades). Instance caveat (C-U3-F): a (DL) proved at one fixed Fintype instance would not compose; DlHyp quantifies over instances. Alias distinction: this run's Erdos993G1.forest_extension_inequality is the CONDITIONAL form (extra hDL binder) under the same name as C1-LA1's unconditional theorem — never conflate. Fences: no no-recovery reading; (XR) not a uniform bound on d; r = 0 vacuous-hypothesis-sound. Fence §3.1: an order bound / counting statement whose contrapositive has sign Δ_k ≥ 0; not a no-recovery statement; no status transfer to E993-R25-UNR-FOREST-WIDE (OPEN), E993-G1WIDE-NO-SIZE-CAP (OPEN), NR1, FOREST, TREE, TRANSFER, E993-BETA-AGG, the all-rank aggregate or Erdős #993. §3.2 nothing asymptotic. §3.3 (DL) is an average over I_k; no pointwise degree statement. §3.6 every Lean declaration authored in-run; no external Lean text (the audit copy carries no LICENSE). §3.7 attribution travels on this face.",formally_verified
E993-R27-FOREST-DESCENT-LINEAR-BOUND,VERIFIED,(LB) For every finite forest G of order n and every natural k: Δ_k(G) < 0 ⇒ n ≤ 4k (Δ_k = Erdos993G1.delta; k = 0 included: Δ_0 < 0 ⟺ n = 0).,"Lean (if formal): Erdos993G1.forest_descent_linear_bound (award C1-LA4, [Finite X], Nat.card). Strengthens the formally verified r25 award E993-R25-FOREST-DESCENT-ORDER-BOUND-SHARP ((k+1)²; 4k ≤ (k+1)² with equality only at k = 1; covers k = 0 which that award excludes) as a SEPARATE key — the r25 award is unchanged. 4k is attained at k = 1, 2 (P_4, P_8) and strictly slack at k = 3, 4, 5 (true maxima 11, 15, 18: E993-R27-FOREST-DESCENT-MAXIMA-CENSUS). Fence §3.1: an order bound / counting statement whose contrapositive has sign Δ_k ≥ 0; not a no-recovery statement; no status transfer to E993-R25-UNR-FOREST-WIDE (OPEN), E993-G1WIDE-NO-SIZE-CAP (OPEN), NR1, FOREST, TREE, TRANSFER, E993-BETA-AGG, the all-rank aggregate or Erdős #993. §3.2 nothing asymptotic. §3.3 (DL) is an average over I_k; no pointwise degree statement. §3.6 every Lean declaration authored in-run; no external Lean text (the audit copy carries no LICENSE). §3.7 attribution travels on this face.",formally_verified
E993-R27-RANK5-CEILING-20,VERIFIED,(R5) For every finite forest G of order n ≥ 21: Δ_5(G) ≥ 0 (equivalently Δ_5 < 0 ⇒ n ≤ 20).,"Lean (if formal): Erdos993G1.forest_rank5_ceiling_20 (award C1-LA4). Supersedes the informal ceiling 25 (E993-R25-RANK5-CEILING-SHARPENED-TO-25) as a consequence, not an edit; empties that claim's stated residue (orders 22–25) — see the rank-5 residue closeout record. The census-grade companion Δ_5 < 0 ⇒ n ≤ 18 (E993-R27-RANK5-CEILING-18-CENSUS) is a separate item and never enters this face. Fence §3.1: an order bound / counting statement whose contrapositive has sign Δ_k ≥ 0; not a no-recovery statement; no status transfer to E993-R25-UNR-FOREST-WIDE (OPEN), E993-G1WIDE-NO-SIZE-CAP (OPEN), NR1, FOREST, TREE, TRANSFER, E993-BETA-AGG, the all-rank aggregate or Erdős #993. §3.2 nothing asymptotic. §3.3 (DL) is an average over I_k; no pointwise degree statement. §3.6 every Lean declaration authored in-run; no external Lean text (the audit copy carries no LICENSE). §3.7 attribution travels on this face.",formally_verified
E993-R27-DESCENT-RESTRICTION-4R-MINUS-4,VERIFIED,"(XR) For every finite forest G of order n and every natural r: x(G) < r ⇒ n ≤ 4r − 4, where x = firstDescent (the first strict descent, Nat.find on {k | Δ_k < 0}); equivalently d ≤ 2r − 4 at n = 2r + d. The r = 0 case is vacuous (x < 0 is false); the ℕ-subtraction 4r − 4 is exact for r ≥ 1.","Lean (if formal): Erdos993G1.forest_descent_restriction, the terminal theorem of award C1-LA4. NOT a uniform bound on d. Occupancy (E993-R27-FOREST-DESCENT-MAXIMA-CENSUS): max{n : x < r} = M(r−1) = 0, 4, 8, 11, 15, 18 for r = 1..6 against 4r − 4 = 0, 4, 8, 12, 16, 20 — exact at r ≤ 3. Fence §3.1: an order bound / counting statement whose contrapositive has sign Δ_k ≥ 0; not a no-recovery statement; no status transfer to E993-R25-UNR-FOREST-WIDE (OPEN), E993-G1WIDE-NO-SIZE-CAP (OPEN), NR1, FOREST, TREE, TRANSFER, E993-BETA-AGG, the all-rank aggregate or Erdős #993. §3.2 nothing asymptotic. §3.3 (DL) is an average over I_k; no pointwise degree statement. §3.6 every Lean declaration authored in-run; no external Lean text (the audit copy carries no LICENSE). §3.7 attribution travels on this face. Follow-up occupancy consequence (census-dependent, not a new formal award): max{n : x(G)<r}=0,4,8,11,15,18,22 for r=1..7. In particular x(G)<7 implies n<=22, excluding orders 23 and 24; use E993-FOREST-RANK6-DESCENT-MAXIMUM-CENSUS24 together with the earlier row. The formal XR statement itself remains n<=4r-4.",formally_verified
E993-R27-FOREST-ROOT-CORRECTED-DEGREE-LEMMA,VERIFIED,"(RC) For every finite forest G, every natural k and EVERY choice of exactly one root r_i in each connected component: D_k(G) + 2·Σ_i a_{r_i}(k) ≤ 2k·i_k(G) in ℤ, with D_k = Σ_{J∈I_k} Σ_{v∈J} deg(v), a_v(k) = #{J ∈ I_k : v ∈ J}, the correction summed over components with multiplicity. Equivalent presentations on this face (no second key): (SH) = (DL+) = root-deficit: D_k + 2·M_k ≤ 2k·i_k with M_k = Σ_C max_{v∈C} a_v(k), the exact correction term (attained at k = 1 on every forest at every rooting and at k ≥ 2 on forests with edges); Corollary B (C-T1-F): n·D_k + 2k·i_k ≤ 2k·i_k·n, equality holds at k = 0 and whenever i_k = 0; for k = 1 and n > 0, equality holds exactly when the forest is a tree. No complete equality classification for positive supported k >= 2 is asserted by this corrected face, moves no order bound; (EXS): (k+1)·i_{k+1} ≥ (n − 3k)·i_k + 2·M_k (does not improve (LB)). (DL) is the corollary obtained by dropping the correction.","The statement is FALSE without acyclicity (C_n violates it at k = 1): IsAcyclic travels on the face; never graph-general. Acyclicity is used three times (edge ↔ non-root bijection |E| = n − c; N(v) = {p(v)} ∪ children(v); parent map strictly decreasing depth, p(p(u)) ≠ u). No α, no k ≥ 1, no n ≥ 2, no connectivity. The injection proof is the kernel-verified core of award C1-LA1 (Erdos993G1.forest_root_corrected_degree_bound and the rootPairs assembly); this KEY is registered at the informal grade of its every-rooting statement as read by SR-RC. Fence §3.1: an order bound / counting statement whose contrapositive has sign Δ_k ≥ 0; not a no-recovery statement; no status transfer to E993-R25-UNR-FOREST-WIDE (OPEN), E993-G1WIDE-NO-SIZE-CAP (OPEN), NR1, FOREST, TREE, TRANSFER, E993-BETA-AGG, the all-rank aggregate or Erdős #993. §3.2 nothing asymptotic. §3.3 (DL) is an average over I_k; no pointwise degree statement. §3.6 every Lean declaration authored in-run; no external Lean text (the audit copy carries no LICENSE). §3.7 attribution travels on this face. Fresh review 2026-09-25: the optimized correction remains proved_informal. A marked-set restriction is false even when the global bound is tight; the six-vertex diagnostic is outside aggregate eligibility and refutes no eligible aggregate. Corollary B equality endpoints corrected; inequality and formal package statuses unchanged. See docs/r27-fresh-review-2026-09-25.md and runs/erdos-993-followups-2026-09-25/ERRATUM.md.",proved_informal
E993-R27-FOREST-DEGREE-LEMMA-EQUALITY-CLASSIFICATION,VERIFIED,"For every finite forest G (order n, c components): (1) D_k(G) = 2k·i_k(G) iff k = 0 or i_k(G) = 0; (2) for k ≥ 1 with i_k > 0: D_k + 2·M_k ≤ 2k·i_k with M_k ≥ 1, hence D_k + 2 ≤ 2k·i_k, the 2 sharp (every tree at k = 1); (3) at k = 1: D_1 + 2c = 2·i_1 exactly (|E| + c = n), so the k = 1 slack of (DL) is exactly 2c; (4) (EX): (k+1)·i_{k+1} = (n − 3k)·i_k iff k = 0 or i_k = 0, and ≥ (n − 3k)·i_k + 2 for k ≥ 1 with i_k > 0; (EX) is tight at k = 0 on every finite graph.","Record correction carried on this face (§3.5, no sealed edit): SEMANTIC-CONTRACT §4's '(DL) tight cases' label has no instances at k ≥ 1 with i_k > 0 (erratum R27-E-b, now a theorem; the §4 fixed-point values are correct). Excluded conclusion for C1-LA1: no tightness claim on any award face; clause 1 is the reason, never a zero-failure census. Clause 4 consumes the two formally verified counting theorems; the grade stays proved_informal. Fence §3.1: an order bound / counting statement whose contrapositive has sign Δ_k ≥ 0; not a no-recovery statement; no status transfer to E993-R25-UNR-FOREST-WIDE (OPEN), E993-G1WIDE-NO-SIZE-CAP (OPEN), NR1, FOREST, TREE, TRANSFER, E993-BETA-AGG, the all-rank aggregate or Erdős #993. §3.2 nothing asymptotic. §3.3 (DL) is an average over I_k; no pointwise degree statement. §3.6 every Lean declaration authored in-run; no external Lean text (the audit copy carries no LICENSE). §3.7 attribution travels on this face.",proved_informal
E993-R27-DEGREE-LEMMA-K1-ACYCLICITY-CRITERION,VERIFIED,"For ANY finite simple graph G (order n, |E| edges, c components; a_v(1) = 1 so M_1 = c): D_1(G) + 2c ≤ 2·i_1(G) ⟺ |E| + c ≤ n ⟺ G is acyclic. Recorded fact about plain (DL) on non-forests (no second key): D_1 ≤ 2·i_1 ⟺ |E| ≤ n, with equality ⟺ |E| = n — plain (DL) does not certify acyclicity (every cycle C_n satisfies (DL) with equality at every k; unicyclic graphs are tight at k = 1); order-minimal failures K_4 and K_{2,3} (the latter failing at k = 1 and 2); edge-minimal failure K_4 − e.","Finiteness only; acyclicity is the CONCLUSION of the root-corrected form. Registration fence: the plain k = 1 form gets no key of its own and is never described as an acyclicity criterion; witnesses labelled order-minimal vs edge-minimal. The 'excess-1 never fails at k ≥ 2' observation is bounded_computation and not part of this face. Fence §3.1: an order bound / counting statement whose contrapositive has sign Δ_k ≥ 0; not a no-recovery statement; no status transfer to E993-R25-UNR-FOREST-WIDE (OPEN), E993-G1WIDE-NO-SIZE-CAP (OPEN), NR1, FOREST, TREE, TRANSFER, E993-BETA-AGG, the all-rank aggregate or Erdős #993. §3.2 nothing asymptotic. §3.3 (DL) is an average over I_k; no pointwise degree statement. §3.6 every Lean declaration authored in-run; no external Lean text (the audit copy carries no LICENSE). §3.7 attribution travels on this face. r28 Cycle 1 (2026-09-25): cross-reference (r28 F2 §4, C-F2-U, SR-PP PP-4): the (k, t) = (1, 1) row of the leaf/slot dominance condition holds on any finite graph iff |E| + Z ≤ n (Z the isolated vertices), the k = 1 instance of the weight identity; F2's characterization 'bipartite (HS) failures are exactly |E| > n at k = 1' is FALSE (T22 is bipartite with |E| = n − 1 and fails at k = 11, 12) and is not registered. Status unchanged.",proved_informal
E993-R27-EXACT-EXTENSION-IDENTITY,VERIFIED,"(EXX) For every finite simple graph G of order n and every natural k: (k+1)·i_{k+1} = (n − k)·i_k − D_k + E_k in ℤ, with E_k = Σ_{J∈I_k} exc(J), exc(J) = Σ_{u∈V} max(codeg(u,J) − 1, 0) = Σ_{v∈J} deg(v) − |N(J)| (the over-counted neighbour incidences). Per-set form of record: e(J) = n − k − Σ_{v∈J} deg(v) + exc(J) for every independent k-set J. NO acyclicity; no lower bound on n or k.","Corollaries on the face: (EXX-slack) (k+1)·i_{k+1} − (n − 3k)·i_k = (2k·i_k − D_k) + E_k; exc(J) ≥ 0 recovers E993-R27-EXTENSION-LOWER-BOUND with equality iff exc(J) = 0; E_k = 0 identically for k ≤ 1. Graph-general: not evidence for (DL)/(EX)/(LB)/(R5)/(XR); must be stated in ℤ ((n−k)·i_k − D_k = −98 on P_12 at k = 5); exc is ℕ-safe as written. (EXX) is NOT an FLNYZ statement and is not attributed to them. Fence §3.1: an order bound / counting statement whose contrapositive has sign Δ_k ≥ 0; not a no-recovery statement; no status transfer to E993-R25-UNR-FOREST-WIDE (OPEN), E993-G1WIDE-NO-SIZE-CAP (OPEN), NR1, FOREST, TREE, TRANSFER, E993-BETA-AGG, the all-rank aggregate or Erdős #993. §3.2 nothing asymptotic. §3.3 (DL) is an average over I_k; no pointwise degree statement. §3.6 every Lean declaration authored in-run; no external Lean text (the audit copy carries no LICENSE). §3.7 attribution travels on this face.",proved_informal
E993-R27-FOREST-DESCENT-MAXIMA-CENSUS,VERIFIED,"M(k) := max{n : some finite forest of order n has Δ_k < 0} satisfies M(0) = 0, M(1) = 4, M(2) = 8, M(3) = 11, M(4) = 15, M(5) = 18, each attained (empty forest; P_4; P_8; P_10 ⊔ K_1; P_15; P_10 ⊔ P_8). (XR) occupancy row (corollary, not a second key): max{n : x(G) < r} = M(r−1) = 0, 4, 8, 11, 15, 18 for r = 1..6 against 4r − 4 = 0, 4, 8, 12, 16, 20 — exact at r = 1, 2, 3, off by one at r = 4, 5, off by two at r = 6; the cells (4,12), (5,16), (6,19), (6,20) are EMPTY.","Conditionality on the face: M(0) elementary; M(1..3) UNCONDITIONAL (capped by the formally verified E993-R25-FOREST-DESCENT-ORDER-BOUND-SHARP ceilings 4, 9, 16 and a census complete to order 20). (LB) is formally verified (C1-LA4), so the (LB)-capped entries rest on a formal ceiling and a complete census; every entry stays bounded_computation. (LB)'s 4k is attained at k = 1, 2 and strictly slack at k = 3, 4, 5; the r25 wording 'tight at k = 1 only' is correct for (k+1)² and must not be carried to 4k. Grade bounded_computation for EVERY entry ('unconditional' describes the ceiling's provenance, not the grade; proved_informal is never written on an M(k)). The (XR) table column reads 'not excluded by (XR)', never 'live'. Fence §3.1: an order bound / counting statement whose contrapositive has sign Δ_k ≥ 0; not a no-recovery statement; no status transfer to E993-R25-UNR-FOREST-WIDE (OPEN), E993-G1WIDE-NO-SIZE-CAP (OPEN), NR1, FOREST, TREE, TRANSFER, E993-BETA-AGG, the all-rank aggregate or Erdős #993. §3.2 nothing asymptotic. §3.3 (DL) is an average over I_k; no pointwise degree statement. §3.6 every Lean declaration authored in-run; no external Lean text (the audit copy carries no LICENSE). §3.7 attribution travels on this face. Follow-up 2026-09-25: the separate identity E993-FOREST-RANK6-DESCENT-MAXIMUM-CENSUS24 establishes M(6)=22 at bounded_computation; this original k <= 5 identity is preserved.",bounded_computation
E993-R27-RANK5-CEILING-18-CENSUS,VERIFIED,"For every finite forest G of order n: Δ_5(G) < 0 ⇒ n ≤ 18 (n ≥ 19 ⇒ Δ_5 ≥ 0). Sharp: exactly 9,532 forest isomorphism classes of order 18 have Δ_5 < 0 (e.g. P_10 ⊔ P_8: i_5 = 2232, i_6 = 2083, Δ_5 = −149). Two orders sharper than (R5) and seven sharper than E993-R25-RANK5-CEILING-SHARPENED-TO-25.","Mandatory annotation: this IS the M(5) = 18 entry of E993-R27-FOREST-DESCENT-MAXIMA-CENSUS in rank-5 presentation, not a second independent result (only the witness count and comparisons are additional). Evidence: exhaustive census of every forest class of order ≤ 20 (775,529 at order 19; 1,977,878 at order 20) — no class of order 19 or 20 with Δ_5 < 0; orders ≥ 21 excluded by (LB) at k = 5; the r25 frozen census is NOT an input. MUST NOT enter any award statement (§3.4; census-dependent, never formal); does not disturb the rank-5 residue closeout or the x ≤ 5 composition, which need only n ≤ 20. Fence §3.1: an order bound / counting statement whose contrapositive has sign Δ_k ≥ 0; not a no-recovery statement; no status transfer to E993-R25-UNR-FOREST-WIDE (OPEN), E993-G1WIDE-NO-SIZE-CAP (OPEN), NR1, FOREST, TREE, TRANSFER, E993-BETA-AGG, the all-rank aggregate or Erdős #993. §3.2 nothing asymptotic. §3.3 (DL) is an average over I_k; no pointwise degree statement. §3.6 every Lean declaration authored in-run; no external Lean text (the audit copy carries no LICENSE). §3.7 attribution travels on this face.",bounded_computation
E993-R27-KADDITION-CLOSURE-X-LE-5,VERIFIED,For every finite forest G with x(G) ≤ 5: x(G ⊔ K_1) ≤ x(G) + 1 (x = the first STRICT descent; Δ_k = 0 is not a descent).,"Grade proved_informal-with-census (never formally_verified: Gate ruling 6, fence §3.4; no formal grade on (DL)/(LB)/(R5) promotes it). Evidence on the face: (i) reduction identity in ℤ, no acyclicity: i_k(G ⊔ K_1) = i_k(G) + i_{k−1}(G), hence Δ_j(G ⊔ K_1) = i_{j+1}(G) − i_{j−1}(G) = Δ_j(G) + Δ_{j−1}(G); (ii) rank 5: (R5) gives Δ_5 < 0 ⇒ n ≤ 20, so every forest with x = 5 lies inside the r25 order-≤21 census population; (iii) the census input, named: the r25 order-≤21 forest census checked the K1-addition TARGET itself with zero violations, re-verified in-run at orders ≤ 19 (C-F3-T) and ≤ 20 (C-F3-U) on independent instruments (one input in two attestations); (iv) ranks 0–4: E993-R25-KADDITION-CLOSURE-X-LE-4; rank 0 discharged outright (Δ_0 = n − 1 < 0 iff n = 0; ∅ ⊔ K_1 = K_1 has x = 1) with no census artifact (closure_certificate.json's rank-0 entry is corroboration). Relation to a REFUTED claim (travels): this is the K_1 instance of the REFUTED E993-FOREST-FIRST-DESCENT-DISJOINT-UNION-UPPER-ADDITIVITY (witness pair K_{1,3}, P_4, neither K_1); a refuted universal says nothing about a proper sub-family; the registry's stored scope contains NO K_1 carve-out (the F3/C-F3-U/F-adjudication sentence saying it does is FALSE and is replaced by this logical warrant); fence §3.8 intact. Excluded: no closure above rank 5; no order bound in the hypothesis; the order-22 class-count replay is NOT an input. Fence §3.1: an order bound / counting statement whose contrapositive has sign Δ_k ≥ 0; not a no-recovery statement; no status transfer to E993-R25-UNR-FOREST-WIDE (OPEN), E993-G1WIDE-NO-SIZE-CAP (OPEN), NR1, FOREST, TREE, TRANSFER, E993-BETA-AGG, the all-rank aggregate or Erdős #993. §3.2 nothing asymptotic. §3.3 (DL) is an average over I_k; no pointwise degree statement. §3.6 every Lean declaration authored in-run; no external Lean text (the audit copy carries no LICENSE). §3.7 attribution travels on this face. Follow-up 2026-09-25: a separate complete order-24 census extends closure to x <= 6 under E993-FOREST-KADDITION-CLOSURE-X-LE-6; this historical x <= 5 identity and grade are not widened.",proved_informal
E993-R27-TWO-POTENTIAL-EDGE-SPLIT-RECURRENCES-ROOTED,VERIFIED,"Notation (travels): for a vertex subset S, deg_S(v) = |N(v) ∩ S|, N_S[v] = (N(v) ∪ {v}) ∩ S, I_k(S) the independent k-subsets of S, i_k(S) = |I_k(S)|, D_k(S) = Σ_{J∈I_k(S)} Σ_{v∈J} deg_S(v), c_v^S(k) = #{J ∈ I_k(S) : v ∈ J}; ℤ-valued families indexed by k ∈ ℕ; x·p the shift ((x·p)(0) = 0, (x·p)(k+1) = p(k)); product = convolution; potentials Z_S(k) = i_k(S); D_S(r)(k) = 2k·i_k(S) − D_k(S) − 2·c_r^S(k) (r ∈ S); E_S(r)(k) = Σ_{J∈I_k(S∖{r})} Σ_{v∈J} (2 − deg_S(v)) − i_k(S∖{r}) + i_k(S∖N_S[r]); D0_S(k) = 2k·i_k(S) − D_k(S). Let S, T be disjoint vertex subsets of a finite simple graph G whose only G-edge between them is r ~ s (r ∈ S, s ∈ T), U = S ∪ T, U ROOTED AT r. Then Z_U = Z_{S∖{r}}·Z_T + x·(Z_{S∖N_S[r]}·Z_{T∖{s}}); D_U(r) = D_S(r)·Z_{T∖{s}} + Z_{S∖{r}}·D_T(s) + x·(E_S(r)·Z_{T∖N_T[s]}) + x·(Z_{S∖N_S[r]}·E_T(s)) + 2x·(Z_{T∖N_T[s]}·(Z_{S∖{r}} − Z_{S∖N_S[r]})); E_U(r) = E_S(r)·Z_T + Z_{S∖{r}}·D_T(s) + x·(Z_{T∖N_T[s]}·(Z_{S∖{r}} − Z_{S∖N_S[r]})). The rooting at r is part of the statement (rooted at s the second and third identities fail in 214,828 of 215,754 labelled instances). Both Z-differences are coefficientwise ≥ 0, so if D_S(r), E_S(r), D_T(s), E_T(s) are coefficientwise nonnegative then every term is a shift of a convolution of nonnegative families and D_U(r), E_U(r) ≥ 0; base case D_{{r}}(r) = E_{{r}}(r) = 0.","Hypotheses consumed by the identities: finiteness; disjointness and separation (the single cross edge). ACYCLICITY IS NOT A HYPOTHESIS of the recurrences (841 arbitrary-graph joins, 0 failures) — it enters one step later, twice: every edge is a bridge (well-formed, strictly decreasing split for the induction over (tree, root) pairs) and it makes D, E nonnegative (off forests the potentials go negative: D_{C_3} = −2x, D_{K_4} = −6x). Canonical single form (abbreviation-free, rooting on its face); T1's abbreviated and C-U2-T's Ẑ presentations are the same identity and are not registered. Provenance that travels: the final forms were printed verbatim to seat T1 by control/C1-ALLOCATION.md item 1; T1's shipped §3 derivation does not reach them. Formalization conditions: x·p by cases on k, never p(k−1) over ℕ; 2 − deg_S(v) in ℤ; the Z-differences' nonnegativity is a theorem (S∖N_S[r] ⊆ S∖{r}). Fence §3.1: an order bound / counting statement whose contrapositive has sign Δ_k ≥ 0; not a no-recovery statement; no status transfer to E993-R25-UNR-FOREST-WIDE (OPEN), E993-G1WIDE-NO-SIZE-CAP (OPEN), NR1, FOREST, TREE, TRANSFER, E993-BETA-AGG, the all-rank aggregate or Erdős #993. §3.2 nothing asymptotic. §3.3 (DL) is an average over I_k; no pointwise degree statement. §3.6 every Lean declaration authored in-run; no external Lean text (the audit copy carries no LICENSE). §3.7 attribution travels on this face.",proved_informal
E993-R27-POTENTIAL-SEPARATED-UNION-CONVOLUTION,VERIFIED,"Notation (travels): for a vertex subset S, deg_S(v) = |N(v) ∩ S|, N_S[v] = (N(v) ∪ {v}) ∩ S, I_k(S) the independent k-subsets of S, i_k(S) = |I_k(S)|, D_k(S) = Σ_{J∈I_k(S)} Σ_{v∈J} deg_S(v), c_v^S(k) = #{J ∈ I_k(S) : v ∈ J}; ℤ-valued families indexed by k ∈ ℕ; x·p the shift ((x·p)(0) = 0, (x·p)(k+1) = p(k)); product = convolution; potentials Z_S(k) = i_k(S); D_S(r)(k) = 2k·i_k(S) − D_k(S) − 2·c_r^S(k) (r ∈ S); E_S(r)(k) = Σ_{J∈I_k(S∖{r})} Σ_{v∈J} (2 − deg_S(v)) − i_k(S∖{r}) + i_k(S∖N_S[r]); D0_S(k) = 2k·i_k(S) − D_k(S). Let A, B be disjoint vertex subsets of a finite simple graph with no G-edge between them. For every k: i_k(A ∪ B) = Σ_{a+b=k} i_a(A)·i_b(B); D_k(A ∪ B) = Σ_{a+b=k} [D_a(A)·i_b(B) + i_a(A)·D_b(B)]; D0_{A∪B} = D0_A·Z_B + Z_A·D0_B; Q_{A∪B} = Q_A·Z_B + Z_A·Q_B with Q_S = D_S(root_S), one root per piece. Consequence: (DL) on A and on B implies (DL) on A ∪ B (2a + 2b = 2k), and the root-corrected form carries identically — the tree case of (DL) is the whole problem; the multi-component step needs no generating function, no product-nonnegativity lemma.","Finiteness and separation only; NO acyclicity (5,625 arbitrary-graph pairs of order ≤ 4, 81,225 doubly-rooted instances, 0 failures). Refutes T2's Part 1 Step 3 diagnosis that the forest layer is a debt requiring T1's mechanism (the refutation is C-T2-U's and C-T2-F's). Fence §3.1: an order bound / counting statement whose contrapositive has sign Δ_k ≥ 0; not a no-recovery statement; no status transfer to E993-R25-UNR-FOREST-WIDE (OPEN), E993-G1WIDE-NO-SIZE-CAP (OPEN), NR1, FOREST, TREE, TRANSFER, E993-BETA-AGG, the all-rank aggregate or Erdős #993. §3.2 nothing asymptotic. §3.3 (DL) is an average over I_k; no pointwise degree statement. §3.6 every Lean declaration authored in-run; no external Lean text (the audit copy carries no LICENSE). §3.7 attribution travels on this face. r28 Cycle 1 (2026-09-25): the consequence clause '(DL) on components ⇒ (DL) on the forest' is formally verified at the corrected hypothesis (every a ≤ k) in award C1-LA3 as E993-R28-FOREST-DEGREE-LEMMA-FROM-TREES; the Lean form is ambient-degree and Finset-relative with `bridge` covering adjacency-closed sets. The r28 SOLUTION-CONTRACT §2 stated the component hypothesis at a single k; that is a defect (R28-E-c; witness K_4 ⊔ K_4 at k = 2) — the hypothesis must hold at every a ≤ k. Status unchanged.",proved_informal
E993-R27-SINGLE-ROOT-SEPARATED-UNION-REDUCTION,VERIFIED,"Notation (travels): for a vertex subset S, deg_S(v) = |N(v) ∩ S|, N_S[v] = (N(v) ∪ {v}) ∩ S, I_k(S) the independent k-subsets of S, i_k(S) = |I_k(S)|, D_k(S) = Σ_{J∈I_k(S)} Σ_{v∈J} deg_S(v), c_v^S(k) = #{J ∈ I_k(S) : v ∈ J}; ℤ-valued families indexed by k ∈ ℕ; x·p the shift ((x·p)(0) = 0, (x·p)(k+1) = p(k)); product = convolution; potentials Z_S(k) = i_k(S); D_S(r)(k) = 2k·i_k(S) − D_k(S) − 2·c_r^S(k) (r ∈ S); E_S(r)(k) = Σ_{J∈I_k(S∖{r})} Σ_{v∈J} (2 − deg_S(v)) − i_k(S∖{r}) + i_k(S∖N_S[r]); D0_S(k) = 2k·i_k(S) − D_k(S). Let A, B be disjoint vertex subsets of a finite simple graph with no G-edge between them and a ∈ A. Then D_{A∪B}(a) = D_A(a)·Z_B + Z_A·D0_B, and for every b ∈ B, D0_B = D_B(b) + 2·c_b^B ≥ D_B(b) coefficientwise, hence D_{A∪B}(a) ≥ D_A(a)·Z_B + Z_A·D_B(b). The naive form D_{A∪B}(a) = D_A(a)·Z_B is FALSE (smallest witness A = B = K_1: left (0, 2, 2), right 0).","Finiteness and separation only; no acyclicity; the asymmetry is forced (the B side carries no root correction). D0_B IS the (DL) slack family of B: the reduction presupposes nothing about (DL) and proves nothing about it — it converts (DL)-on-components plus single-root nonnegativity into single-root nonnegativity on the union. Fence §3.1: an order bound / counting statement whose contrapositive has sign Δ_k ≥ 0; not a no-recovery statement; no status transfer to E993-R25-UNR-FOREST-WIDE (OPEN), E993-G1WIDE-NO-SIZE-CAP (OPEN), NR1, FOREST, TREE, TRANSFER, E993-BETA-AGG, the all-rank aggregate or Erdős #993. §3.2 nothing asymptotic. §3.3 (DL) is an average over I_k; no pointwise degree statement. §3.6 every Lean declaration authored in-run; no external Lean text (the audit copy carries no LICENSE). §3.7 attribution travels on this face.",proved_informal
E993-R27-TREE-LEAF-BRANCH-REFORMULATION-ORDER-GE-2,VERIFIED,"Let T be a finite tree with 2 ≤ n = |V(T)|, L = {v : deg v = 1}, Br = {v : deg v ≥ 3}. For every k, in ℤ: 2k·i_k(T) − D_k(T) = Σ_{l∈L} c_l(k) − Σ_{v∈Br} (deg v − 2)·c_v(k); hence (DL) at k ⟺ Σ_{v∈Br} (deg v − 2)·c_v(k) ≤ Σ_{l∈L} c_l(k); and the slot count, in ℤ: Σ_{v∈Br} (deg v − 2) = |L| − 2.","2 ≤ n is required for the identity and the slot count, and only for them (at n = 1: L = Br = ∅, slot count reads 0 = −2, identity at k = 1 reads 2 = 0); the biconditional's truth value is NOT falsified at n = 1 (both sides hold), so 2 ≤ n is justified by the identity, not by a counterexample to the equivalence. The general weight identity 2k·i_k − D_k = Σ_v (2 − deg v)·c_v(k) holds for every finite graph. Formalization: slot count in ℤ (over ℕ it is provable by truncation and the defect is invisible); deg v − 2 guarded by deg v ≥ 3 or cast to ℤ; n ≤ 1 discharged separately. A REFORMULATION, not a proof of (DL): the Hall/SDR sufficient condition (C-T2-U Step C) is OPEN with bounded-computation support only. §3.3: an inequality between aggregates over I_k. Fence §3.1: an order bound / counting statement whose contrapositive has sign Δ_k ≥ 0; not a no-recovery statement; no status transfer to E993-R25-UNR-FOREST-WIDE (OPEN), E993-G1WIDE-NO-SIZE-CAP (OPEN), NR1, FOREST, TREE, TRANSFER, E993-BETA-AGG, the all-rank aggregate or Erdős #993. §3.2 nothing asymptotic. §3.3 (DL) is an average over I_k; no pointwise degree statement. §3.6 every Lean declaration authored in-run; no external Lean text (the audit copy carries no LICENSE). §3.7 attribution travels on this face. r28 Cycle 1 (2026-09-25): the Hall/SDR sufficient condition (r27 C-T2-U Step C) is REFUTED — the order-22 tree R(3,2)_3 = T22 (a root joined to three hubs, each hub carrying two pendant paths of three edges; 22 vertices, 21 edges; branch tree K_{1,3}) fails it at k = 12, t = 18 (E993-R28-DOMINANCE-REFUTATION); the reformulation itself is unaffected and holds on T22 at every k. The (PW) witness correction (R28-E-b): C-T2-U Step D's order-5 witness S(2,1,1) compares two leaves; the branch-vs-leaf pointwise form first fails at order 9, k = 5. Formal upgrade: the weight identity on any finite graph, the exact leaf/branch identity with the 2Σ_{deg 0} c_v term, and for trees with n ≥ 2 the identity, the biconditional and the slot count in ℤ are formally verified in award C1-LA2. F2's (k, t) = (1, 1) identity Σ_{Br}(deg − 2) = |L| + 2(|E| + Z − n) (Z isolated vertices) is the k = 1 instance of the in-scope weight identity (cross-reference E993-R27-DEGREE-LEMMA-K1-ACYCLICITY-CRITERION, whose criterion counts components). Status unchanged.",proved_informal
E993-R27-FIRSTDESCENT-Z-INDEX-COMPLETENESS,VERIFIED,"For finite X and G : SimpleGraph X, with Erdos993G1.coeff the ℤ-indexed zero extension of indepCount and delta G k = coeff G (k+1) − coeff G k: (1) delta G (−1) = i_0 = 1 > 0 and delta G k = 0 for every integer k ≤ −2, so 0 ≤ delta G k for every k < 0 — no strict descent at a negative index; (2) delta G α = −i_α < 0 and delta G k = 0 for every k > α (α the independence number), so a strict descent exists and the least one over ℤ lies in [0, α]; (3) firstDescent G = Nat.find (exists_delta_neg G) over ℕ is well-defined and equals the least strict descent over ℤ (existence, Nat.find_spec, Nat.find_min).","Finiteness only; NO acyclicity. Clause 3's ℕ-side triple is formally verified in the definition layer (U1's firstDescent_exists/spec/min; U3's exists_delta_neg/delta_firstDescent_neg/not_delta_neg_of_lt_firstDescent; carried in awards C1-LA3/C1-LA4). §3.8: about the sign of delta outside [0, α]; asserts nothing about maximizers; E993-FIRST-STRICT-DESCENT-IS-FIRST-MAXIMIZER (REFUTED) is not a premise and not reopened. x is the first STRICT descent; clause 2 makes that convention complete. Fence §3.1: an order bound / counting statement whose contrapositive has sign Δ_k ≥ 0; not a no-recovery statement; no status transfer to E993-R25-UNR-FOREST-WIDE (OPEN), E993-G1WIDE-NO-SIZE-CAP (OPEN), NR1, FOREST, TREE, TRANSFER, E993-BETA-AGG, the all-rank aggregate or Erdős #993. §3.2 nothing asymptotic. §3.3 (DL) is an average over I_k; no pointwise degree statement. §3.6 every Lean declaration authored in-run; no external Lean text (the audit copy carries no LICENSE). §3.7 attribution travels on this face.",proved_informal
E993-R27-CARRIER-BRIDGES-AND-AGREEMENT-LEMMAS,VERIFIED,"Six Lean declarations authored in-run by the U adjudicator on the scratch carrier, compiled sorry-free at the pinned toolchain with exactly the three permitted axioms: AdjU.indepFinsets_univ_filter_card (the k-filter of the scratch independent-set family at univ equals G.indepSetFinset k); AdjU.Z_univ_eq_indepCount (Z G univ k = Erdos993G1.indepCount G k); AdjU.degOn_univ_eq_degree (degOn G univ v = G.degree v); AdjU.indepFinsets_union_of_separated (membership in the family on A ∪ B ⟺ membership of J ∩ A, J ∩ B in the families on A, B and J ⊆ A ∪ B, for separated A, B); AdjUReconcile.indepDegreeSum_agree and AdjUReconcile.firstDescent_agree (U1's and U3's definitions agree by rfl — definitionally at the level of the definitions themselves: @indepDegreeSum = @Erdos993G1.indepDegreeSum and @firstDescent = @Erdos993G1.firstDescent by rfl).","NOT a governed award: compiled in scratch projects (U adjudicator; replayed by SR-JOIN), never through the kernel verifier with a receipt; recorded as compiled scratch identities, not as formally_verified awards. Conditions on the face: (a) Gate ruling 3 hygiene — the four AdjU declarations mention R27DegreeLemma.indepFinsets/degOn, whose names coincide with the unlicensed external slice; the renames indepFinsets → r27IndepFinsets (body re-expressed), mem_indepFinsets → mem_r27IndepFinsets, degOn → r27DegreeIn are mandatory before any award face carries them; no Stage 7 award of this run carried U2's file, so none did; (b) hd : Disjoint A B is declared and NOT consumed by indepFinsets_union_of_separated (SR-JOIN compiled the identical statement without it); a future formalization drops the binder; (c) indepFinsets_univ_filter_card is load-bearing and was missing from the synthesis's row; (d) [DecidableEq X] unused in degOn_univ_eq_degree; (e) the agreement lemmas are AdjUReconcile.*. The merged U1+U3 project builds with exactly U1's five expected sorry'd §2 targets, carried as statements of record only. §3.1: bridges and definitional agreements; not evidence for (DL)/(EX)/(LB)/(R5)/(XR). Fence §3.1: an order bound / counting statement whose contrapositive has sign Δ_k ≥ 0; not a no-recovery statement; no status transfer to E993-R25-UNR-FOREST-WIDE (OPEN), E993-G1WIDE-NO-SIZE-CAP (OPEN), NR1, FOREST, TREE, TRANSFER, E993-BETA-AGG, the all-rank aggregate or Erdős #993. §3.2 nothing asymptotic. §3.3 (DL) is an average over I_k; no pointwise degree statement. §3.6 every Lean declaration authored in-run; no external Lean text (the audit copy carries no LICENSE). §3.7 attribution travels on this face.",compiled_scratch_sorry_free
E993-BIPARTITE-TAGGED-SHADOW-BOUND,VERIFIED,"For a finite bipartite simple graph H, a vertex subset W, integer a=alpha(H), and natural k with 1<=k<=a, let q_j count independent j-subsets of H meeting W. Then k*q_(k+1)<=2*(a-k)*q_k, in integers.","New proposed counting lemma. No leaf, acyclicity, selector, first descent, residual premise or aggregate. A size-restricted incidence count, not the refuted all-window pointwise addability claim. r29 Cycle 1 (2026-09-25): Registry statement at 1 ≤ k ≤ α(H). The inequality holds for every k ≥ 0 in ℤ and in truncated ℕ (SR-MECH SR-3). It is tight at every 1 ≤ k ≤ a (mK_2 with one tagged vertex; SR-MECH SR-4). Bipartiteness is load-bearing: K_1 ⊔ K_5 with the isolate tagged fails it at k = 1 (SR-MECH SR-9). hk : 1 ≤ k is statement scope (entry 41's body does not use it); hka : k ≤ α makes the ℤ cast exact (Nat.cast_sub).",formally_verified
E993-BIPARTITE-LEAF-HIGH-TAIL-POINTWISE,VERIFIED,"For a finite bipartite simple graph G, any original degree-one vertex v with support s, a=alpha(G), and integer p>=1 with 3*p>=2*a+1, put H=G-{v,s} and R=G-N_G[s]. Then Delta_(p-1)(H)-Delta_(p-1)(R)<=0, using integer zero-extended counts.","Proposed high-rank proper restriction of pointwise leaf sign. No residual or favorable-selector hypothesis. The refuted unrestricted all-window beta target stays refuted; its witnesses must be checked against this explicit rank condition. r29 Cycle 1 (2026-09-25): Every integer p ≥ 1. At p = 1 the guard forces N(s) = {v}, so H_v = R_v and the term deg(s) − 1 is 0 — bipartiteness is sufficient but not needed there (SR-MECH SR-1; erratum R29-E-d). α(G − {v, s}) = α(G) − 1 for every leaf of every finite graph (SR-MECH SR-2). The guard 3p ≥ 2α + 1 is sharp on trees at every α ≥ 2 (E993-R29-HIGH-TAIL-BOUNDARY-RECORD). Bipartiteness is load-bearing exactly for 3 ≤ p ≤ α(G) − 1 (which forces α ≥ 4): on ANY graph with a leaf the term is −q_{p−1} ≤ 0 whenever p ≥ α(G), which under the guard covers p = 1 and p = 2; the non-bipartite P_3 ⊔ 2K_3 at (α, p) = (4, 3) has term +3 (SR-MECH SR-9, repaired wording). The E993-BETA-TARGET witnesses fail the guard. No selector, residual or connectivity hypothesis.",formally_verified
E993-INTERIOR-ELIGIBILITY-ALPHA-GE-SEVEN,VERIFIED,"For every finite ordinary tree T with p=alpha(T)-2 as an integer and x(T)+2<=p, where x is first strict negative forward difference, alpha(T)>=7.","Proposed guard lemma for the registered first-interior aggregate only. Does not assert an aggregate sign, no-recovery or unimodality. r29 Cycle 1 (2026-09-25): Guard lemma only. The ℕ hypothesis crossingIndex + 2 ≤ indepNum − 2 is equivalent to the integer hypothesis for every α (both false for α < 2). Proof: Codex's entry 43 (eligibleAlphaGeSeven, with its Guard helpers) carried byte-identically under a new terminal name; acyclicity enters all three Δ₂ branches (entry 34), connectivity through card_edgeFinset. The first-interior award E993-INTERIOR-ALPHA-MINUS-TWO-AGGREGATE is unchanged.",formally_verified
E993-R28-DOMINANCE-REFUTATION,REFUTED,"The leaf/slot dominance condition (HS) — for every finite tree T, every k and every t ≥ 1, Σ_{v∈Br : c_v(k) ≥ t}(deg v − 2) ≤ #{ℓ ∈ L : c_ℓ(k) ≥ t} (equivalently, by Hall, an injection from the deg−2 branch slots to leaves with c_ℓ(k) ≥ c_v(k)) — is FALSE. Witness: the order-22 tree R(3,2)_3 = T22 (a root joined to three hubs, each hub carrying two pendant paths of three edges; 22 vertices, 21 edges; branch tree K_{1,3}). At k = 12: i_12 = 19, c_root = 18, c_hub = 0, every leaf c = 17; at t = 18 there is 1 slot and 0 leaves, so the threshold form fails and the largest slot→leaf matching covers 3 of 4 slots. It also fails at k = 11 (t = 137..141; c_root = 141, leaves 136) and at no other k. (DL) holds on T22 at every k. Infinite family R(d,m) (d ≥ 3 hubs, m ≥ 2 legs of three edges; merged by the F adjudicator with C-F1-U's T(d,r) into U(d,m,r), legs of 2r+1 edges): fails at k = α − 1 with the root beating every leaf and shortfall d − 2 → ∞. Minimality: no tree of order ≤ 21 fails (exhaustive, two reconciled instruments; 2,144,505 trees at order 21); T22 is the UNIQUE failing tree among the 5,623,756 trees of order 22 (one instrument).","Grades clause by clause: the witness REFUTED (exact finite counts; C-F1-T and C-F1-U independently; T/F/U adjudicators and the controller replayed; SR-HS-REF confirmed by 2^22 brute force, a rerooting DP and a deletion recursion); the family R(d,m) proved_informal (SR-HS-REF HR-2; both parameter bounds necessary); minimum order 22 bounded_computation (two instruments to order 21); uniqueness at 22 bounded_computation (one instrument). Fallen with it (NOT open conjectures): every sufficient condition the cycle proposed — the local-first residual matching / R-SDR, the rooted export conjecture, the rooted-subtree rule, residual-Hall, '(HS) for connected |E| ≤ n graphs', the fractional matching and the matching into leaves ∪ degree-2 vertices — each fails on T22, where c_root is the STRICT maximum of c_v over all 22 vertices at both failing k. What survives: (HS) on trees whose branch tree has maximum degree ≤ 2 (E993-R28-LEAF-SLOT-DOMINANCE-BRANCH-TREE-MAX-DEGREE-LE-2), sharp for every bound D ≥ 3 (R(D,2) fails). The SDR route to a second proof of (DL) on all forests is CLOSED as stated. Attribution: C-F1-T and C-F1-U (discovery, isolated from each other; F1 credited for the pointer — its five tight instances at orders 19–20 are T22 with one leg shortened); the T, F, U adjudicators (replays); SR-HS-REF; controller prior control/controller-prerun/r22_check.py. Fence §3.1: a statement about independent-set counts on finite trees/graphs; not a no-recovery statement; no status transfer to E993-R25-UNR-FOREST-WIDE, E993-G1WIDE-NO-SIZE-CAP, NR1, FOREST, TREE, TRANSFER, E993-BETA-AGG, the aggregate at any rank, E993-INTERIOR-ALPHA-MINUS-TWO-AGGREGATE or Erdős #993. §3.2 (DL) stays formally verified by r27's injection and is never re-registered. §3.3 (PW) stays refuted and is never a premise. §3.4 a census horizon is bounded_computation, never a grade. §3.5 no sealed record edited.",explicit_exact_finite_counterexample
E993-R28-TREE-LEAF-SLOT-DOMINANCE,REFUTED,"(HS) For every finite tree T, every k and every t ≥ 1: Σ_{v∈Br : c_v(k) ≥ t}(deg v − 2) ≤ #{ℓ ∈ L : c_ℓ(k) ≥ t}; equivalently (HS-SDR) an injection from the branch slots to the leaves with c_ℓ(k) ≥ c_v(k). The r28 Tier 1 target.","REFUTED as a universal statement (witness T22, k = 12, t = 18 — see E993-R28-DOMINANCE-REFUTATION). The Lean target tree_leaf_slot_dominance of SOLUTION-CONTRACT §2 is WITHDRAWN; U2's slot_leaf_sdr_exists is a false statement and is never proved or carried. TRUE on the subclass of trees whose branch tree has maximum degree ≤ 2 (E993-R28-LEAF-SLOT-DOMINANCE-BRANCH-TREE-MAX-DEGREE-LE-2), sharp. Not to be confused with the true pendant-path leaf dominance lemma (E993-R28-PENDANT-PATH-LEAF-DOMINANCE). Fence §3.1: a statement about independent-set counts on finite trees/graphs; not a no-recovery statement; no status transfer to E993-R25-UNR-FOREST-WIDE, E993-G1WIDE-NO-SIZE-CAP, NR1, FOREST, TREE, TRANSFER, E993-BETA-AGG, the aggregate at any rank, E993-INTERIOR-ALPHA-MINUS-TWO-AGGREGATE or Erdős #993. §3.2 (DL) stays formally verified by r27's injection and is never re-registered. §3.3 (PW) stays refuted and is never a premise. §3.4 a census horizon is bounded_computation, never a grade. §3.5 no sealed record edited.",explicit_exact_finite_counterexample
E993-R28-DOMINANCE-CENSUS,VERIFIED,"Census record for (HS): the threshold form and the matching form hold on every free tree of order ≤ 21 (exhaustive; A000055 matched at every order; two reconciled instruments at order 21: C-F1-T's own and F1's as run by C-F1-U; F1 to order 20 on its own instrument with 1,346,023 classes; SR-HS-REF's centroid enumerator to order 22), and fail at order 22 on exactly one tree (T22; one instrument, SR-HS-REF). Tight instances of the threshold form (slack 0 at some t ≥ 1) first appear at orders 19–20 (five, all a single-slot-vs-single-leaf tie at the top threshold — T22 with one leg shortened); none at t = min c_v through order 20. On the residue class (a branch vertex with ≥ 3 branch-tree neighbours; counts 1, 4, 19, 77, 287, 1,002, 3,365, 10,853, 34,088 at orders 10–18) (HS) holds through order 21.","bounded_computation only; never a grade for any universal statement. Adversarial families to n = 4,800 and random Prüfer trees to order ~80 (F1) found no failure — consistent, since every failure found is of the multi-hub type at order ≥ 22. The controller's order-18 instrument is a prior. Fence §3.1: a statement about independent-set counts on finite trees/graphs; not a no-recovery statement; no status transfer to E993-R25-UNR-FOREST-WIDE, E993-G1WIDE-NO-SIZE-CAP, NR1, FOREST, TREE, TRANSFER, E993-BETA-AGG, the aggregate at any rank, E993-INTERIOR-ALPHA-MINUS-TWO-AGGREGATE or Erdős #993. §3.2 (DL) stays formally verified by r27's injection and is never re-registered. §3.3 (PW) stays refuted and is never a premise. §3.4 a census horizon is bounded_computation, never a grade. §3.5 no sealed record edited.",bounded_computation
E993-R28-PENDANT-PATH-LEAF-DOMINANCE,VERIFIED,"For any finite simple graph G, any pendant path u_0 – u_1 – … – u_m = ℓ (ℓ a leaf, deg ℓ = 1; u_1..u_{m−1} of degree 2; u_0 arbitrary) and every k: c_{u_i}(k) ≤ c_ℓ(k) for every i = 0..m, where c_v(k) = #{J ∈ I_k(G) : v ∈ J}. Proof: for interior i, G − N[u_i] is isomorphic to (G − N[ℓ]) − u_{i−1}, an induced subgraph of G − N[ℓ] (shift the tail beyond u_{i+1} two steps toward u_0, leaving u_{i−1} empty), so c_{u_i}(k) = i_{k−1}(G − N[u_i]) ≤ i_{k−1}(G − N[ℓ]) = c_ℓ(k); for i = 0 the shifted tail may use u_0, whose other neighbours are absent from G − N[u_0]; equivalently the exact difference formula c_ℓ − c_u = P_{d−2}·(Z(Q) − Z(Q − N_Q(u))) ≥ 0.","Graph-general (no tree hypothesis; finiteness only). The case i = m − 1 (leaf ≥ support) is clause (i) of the VERIFIED E993-PAIR-R-LE-G-POINTWISE in another index convention; this key extends it strictly along the whole pendant path including the anchor u_0. Excluded: stepwise monotonicity along the path (REFUTED — S(3,1,1), k = 3: c_1 = 3 > c_2 = 1); the pointwise branch-vs-leaf form (PW) (REFUTED, smallest witness order 9, k = 5). Six independent critic derivations are ONE proof (SR-PP PP-1). Lean: Erdos993G1.pendant_path_leaf_dominance (award C1-LA4, runs/lean-2026-09-25-c1-la4-pendant-path-leaf-dominance). Fence §3.1: a statement about independent-set counts on finite trees/graphs; not a no-recovery statement; no status transfer to E993-R25-UNR-FOREST-WIDE, E993-G1WIDE-NO-SIZE-CAP, NR1, FOREST, TREE, TRANSFER, E993-BETA-AGG, the aggregate at any rank, E993-INTERIOR-ALPHA-MINUS-TWO-AGGREGATE or Erdős #993. §3.2 (DL) stays formally verified by r27's injection and is never re-registered. §3.3 (PW) stays refuted and is never a premise. §3.4 a census horizon is bounded_computation, never a grade. §3.5 no sealed record edited.",formally_verified
E993-R28-BRANCH-TREE-SURPLUS-IDENTITY,VERIFIED,"For a finite tree and a branch vertex v (deg v ≥ 3) let b(v) be the number of branch vertices reachable from v without passing another branch vertex (its branch-tree degree) and own(v) the leaves reachable from v without passing another branch vertex (its own pendant leaves). Then |own(v)| = deg v − b(v), so |own(v)| − (deg v − 2) = 2 − b(v); summing over a nonempty Br, Σ_{v∈Br}(|own(v)| − (deg v − 2)) = 2. Hence the own-leaves assignment (each branch vertex served by its own pendant leaves) covers every slot iff no branch vertex has b(v) ≥ 3; the smallest tree with a branch vertex of b(v) ≥ 3 is the order-10 'starved hub' (a hub joined to three branch vertices each with two leaves; α = 7), unique at its order.","Trees only (the pendant-direction count uses acyclicity). Absorbs the order-10 local-failure record (existence T1; construction T2; minimality and uniqueness critic-attributed, C-T2-F/C-T2-U/C-T1-F; SR-PP proved). Fence §3.1: a statement about independent-set counts on finite trees/graphs; not a no-recovery statement; no status transfer to E993-R25-UNR-FOREST-WIDE, E993-G1WIDE-NO-SIZE-CAP, NR1, FOREST, TREE, TRANSFER, E993-BETA-AGG, the aggregate at any rank, E993-INTERIOR-ALPHA-MINUS-TWO-AGGREGATE or Erdős #993. §3.2 (DL) stays formally verified by r27's injection and is never re-registered. §3.3 (PW) stays refuted and is never a premise. §3.4 a census horizon is bounded_computation, never a grade. §3.5 no sealed record edited.",proved_informal
E993-R28-SDR-THRESHOLD-EQUIVALENCE,VERIFIED,"For a finite simple graph G and k, with slots the multiset of deg v − 2 copies of each branch vertex v and leaves L: an injection f from the slots to L with c_{f(s)}(k) ≥ c_{v(s)}(k) on every slot exists iff for every t ∈ ℕ (including t = 0): Σ_{v∈Br : c_v(k) ≥ t}(deg v − 2) ≤ #{ℓ ∈ L : c_ℓ(k) ≥ t}. On a finite TREE the t = 0 row holds automatically (the slot count |L| − 2 ≤ |L|), so t ≥ 1 suffices there. Proof: the threshold bipartite graph has nested neighbourhoods, so Hall's condition reduces to the threshold family (Hall via Mathlib), or directly by sort-and-pair (T2's Lemma SAP).","An equivalence per (G, k); never evidence for either side. On general graphs the quantifier must include t = 0 (K_4 and the diamond at k = 2, K_{2,3} at k = 3 fail with t ≥ 1 alone — SR-PP PP-3). After the refutation it says T22's threshold failure is exactly a matching failure. Lean: sdr_iff_threshold (graph-general, all t) and sdr_iff_threshold_pos_of_tree (trees, t ≥ 1) in award C1-LA3 (runs/lean-2026-09-25-c1-la3-forest-composition-and-hall). Fence §3.1: a statement about independent-set counts on finite trees/graphs; not a no-recovery statement; no status transfer to E993-R25-UNR-FOREST-WIDE, E993-G1WIDE-NO-SIZE-CAP, NR1, FOREST, TREE, TRANSFER, E993-BETA-AGG, the aggregate at any rank, E993-INTERIOR-ALPHA-MINUS-TWO-AGGREGATE or Erdős #993. §3.2 (DL) stays formally verified by r27's injection and is never re-registered. §3.3 (PW) stays refuted and is never a premise. §3.4 a census horizon is bounded_computation, never a grade. §3.5 no sealed record edited.",formally_verified
E993-R28-HS-LOCAL-MECHANISMS,REFUTED,"Five local mechanisms proposed for proving (HS) are FALSE, each with an order-minimal, unique-at-its-order witness: (M1) monotonicity of c along a pendant path anchored at a branch vertex — S(3,1,1), k = 3 (c_1 = 3 > c_2 = 1); (M2) branch-vertex self-sufficiency (every branch vertex has ≥ deg − 2 own pendant leaves) — order 10, the starved hub; (M3) interior-vs-extremal dominance (c_v ≤ c_w for w a leaf of the branch tree, v interior) — order 8; (M4) 'one dominating leaf per own direction' / serving a deficient branch vertex from each own branch direction — order 12, k = 6; (M5) the branch-vs-leaf pointwise form (PW) c_v(k) ≤ c_ℓ(k) for every branch v and leaf ℓ — order 9, k = 5 (c_0 = 2 > c_8 = 1) (the r27 order-5 witness compares two leaves: erratum R28-E-b).","A refuted-mechanisms record; each witness verified by hand (SR-PP). Minimality proved for M1–M3, computational for M4–M5. Anchoring matters for M1: with an arbitrary anchor it already fails on P_3 at k = 2. Fence §3.1: a statement about independent-set counts on finite trees/graphs; not a no-recovery statement; no status transfer to E993-R25-UNR-FOREST-WIDE, E993-G1WIDE-NO-SIZE-CAP, NR1, FOREST, TREE, TRANSFER, E993-BETA-AGG, the aggregate at any rank, E993-INTERIOR-ALPHA-MINUS-TWO-AGGREGATE or Erdős #993. §3.2 (DL) stays formally verified by r27's injection and is never re-registered. §3.3 (PW) stays refuted and is never a premise. §3.4 a census horizon is bounded_computation, never a grade. §3.5 no sealed record edited.",explicit_exact_finite_counterexample
E993-R28-LEAF-SLOT-DOMINANCE-BRANCH-TREE-MAX-DEGREE-LE-2,VERIFIED,"Theorem BTP. For every finite tree T whose branch tree (the tree on the branch vertices obtained by suppressing degree-2 vertices; trivial when Br has ≤ 1 vertex) has maximum degree ≤ 2 — i.e. no branch vertex has three or more branch-tree neighbours (b(v) ≤ 2) — and every k and every t (including t = 0): Σ_{v∈Br : c_v(k) ≥ t}(deg v − 2) ≤ #{ℓ ∈ L : c_ℓ(k) ≥ t}, and the own-leaves map is an SDR. Proof: each branch vertex has deg v − b(v) ≥ deg v − 2 own pendant leaves (acyclicity); own-leaf sets of distinct branch vertices are disjoint; by the pendant-path leaf dominance lemma every own leaf ℓ of v has c_ℓ(k) ≥ c_v(k); assign the slots of v to distinct own leaves. The class contains all paths, stars, spiders, caterpillars, brooms and double brooms (65,512 of the 81,136 trees of orders 2–17).","SHARP in the branch-degree parameter: for every D ≥ 3 the tree R(D,2) has branch tree K_{1,D} and fails (HS) (D = 3: T22). Needs neither Hall nor the slot count nor the surplus identity nor connectivity beyond acyclicity. Composed with the reduction E993-R28-DOMINANCE-IMPLIES-DEGREE-LEMMA it gives a SECOND proof of the degree lemma (DL) on this class by a matching argument — registered as a scope note on E993-R27-FOREST-DEGREE-LEMMA (an alias distinction), never a (DL) key; (DL) on all forests remains proved only by r27's injection. Lean: award C1-LA5 (runs/lean-2026-09-25-c1-la5-btp-second-proof-on-class). Fence §3.1: a statement about independent-set counts on finite trees/graphs; not a no-recovery statement; no status transfer to E993-R25-UNR-FOREST-WIDE, E993-G1WIDE-NO-SIZE-CAP, NR1, FOREST, TREE, TRANSFER, E993-BETA-AGG, the aggregate at any rank, E993-INTERIOR-ALPHA-MINUS-TWO-AGGREGATE or Erdős #993. §3.2 (DL) stays formally verified by r27's injection and is never re-registered. §3.3 (PW) stays refuted and is never a premise. §3.4 a census horizon is bounded_computation, never a grade. §3.5 no sealed record edited.",formally_verified
E993-R28-DOMINANCE-IMPLIES-DEGREE-LEMMA,VERIFIED,"(LC) For every finite simple graph G and every k: if for every t ≥ 1, Σ_{v∈Br : c_v(k) ≥ t}(deg v − 2) ≤ #{ℓ ∈ L : c_ℓ(k) ≥ t}, then D_k(G) ≤ 2k·i_k(G). Proof: layer-cake (Σ_{v∈Br}(deg v − 2)·c_v(k) = Σ_{t≥1} slots_{≥t}, Σ_L c_ℓ(k) = Σ_{t≥1} leaves_{≥t}) and the weight identity 2k·i_k − D_k = Σ_v (2 − deg v)·c_v(k) = Σ_L c_ℓ + 2Σ_{deg 0} c_v − Σ_{Br}(deg v − 2)c_v (degree-0 vertices add slack, degree-2 contribute 0). The contract's tree form (hypothesis over all t, hT : IsTree present and unused) is the terminal declaration; the graph-general t ≥ 1 form is its scope declaration (erratum R28-E-a: on non-trees the t = 0 row is an extra condition, witness K_4 − e at k = 2).","Not a proof of (DL) and not a second proof of (DL): its hypothesis FAILS at (T22, 11) and (T22, 12). No composition with tree_leaf_slot_dominance. With Theorem BTP it yields a second proof of (DL) on the max-branch-degree-≤2 class only. Companion formal content (scope note on E993-R27-TREE-LEAF-BRANCH-REFORMULATION-ORDER-GE-2, never a new key): the r27 reformulation in full — the weight identity on any finite graph, the exact leaf/branch identity with the 2Σ_{deg 0} term, and for trees with n ≥ 2 the identity, the biconditional and the slot count in ℤ — formalized by C-U1-T and C-U1-F. Lean: Erdos993G1.dominance_implies_degree_lemma (award C1-LA2, runs/lean-2026-09-25-c1-la2-layer-cake-reduction). Fence §3.1: a statement about independent-set counts on finite trees/graphs; not a no-recovery statement; no status transfer to E993-R25-UNR-FOREST-WIDE, E993-G1WIDE-NO-SIZE-CAP, NR1, FOREST, TREE, TRANSFER, E993-BETA-AGG, the aggregate at any rank, E993-INTERIOR-ALPHA-MINUS-TWO-AGGREGATE or Erdős #993. §3.2 (DL) stays formally verified by r27's injection and is never re-registered. §3.3 (PW) stays refuted and is never a premise. §3.4 a census horizon is bounded_computation, never a grade. §3.5 no sealed record edited.",formally_verified
E993-R28-FOREST-DEGREE-LEMMA-FROM-TREES,VERIFIED,"(FC) For every finite forest G (G.IsAcyclic) and every k: if every finite tree T (on any finite carrier) satisfies D_a(T) ≤ 2a·i_a(T) for every a ≤ k, then D_k(G) ≤ 2k·i_k(G). Via the two-piece separated-union convolutions i_k(A ∪ B) = Σ_{a+b=k} i_a(A) i_b(B), D_k(A ∪ B) = Σ_{a+b=k}[D_a(A) i_b(B) + i_a(A) D_b(B)] (Finset-relative, ambient degree), peeling one connected component at a time (component supports are adjacency-closed), the bridge to induced subgraphs, and 'components of an acyclic graph are trees' (the only use of acyclicity).","The formal consequence clause of E993-R27-POTENTIAL-SEPARATED-UNION-CONVOLUTION (scope note there). Erratum R28-E-c: the hypothesis MUST hold at every a ≤ k — at a single k it does not compose (K_4 ⊔ K_4 at k = 2: components 0 ≤ 0, union 96 > 64); SOLUTION-CONTRACT §2's single-k form is withdrawn. Scope declarations: degree_lemma_of_components (any finite graph, no acyclicity), forest_degree_lemma_of_components_allk (hG unused). NEVER composed with r27's forest_degree_lemma to present a 'second proof' of (DL). Lean: Erdos993G1.forest_degree_lemma_of_tree_degree_lemma (award C1-LA3, runs/lean-2026-09-25-c1-la3-forest-composition-and-hall). Fence §3.1: a statement about independent-set counts on finite trees/graphs; not a no-recovery statement; no status transfer to E993-R25-UNR-FOREST-WIDE, E993-G1WIDE-NO-SIZE-CAP, NR1, FOREST, TREE, TRANSFER, E993-BETA-AGG, the aggregate at any rank, E993-INTERIOR-ALPHA-MINUS-TWO-AGGREGATE or Erdős #993. §3.2 (DL) stays formally verified by r27's injection and is never re-registered. §3.3 (PW) stays refuted and is never a premise. §3.4 a census horizon is bounded_computation, never a grade. §3.5 no sealed record edited.",formally_verified
E993-FOREST-RANK6-DESCENT-MAXIMUM-CENSUS24,VERIFIED,"For every finite ordinary forest G, Delta_6(G)<0 implies |V(G)|<=22, and P22 attains this bound: i_6=12376, i_7=11440, Delta_6=-936. Equivalently M(6)=22.","All finite ordinary forests including disconnected forests and isolates. Global scope follows from the formally verified r27 n<=4k bound at k=6 plus the complete census of orders 0..24 (146271594 forest classes including empty). Exactly 4764 classes at order 22 have Delta_6<0; none at orders 23 or 24. Evidence grade remains bounded_computation; the formal ceiling does not make the census a Lean theorem. Together with the earlier M(0..5) row, XR occupancy at r=7 is 22 (a corollary, not a second award). No no-recovery, aggregate, unimodality or rank>=7 conclusion.",bounded_computation
E993-FOREST-KADDITION-CLOSURE-X-LE-6,VERIFIED,"For every finite ordinary forest G with first strict descent x(G)<=6, x(G disjoint union K1)<=x(G)+1.","No order cap in the statement. The formal n<=4x ceiling confines all eligible forests to order<=24; the frozen complete order-24 census directly checks the first strict descent after K1 addition on all 2176760 eligible forest classes, with zero failures. Coefficients are zero-extended and plateaus are not descents; empty forest x=0 maps to K1 with x=1. The identity Delta_j(G+K1)=i_(j+1)(G)-i_(j-1)(G) is tested through j=7. Grade proved_informal with a named exhaustive census input, never formally_verified. No result for x>=7. The REFUTED universal disjoint-union upper-additivity claim remains REFUTED; its witness K1,3 and P4 does not concern the proper K1 subfamily. No aggregate or unimodality award.",proved_informal
E993-LOWER-REGION-ORDINARY-FAVORABLE-LEAF-AGGREGATE,OPEN,"For every finite ordinary tree T with a=alpha(T), first strict descent x(T) of its integer zero-extended independence counts, and natural p satisfying x(T)+2<=p and 3p<2a+1, the complete sum over original leaves v with Delta_p(T-v)<0 of Delta_(p-1)(T-{v,s_v})-Delta_(p-1)(T-N_T[s_v]) is nonpositive.",Connected acyclic finite simple graphs; original leaves are distinct tags even when supports coincide; original supports and original closed neighborhoods; empty selected set has sum zero; no residual hypothesis; no governed RTree transport.,open
E993-BIPARTITE-TAGGED-INCIDENCE-DEFICIT-IDENTITY,OPEN,"For every finite bipartite graph H, vertex subset W, integer h>=alpha(H), and 1<=k<=h, let q_j count independent j-sets meeting W, e(A) count actual addable vertices for a tagged independent k-set A, D=sum_A(2(h-k)-e(A)), and C count independent (k+1)-sets meeting W in at least two vertices once each. Then k*q_(k+1)+C=2(h-k)*q_k-D, with D,C>=0.","Exact marked extension accounting with separately defined nonnegative deficits. It strictly refines the inequality-only E993-BIPARTITE-TAGGED-SHADOW-BOUND; it is not an alias of that bound, unmarked extension double-counting, or root-corrected degree lemmas.",open
E993-MARKED-ISOLATE-ORDER-BAND,VERIFIED,"For every finite simple graph G on m vertices, every W containing all isolated vertices of G, and every natural k>=2 with m<=2k+1, the number of independent (k+1)-sets meeting W is at most the number of independent k-sets meeting W.","Arbitrary finite simple graphs, not necessarily forests or bipartite; W is a vertex subset containing every isolate. Rank and order guards are essential. Generic marked counts, no selector, residual class or first-descent hypothesis.",formally_verified
E993-ORDINARY-LEAF-ORDER-BAND,VERIFIED,"For every finite ordinary tree T, every original leaf v with original support s, and every natural p>=3 with |V(T)|<=2p+1, Delta_(p-1)(T-{v,s})-Delta_(p-1)(T-N_T[s])<=0.","Original tree and original neighborhoods; integer zero-extended counts. A restricted order-band pointwise claim. It implies the complete favorable-leaf sum on this order band only. No transfer to the unrestricted pointwise beta claim, which remains REFUTED, or to the all-rank aggregate.",formally_verified
E993-LOWER-REGION-FIRST-ORDER-SHELL,VERIFIED,"For every finite ordinary tree T with a=alpha(T), first strict descent x(T), and natural p satisfying x(T)+2<=p, 3p<2a+1, and |V(T)|=2p+2, the complete favorable-original-leaf aggregate is nonpositive.","First remaining order shell of the registered lower-region target. Distinct from ordinary G1 residual order bands: here the bound concerns |T| and the full fixed favorable-leaf sum, not a residual forest or a pointwise summand.",formally_verified
E993-R29-BIPARTITE-HIGH-TAIL-AGGREGATE,VERIFIED,"(HTA) For every finite bipartite simple graph G and every integer p ≥ 1 with 3p ≥ 2α(G) + 1: the favorable-leaf aggregate S(G, p) = Σ_{v original leaf, Δ_p(G − v) < 0} [Δ_{p−1}(G − {v, s_v}) − Δ_{p−1}(G − N_G[s_v])] ≤ 0 (C5LA1.aggregate G p ≤ 0; original strict selector; one tag per original leaf; integer zero-extended counts). No eligibility, residual or connectivity hypothesis.","Every finite bipartite graph, hence every tree and forest; the whole high-tail region 3p ≥ 2α + 1 at every rank. Consequence for E993-R23-ORDINARY-FAVORABLE-LEAF-AGGREGATE (OPEN): closed for every eligible rank in that region; the open remainder is exactly x(T) + 2 ≤ p ≤ ⌊2α(T)/3⌋. Proof: Finset.sum_nonpos over E993-BIPARTITE-LEAF-HIGH-TAIL-POINTWISE. Kernel-checked as a companion lemma inside C1-LA2's source where that award closed, but not bound as a separate certificate — grade proved_informal; a standalone award passes to a successor (same carry; body ready). Fence SOLUTION-CONTRACT §3.1: a statement about independent-set counts on finite bipartite graphs/trees; not a no-recovery statement; no status transfer to E993-R25-UNR-FOREST-WIDE, E993-G1WIDE-NO-SIZE-CAP, NR1, FOREST, TREE, TRANSFER, E993-BETA-AGG (governed RTree), or Erdős #993. §3.2 the first-interior award and r26's residual award are unchanged. §3.3 nothing about the lower region 3p < 2α+1 (Codex/Astra's). §3.4 not an alias of the REFUTED E993-BETA-TARGET / E993-BETA-AGG-SUPPORT / E993-C3-G1-POINTWISE-ADDABILITY-BOUND. §3.5 no census value, root correction or Hall/SDR step. §3.8 each award is its own certificate.",proved_informal
E993-R29-TOP-RANK-NONRESIDUAL-AGGREGATE,VERIFIED,"(TRN) For every finite ordinary tree T with p = α(T) − 1: if x(T) + 2 ≤ p (x the first STRICT descent, C5LA1.crossingIndex; ℕ hypothesis crossingIndex + 2 ≤ indepNum − 1, equivalent to the integer one for every α) then S(T, p) = Σ_{v ∈ F_p(T)} [Δ_{p−1}(T − {v, s_v}) − Δ_{p−1}(T − N_T[s_v])] ≤ 0 (C5LA1.aggregate T (indepNum − 1) ≤ 0). NO residual hypothesis. Proof: the ℕ hypothesis forces α ≥ 3; Δ₀ = n − 1 ≥ 0 gives x ≥ 1, so α ≥ 4 and p = α − 1 ≥ 3; 3(α − 1) ≥ 2α + 1 ⟺ α ≥ 4; apply (HTA) with bipartiteness from IsTree.","Literal ordinary-tree statement at the top rank p = α − 1 with the eligibility hypothesis alone. Relations: strictly_weaker_hypotheses_than E993-R26-TOP-RANK-RESIDUAL-SIGN (same conclusion and rank; hAlpha : 2 ≤ α and the residual condition (★) DROPPED; a different mechanism — tagged shadow, not the (RI)/(RC) budget); one_rank_of E993-R23-ORDINARY-FAVORABLE-LEAF-AGGREGATE (OPEN; one rank closed, not the key). Eligible trees have α ≥ 5 (no eligible tree — indeed no eligible bipartite graph — has α ≤ 4; on non-bipartite graphs α = 4 is attained: K_3 ∨ 4K_1), so the guard 3p ≥ 2α + 1 holds strictly on this domain; the smallest eligible trees have order 7 (four eligible trees at order 7, exactly three at the minimum α = 5 with S = −12, −14, −16; the fourth is K_{1,6} with α = 6) (SR-TRN SR-6, repaired wording). The conclusion holds on every finite bipartite graph, hence on every forest, under the same ℕ hypothesis (connectivity unused; IsAcyclic.isBipartite) — this bipartite/forest clause is graded proved_informal SEPARATELY (not kernel-checked; the terminal theorem is stated on trees) and asserts no strict inequality (S = 0 occurs, e.g. the edgeless graph on 6 vertices is eligible) (SR-TRN SR-7, repaired). Top-rank eligibility forces α ≥ 4 on every finite simple graph, with no Nonempty hypothesis (SR-TRN SR-5). At p = α − 1 every leaf of a tree with α ≥ 2 is favorable (r24 C4LA1.topRankSelectorCollapse, a published Lean award without a claim identity), so this is a full-leaf sum. Excluded: any strict inequality (E993-R26-TOP-RANK-RESIDUAL-SIGN-STRICT untouched; the census maximum S = −12 to order 16 is bounded_computation only); any other rank; any widening of r26; E993-R26-TOP-RANK-N2-LE-M (REFUTED) is unused. Fence SOLUTION-CONTRACT §3.1: a statement about independent-set counts on finite bipartite graphs/trees; not a no-recovery statement; no status transfer to E993-R25-UNR-FOREST-WIDE, E993-G1WIDE-NO-SIZE-CAP, NR1, FOREST, TREE, TRANSFER, E993-BETA-AGG (governed RTree), or Erdős #993. §3.2 the first-interior award and r26's residual award are unchanged. §3.3 nothing about the lower region 3p < 2α+1 (Codex/Astra's). §3.4 not an alias of the REFUTED E993-BETA-TARGET / E993-BETA-AGG-SUPPORT / E993-C3-G1-POINTWISE-ADDABILITY-BOUND. §3.5 no census value, root correction or Hall/SDR step. §3.8 each award is its own certificate.",formally_verified
E993-R29-HIGH-TAIL-BOUNDARY-RECORD,VERIFIED,"Boundary record for the high-tail guard 3p ≥ 2α(G) + 1 of E993-BIPARTITE-LEAF-HIGH-TAIL-POINTWISE. B1 (sharpness at every α ≥ 2): for every integer α ≥ 2 there is a tree of order 2α with independence number α and an original leaf whose term Δ_{p−1}(H_v) − Δ_{p−1}(R_v) is strictly POSITIVE at p = ⌊2α/3⌋ — family A (C-F1-T): a centre s with one leaf v and m = α − 1 legs s–w_i–u_i, term(p) = C(m,p)(2^p − 1) − C(m,p−1)(2^{p−1} − 1); family B (C-F1-U): the path v–s–w–c plus m = α − 2 pendant edges a_i–b_i with a_i ~ c, term(p) = C(m,p−1)·2^{p−1} − C(m,p−2)·2^{p−2} for 2 ≤ p ≤ m + 2 (zero at guard equality). B2: the largest p with a positive leaf term on trees is exactly ⌊2α/3⌋ for every α ≥ 2 (B1 + the pointwise sign). B3 (bounded_computation): smallest tree witnesses at 3p = 2α are P_6 and the spider S(1,2,2) (order 6, α = 3, p = 2, term +1); at 3p = 2α − 1, P_3 (order 3, p = 1); smallest labelled bipartite graph P_3 ⊔ K_2 (order 5). B4 (hypothesis necessity, exact finite): K_1 ⊔ K_5 with the isolate tagged fails (TSB) at k = 1 (5 > 2); P_3 ⊔ 2K_3 (order 9, α = 4, p = 3) has leaf term +3 — bipartiteness is load-bearing for (TSB) and for (HTP) at p ≥ 2.","A record about the guard's PRECISION: it refutes nothing in scope; it evaluates single leaf terms exactly at 3p = 2α but NO selector, aggregate or mechanism below the guard (fence §3.3 in that sense); the unguarded pointwise statement is already REFUTED as E993-BETA-TARGET in the governed RTree setting only — no bridge to ordinary trees is claimed and no new refutation key is needed. B1 shows only that the pointwise leaf sign, over all trees and leaves, fails one rank below the guard. Grades: B1 and B2 proved_informal (SR-BOUNDARY SR-8a/8b; B2 first stated by C-F1-T and C-F1-U conditional on (HTP), raised by the synthesis; the ⌊2α/3⌋ table matches the census to order 18 for α = 2..10); B3 bounded_computation (F1, C-F1-T, C-F1-U, F adjudicator, SR-BOUNDARY SR-8c: P_3 ⊔ K_2 is the unique order-5 bipartite witness up to isomorphism); B4 explicit exact finite witnesses (C-T1-F; replayed by the T adjudicator, the synthesis and SR-MECH SR-9). Fence SOLUTION-CONTRACT §3.1: a statement about independent-set counts on finite bipartite graphs/trees; not a no-recovery statement; no status transfer to E993-R25-UNR-FOREST-WIDE, E993-G1WIDE-NO-SIZE-CAP, NR1, FOREST, TREE, TRANSFER, E993-BETA-AGG (governed RTree), or Erdős #993. §3.2 the first-interior award and r26's residual award are unchanged. §3.3 nothing about the lower region 3p < 2α+1 (Codex/Astra's). §3.4 not an alias of the REFUTED E993-BETA-TARGET / E993-BETA-AGG-SUPPORT / E993-C3-G1-POINTWISE-ADDABILITY-BOUND. §3.5 no census value, root correction or Hall/SDR step. §3.8 each award is its own certificate.",proved_informal
E993-LOWER-REGION-TWO-FOR-ONE-WEIGHTED-HALL,OPEN,"For every finite ordinary tree T and natural p with x(T)+2<=p and 3p<2alpha(T)+1, fix F={original leaves v: Delta_p(T-v)<0}. For each independent B define w_F(B)=#{v in F intersect B: (N_T(s_v) intersect (B minus {v})) is nonempty}. The capacitated bipartite graph from independent (p+1)-sets B with supply w_F(B) to independent p-sets D with capacity w_F(D), with an edge exactly when D=B minus {q} for q in B or D=(B minus (N_T(s) intersect B)) union {s} for s notin B with exactly two neighbors in B, has an integral flow saturating every upper supply.","Ordinary trees only; fixed strict original selector and original supports; all clone pairs over each allowed set pair are permitted. A sufficient mechanism for the lower-region aggregate, not equivalent to its scalar assertion. Distinct from the refuted literal Delete/Retag and deletion-only mechanisms because their clone compatibility and edge sets differ. No governed RTree assertion.",open_successor_proposal
E993-FIRST-ORDER-SHELL-POINTWISE-EARLY-DESCENT,VERIFIED,"For every finite ordinary tree T, natural p>=3 with |V(T)|=2p+2 and x(T)+2<=p, and every original degree-one leaf v with unique original support s, Delta_(p-1)(T-{v,s})-Delta_(p-1)(T-N_T[s])<=0.","First parent-order shell and early first strict descent; no alpha guard and no favorable-leaf hypothesis. Stronger than the registered lower-region first-shell aggregate, and separate from the narrower-order ordinary-leaf band. Does not assert unrestricted pointwise descent.",formally_verified
E993-LOWER-REGION-AGGREGATE-RANK-LE-SEVEN,OPEN,"For every finite ordinary tree T and natural p<=7 with x(T)+2<=p and 3p<2alpha(T)+1, the complete sum over original leaves v with Delta_p(T-v)<0 of Delta_(p-1)(T-{v,s_v})-Delta_(p-1)(T-N_T[s_v]) is nonpositive.","All finite ordinary trees, ranks at most7, original strict selector and separate leaf tags. Proposed composition of a graph order-band theorem with explicitly named global first-descent order maxima and exhaustive residual tree censuses; any eventual award must retain census dependence. Not an all-rank or governed claim.",open_successor_proposal
E993-LOWER-REGION-EARLY-MARKED-OCCUPANCY-TRANSFER,OPEN,"For every finite ordinary tree T, natural p with x(T)+2<=p and 3p<2alpha(T)+1, fix the original strict selector F={degree-one leaves v: Delta_p(T-v)<0} and original supports s_v. Put k=p-1, H_v=T-{v,s_v}, W_v=N_T(s_v) minus {v}, q_v(k)=#{independent k-sets of H_v meeting W_v}, Q=sum_F q_v(k), and E=sum_F sum_{A independent k-set of H_v meeting W_v} #{vertices of H_v addable to A}. Then i_x(T)*E <= (x+1)*i_(x+1)(T)*Q.","Universal CT_x premise itself, not the already established conditional implication. All selected tags counted separately, zero-extended coefficients; i_x>0 on the guard. Distinct from refuted pointwise addability, same-rank covariance shortcut, and governed RTree assertions.",open_successor_proposal
E993-LOWER-REGION-FLAT-ADDABILITY-BUDGET,OPEN,"For every finite ordinary tree T, natural p with x(T)+2<=p and 3p<2alpha(T)+1, fix the original strict selector F={degree-one leaves v: Delta_p(T-v)<0} and original supports s_v. Put k=p-1, H_v=T-{v,s_v}, W_v=N_T(s_v) minus {v}, q_v(k)=#{independent k-sets of H_v meeting W_v}, Q=sum_F q_v(k), and E=sum_F sum_{A independent k-set of H_v meeting W_v} #{vertices of H_v addable to A}. Then E<=(x+1)*Q.","Weaker sufficient budget than CT_x; stronger than the current-rank budget when p>x+2. Does not subtract multiply marked correction C, so it is not identical to the primary scalar target.",open_successor_proposal
E993-LOWER-REGION-CURRENT-RANK-ADDABILITY-BUDGET,OPEN,"For every finite ordinary tree T, natural p with x(T)+2<=p and 3p<2alpha(T)+1, fix the original strict selector F={degree-one leaves v: Delta_p(T-v)<0} and original supports s_v. Put k=p-1, H_v=T-{v,s_v}, W_v=N_T(s_v) minus {v}, q_v(k)=#{independent k-sets of H_v meeting W_v}, Q=sum_F q_v(k), and E=sum_F sum_{A independent k-set of H_v meeting W_v} #{vertices of H_v addable to A}. Then E<=(p-1)*Q.","Sufficient scalar addability budget with C omitted; weaker than flat and CT_x premises, stronger than primary E-C<=(p-1)Q. Failure alone is not primary refutation.",open_successor_proposal
E993-SECOND-ORDER-SHELL-POINTWISE-EARLY-DESCENT,OPEN,"For every finite ordinary tree T, natural p>=3 with |V(T)|=2p+3 and x(T)+2<=p, every original degree-one leaf v with original support s has Delta_(p-1)(T-{v,s})-Delta_(p-1)(T-N_T[s])<=0.","Exactly second parent-order shell, all p>=3, no alpha or favorable-selector premise. Separate from first-shell and universal pointwise claims. Independent informal preparation proof exists; draft registers no award.",open_successor_proposal
E993-THIRD-ORDER-SHELL-POINTWISE-HIGH-RANK,OPEN,"For every finite ordinary tree T, natural p>=14 with |V(T)|=2p+4 and x(T)+2<=p, every original degree-one leaf v with original support s has Delta_(p-1)(T-{v,s})-Delta_(p-1)(T-N_T[s])<=0.","Exactly third parent-order shell at p>=14, no alpha or favorable-selector premise. Does not assert the false low-rank cover>=7 extension. Independent informal preparation proof exists; draft registers no award.",open_successor_proposal
E993-ORDINARY-TM-LOWER-REGION-AGGREGATE,OPEN,"For every integer m>=1 let T_m consist of path0-1-2 and m disjoint claw branches attached at0, each a center adjacent to0 and three private degree-one leaves. For every natural p with x(T_m)+2<=p and 3p<2alpha(T_m)+1, the complete original favorable-leaf aggregate S(T_m,p) is nonpositive.","All m and every eligible rank, exact strict selector; two leaf orbits may not be assumed selected without proof. Restricted ordinary-tree target, distinct from r19 four-ratio sufficient package and bounded family census. No governed RTree bridge.",open_successor_proposal
E993-LOWER-REGION-PER-LEAF-DOWN-MAP-INJECTIVITY,REFUTED,"For every finite ordinary tree T and natural p with x(T)+2<=p and 3p<2alpha(T)+1, and every original leaf v with Delta_p(T-v)<0, the rational linear map d_p from the vector space on marked independent p-sets of H_v=T-{v,s_v} to the space on marked independent (p-1)-sets, sending each basis set to the sum of its one-vertex deletions still meeting W_v=N_T(s_v) minus {v}, is injective.","Universal LOCAL per-selected-leaf operator, distinct from any operator mixing tags or the scalar aggregate. Mechanism refutation by selected T22 arm dimensions.",exact_finite_refutation
E993-LOWER-REGION-SAME-RANK-WEIGHTED-OCCUPANCY-DOMINATION,REFUTED,"For every finite ordinary tree T and natural p with x(T)+2<=p and 3p<2alpha(T)+1, let F be its fixed original strict favorable-leaf selector, w_F(B) the number of active tags v in F intersect B with (B minus {v}) meeting N_T(s_v) minus {v}, Q=sum over independent p-sets B of w_F(B), and E=sum over these B of w_F(B) times the number e_T(B) of addable vertices. Then i_p(T)*E <= (p+1)*i_(p+1)(T)*Q.",Universal same-CURRENT-rank weighted versus unweighted occupancy comparison. Distinct from CT_x using first-descent rank x. Mechanism refutation on an eligible order14 tree; not aggregate refutation.,exact_finite_refutation
E993-LOWER-REGION-C4-T4-SIGNED-CROSS-TAG-INJECTIVITY,REFUTED,"For every finite ordinary tree T and natural p with x(T)+2<=p and 3p<2alpha(T)+1, let F be the original leaves v with Delta_p(T-v)<0. Over Q, let K_j have basis pairs (v,A) with v in F and A an independent j-set of H_v=T-{v,s_v} meeting W_v=N_T(s_v) minus {v}. Fix total orders on vertices and F. The linear map L:K_p -> K_(p-1) deletes each u in increasing position from A with coefficient (-1)^(position(u,A)-1); for B=A minus {u}, it retains v if (v,B) is a destination basis pair, otherwise uses the least w in F for which (w,B) is a destination basis pair, and omits the term if no such w exists. Then L is injective.","The exact C4-T4 signed face-only, least-eligible-favorable-tag retagging map on rational tagged relative-face spaces, with the fixed strict original-leaf selector and original supports. Refuted by T=K_(1,12), p=8, ordered vertices 0<1<...<12 and ordered tags 1<...<12: the nine-term boundary of C={2,...,10} at tag 1 is nonzero and maps to zero. The same vector uses only retained-tag branches, so changing the tag order does not repair it. No assertion about another map, unsigned local deletion, Hall, or the scalar aggregate.",exact_finite_refutation
E993-LOWER-REGION-LOCAL-MARKED-ADDABILITY-NONPOSITIVE-COVARIANCE,REFUTED,"For every finite ordinary tree T and natural p with x(T)+2<=p and 3p<2alpha(T)+1, and every original leaf v in the fixed strict selector F={v: Delta_p(T-v)<0}, put k=p-1, H_v=T-{v,s_v}, and W_v=N_T(s_v) minus {v}. If i_k(H_v)>0, take A uniformly from the independent k-sets of H_v, let M_v(A)=1 if A meets W_v and 0 otherwise, and let e_v(A) be the number of actual vertices of H_v addable to A. Then Cov(M_v,e_v)<=0.","Local, single-selected-leaf rank-k covariance under the uniform independent-k-set measure in H_v; actual addability is counted in H_v. Refuted on the specified labeled order-24 tree at p=10, k=9, selected leaf v=0, with Cov=1773113/13677^2>0. This does not assert a positive full favorable-leaf sum, a universal positive covariance, or failure of the early-rank occupancy transfer CT_x.",exact_finite_refutation
