id,status,evidence_grade,formal_award,canonical_statement,canonical_scope,surviving_premises_json,evidence_refs_json,source_occurrence_count
E993-UNIV-TREE-TRS2,REFUTED,,False,Every finite tree has a TRS2 independence sequence,all finite trees; universal,[],[],0
E993-TREE-REAL-ROOTED,REFUTED,,False,Every finite tree has a real-rooted independence polynomial,all finite trees; universal,[],[],0
E993-EXISTS-TREE-NEG-ADJ-MINOR,VERIFIED,,False,Some finite tree has a negative total adjacent minor,existential; exact finite witness,[],[],0
E993-TRS2-IFF-ALC,VERIFIED,,False,TRS2 is equivalent to adjacent log-concavity on nonzero positive-interval-support sequences,abstract NNSeq with positive interval support; governed Lean theorem trs2_iff_adjacentLogConcave (r8),[],[],0
E993-TRS2-CONVOLUTION-CLOSURE,VERIFIED,,False,TRS2 is closed under finite convolution,abstract NNSeq; governed Lean theorem (r8),[],[],0
E993-TGT-TREE,OPEN,,False,Every finite tree has a weakly unimodal independence sequence,all finite nonempty trees; the conjecture's TREE headline,[],[],0
E993-TGT-FOREST,OPEN,,False,Every finite forest has a weakly unimodal independence sequence,all finite forests including the empty forest; the conjecture's FOREST headline,[],[],2
E993-TGT-TRANSFER,OPEN,,False,A convolution-stable class strictly between log-concavity and unimodality containing all tree independence sequences,the reshaped transfer question; universal,[],[],0
E993-EXISTS-COUNTEREXAMPLE,OPEN,,False,There exists a finite tree or forest with a non-unimodal independence sequence,existence; any order,[],[],0
E993-THEOREM-A,OPEN,,False,"For every tree T, support-bearing s, p >= x(T)+1: PFavorableAt(p,s) implies a_p(s) < 0",universal; THEOREM (A) of the corridor program,[],[],0
E993-THEOREM-B,OPEN,,False,For every tree T and leaf v: x(T−v) >= x(T)−1,universal; leaf crossing-shift,[],[],0
E993-ALPHA-TARGET,OPEN,,False,"For leaf v with support s, p with k_A = 1 and a_v(p) < 0: a_v(p) + (b_v(p) − Bgen_s(p−1)) < 0",universal at k_A = 1; (α),[],[],0
E993-BETA-TARGET,REFUTED,,False,"For leaf v with support s, p with k_A >= 2 and a_v(p) < 0: b_v(p) <= Bgen_s(p−1)",universal at k_A >= 2; (β),[],[],0
E993-AMBIENT-TARGET-DEG2,OPEN,,False,"AmbientTargetDeg2: D := Delta_{p−2}(U) <= H−1 on every hypothesis instance (deg(s)=2, U = T∖N[v]∖N[g], p = x(T)+1)",universal on the deg(s)=2 stratum; equivalent to (α) there via the governed r12 reduction,[],[],0
E993-C13-I4-GT-I3,VERIFIED,,False,Every finite tree of order >= 12 has i_4 > i_3,universal for order >= 12,[],[],0
E993-COMP-AB,VERIFIED,,False,IF AlphaTarget AND BetaTarget THEN THEOREM (A) holds in full,a governed implication; neither hypothesis asserted,[],[],0
E993-TRANSFER-TO-FOREST,CONDITIONAL,,False,IF every component tree of forest F is TRS2 THEN F's independence sequence is TRS2,conditional; the universal antecedent is REFUTED (E993-UNIV-TREE-TRS2),[],[],0
E993-P1-NNSEQ,VERIFIED,,False,The convolution of a nonzero Toeplitz2 sequence with a weakly unimodal nonnegative finitely-supported sequence is weakly unimodal,abstract NNSeq scope,[],[],0
E993-BAND-THEOREM,VERIFIED,,False,2 <= p and |U| <= 2p−3 implies D <= 0 (no stratum condition),universal on the band; premise-free,[],[],0
E993-STRICT-UNITS,OPEN,,False,D_p(T) > 0 and D_q(T) < 0 for every minimum first-recovery tree,"universal; OB-G1/OB-G2, the S3 endpoint units",[],[],0
E993-PAIR-G4,OPEN,,False,Q > 0 for every minimum first-recovery tree (a common leaf with a_p(v) < 0 < a_q(v)),"universal; OB-PAIR-G4/OB-G3, the decisive S4 gap",[],[],0
E993-CAND-R18C1T1-3,OPEN,,False,Candidate 3 / S-1: per-remnant band discharge on the branch-remnant expansion (*)/(**) — D>0 on G2∧|U|>=2p-2 is SUFFICIENTLY excluded (not equivalently) by the per-remnant discharge; classification MECHANISM-EQUIVALENT-TO-LAYER-4-AT-A-NEW-SITE,"G2 ∧ |U| >= 2p-2, deg(s)=2 stratum; fireability criterion deg_T(z_j) >= e+t+2-j attached; both named killers fire (92.0%/2.0%)",[],[],0
E993-CAND-R18C1T1-1,REFUTED,,False,Candidate 1: the epsilon-discount bound (design-target inequality discounting the shadow bound by epsilon on G2),"as printed in R18C1-T1 §4; mechanism claim, never a target claim",[],[],0
E993-L0-CONV-DELTA,VERIFIED,,False,"L0: Delta_r(f*g) = sum_i f_i * Delta_{r-i}(g) — convolution difference identity, premise-free","any nonnegative sequences f,g, any rank r; product-side; does not prove, approach, or narrow HG2",[],[],0
E993-PT-BOUND,VERIFIED,,False,"P_t(r) := sum_i rho_{t,i} * max(Delta_{r-i}(U_t), 0) bounds Delta_r(U) — premise-free corollary of L0; registered in place of PSX-1 (whose weak-unimodality premise is decorative)","premise-free; beta_t = P_t in 12,806/12,806 premise-holding evaluations; dominated gap to D is unbounded (beta_t/D = p/2)",[],[],0
E993-CHOOSE-DELTA-POS,VERIFIED,,False,choose_delta_pos_of_ge: Nat.choose strict-increase difference lemma (with choose_delta_nonpos_of_le its corollary under E993-BAND-THEOREM; boundary_2p_minus_2_gap and boundary_2p_minus_1_gap its d=0 and d=1 instantiations),Mathlib-tier arithmetic; NOT a fact about HG2,[],[],0
E993-BF-1,VERIFIED,inherited_verified_scope_preserved,False,"BF-1 (direction reversal): layer-4 shadow bound's exact reach is |U| <= 2p-3; at j=p-2, for |U| >= 2p-2 the factor |U|-p+2 exceeds p-1 and yields only D <= i_{p-1}(U)*(|U|-2p+3)/(|U|-p+2), growing with |U| and i_{p-1}(U), which the hypothesis does not bound","exact, not pessimism; witnessed (order-11 row i_{p-1}(U)=18)",[],"[{""path"": ""cycles/cycle-2/stage6/C2-SYNTHESIS/CLAIMS.json"", ""sha256"": ""781fbbf9c14f59a2eaf4d30ed7717a51a8ca1d663fc722d25c19b27d34028a12""}, {""path"": ""cycles/cycle-2/stage6/C2-SYNTHESIS/PROOFS.md"", ""sha256"": ""3fd80e3e8079682bbc76c07012999b9e4c8a8064459f605eec79abcbdafc3ecc""}, {""path"": ""control/C2-TERMINAL-MAPPING-v1/OCCURRENCE-MAPPINGS.json"", ""sha256"": ""ca31f4f8fdceede529af5bd0ed91f83b793e32ff848ca52e9d34fab6bcfddf3d""}, {""path"": ""control/C2-TERMINAL-SEMANTIC-REVIEW-v1.json"", ""sha256"": ""be34293e15cb6a39d3e8606c0dd20dc6aef820d7547db86c93493783de61a2a4""}]",0
E993-BF-2,VERIFIED,inherited_verified_scope_preserved,False,"BF-2 (vocabulary sharpness, strengthened form): the layer sees U only through (|U|, i_j(U)); the edgeless vector on m=2p-2 vertices has G2 shape with D>0 for every p>=3; the first out-of-band shell is realized by sealed hypothesis instances with D>0 (3 instances, |U|=2p-2, D=14, order 16, p=6; grown to 6 distinct trees, first above order 16, first at p=7, per r18 C1 F2-22); closing past 2p-3 requires structure the fence-legal vocabulary does not expose, or H","binding on every (|U|, i_j(U))-only refinement",[],"[{""path"": ""cycles/cycle-2/stage6/C2-SYNTHESIS/CLAIMS.json"", ""sha256"": ""781fbbf9c14f59a2eaf4d30ed7717a51a8ca1d663fc722d25c19b27d34028a12""}, {""path"": ""cycles/cycle-2/stage6/C2-SYNTHESIS/PROOFS.md"", ""sha256"": ""3fd80e3e8079682bbc76c07012999b9e4c8a8064459f605eec79abcbdafc3ecc""}, {""path"": ""control/C2-TERMINAL-MAPPING-v1/OCCURRENCE-MAPPINGS.json"", ""sha256"": ""ca31f4f8fdceede529af5bd0ed91f83b793e32ff848ca52e9d34fab6bcfddf3d""}, {""path"": ""control/C2-TERMINAL-SEMANTIC-REVIEW-v1.json"", ""sha256"": ""be34293e15cb6a39d3e8606c0dd20dc6aef820d7547db86c93493783de61a2a4""}]",0
E993-BF-3,OPEN,,False,"BF-3 (missing H-side representation — a design judgment, not a theorem): the remnant expansion Delta_k(W∖g) = Delta_k(U) + sum_j Delta_{k-1}(Rem_j) with branch remnants whose crossing behaviour the hypothesis does not constrain is the named difficulty; the fifth layer's object is a hypothesis-sensitive bound on branch-remnant crossing behaviour, or a genuinely new H-representation avoiding remnants",design brief of record for the fifth representation layer; sequence-shape and root-state-recursion continuations stay refused (F1/F2; reserved I/A/B zone),[],[],0
E993-EXCHANGE-LEMMA,VERIFIED,,False,"Exchange Lemma (sorted-domination): some peeling order makes all t branch remnants band-eligible iff the sorted-decreasing {deg_T(z_j)} dominates the decreasing threshold ladder (k_shell+t+1,...,k_shell+2); floor consequence min_j deg_T(z_j) >= k_shell+2","any tree, deg(s)=2 stratum, any t, any k_shell; premise-free combinatorial criterion",[],[],0
E993-BF2-EVERY-E,VERIFIED,inherited_verified_scope_preserved,False,"Every-e vocabulary-extremal form: the edgeless vector on m = 2p-2+e vertices has G2 shape with D(p,e) = C(2p-2+e,p-1) - C(2p-2+e,p-2) > 0 for every p >= 3 and every e >= 0; the shadow-ratio slack (p+e)/(p-1) is strictly increasing in e, and D(p,e) itself is strictly increasing in e (adjudicator strengthening)","generalizes E993-BF-2's m = 2p-2 (e=0) registered scope to every shell offset; the vocabulary obstruction deepens, never relaxes, with e",[],"[{""path"": ""cycles/cycle-2/stage6/C2-SYNTHESIS/CLAIMS.json"", ""sha256"": ""781fbbf9c14f59a2eaf4d30ed7717a51a8ca1d663fc722d25c19b27d34028a12""}, {""path"": ""cycles/cycle-2/stage6/C2-SYNTHESIS/PROOFS.md"", ""sha256"": ""3fd80e3e8079682bbc76c07012999b9e4c8a8064459f605eec79abcbdafc3ecc""}, {""path"": ""control/C2-TERMINAL-MAPPING-v1/OCCURRENCE-MAPPINGS.json"", ""sha256"": ""ca31f4f8fdceede529af5bd0ed91f83b793e32ff848ca52e9d34fab6bcfddf3d""}, {""path"": ""control/C2-TERMINAL-SEMANTIC-REVIEW-v1.json"", ""sha256"": ""be34293e15cb6a39d3e8606c0dd20dc6aef820d7547db86c93493783de61a2a4""}]",0
E993-QUADRATIC-FLOOR,VERIFIED,,False,"Quadratic floor for all-remnants-band-eligible at the deg_T(s)=2 stratum: n >= 3 + t(k_shell+2) + C(t,2), equivalently 2p >= 2 - k_shell + t(k_shell+1) + C(t,2); composition of E993-EXCHANGE-LEMMA with the branch-order bound n >= 3 + Sum deg_T(z_j) (derivation R18C2-T1.md:345-356, cited on this face)","deg_T(s)=2 stratum, any t, any k_shell; NO confinement claim; NO R-20/GATE-2 relevance (bounds the J_1-empty case, not the J_0-nonempty firing case); symbols: k_shell := |U| - (2p-2), Rem_j branch remnants, C2 route numbering",[],[],0
E993-EXCHANGE-LEMMA-SEQ,VERIFIED,,False,"Abstract-sequence counting form of the sorted-domination criterion: for a strictly antitone threshold ladder, the counting form of domination holds iff the sorted-decreasing degree sequence dominates the ladder (Lean exchangeLemma_dominationCriterion, R18C4T3)","abstract sequences ONLY — severed from the tree-bound parent E993-EXCHANGE-LEMMA (n : N free; z, Rem unconstrained; no instance antecedents); hr StrictAnti load-bearing, hd inert (MUT-hd); the counting-form <=> sorted-domination step is kernel-checked by NO ONE",[],[],0
E993-BETA-AGG,OPEN,,False,"For every governed RTree T and p >= x(T)+2, the sum of g_v(T,p) = b_v(p)-Bgen_{s_v}(p-1) over all original leaves v satisfying a_v(p)<0 is nonpositive",universal favorable-leaf aggregate on the governed RTree model; all p >= x(T)+2; individual positive margins are permitted; this is not the refuted pointwise (beta) claim and cannot be presented as a reopening of E993-BETA-TARGET,[],[],1
E993-BETA-AGG-SUPPORT,REFUTED,,False,"For every governed RTree T and p >= x(T)+2, each support fibre has nonpositive total g_v(T,p) over its original leaves satisfying a_v(p)<0",universal per-support favorable-leaf aggregate on the governed RTree model; distinct from both the global aggregate E993-BETA-AGG and the refuted pointwise E993-BETA-TARGET,[],[],0
E993-CERT-WINDOW-LB,VERIFIED,,False,"Certificate-window lower bound: for every tree T, any sound common-peak certificate (the complete sound family for symmetric-unimodal-block decompositions) has centre drift S(T) >= |alpha(T) - 2*mode(T)|; on paths mode/alpha -> ~0.5528 so the required window grows linearly. CONSEQUENCE: no fixed-window symmetric-unimodal certificate scheme exists for trees",all finite trees; the comonotone mode-centred box certificate attains S(T) exactly (optimality proved),[],[],0
E993-LAMBDA2-CONJ,OPEN,,False,"Graded certificate conjecture: every tree's independence sequence admits a comonotone mode-centred box certificate with slack 2 and slope <= 1/5 (every block [m-A,m+B] satisfies A <= 3B/2+2 and B <= 3A/2+2) — strictly stronger than unimodality (quantitative two-sided tail domination about the mode)","all finite trees; MEASURED CONJECTURE, not a theorem",[],[],0
E993-PAIR-WINDOW-THM,VERIFIED,,False,"THE WINDOW THEOREM: for nonnegative zero-extended-unimodal integer sequences f, g with h = f + shift(g) (the leaf-recursion sum), h is unimodal iff the window (h_a,...,h_b) with a = min(m_f, m_g+1), b = max(m_f, m_g+1) is unimodal; sound AND complete on that domain; the nonnegativity clause is load-bearing (witness f=[0,-1], g=[0,0]); convention-independent (any maximizer). Companion facts: gap = |delta_g - delta_f - 1| <= 2; the <=2-point-window condition is one object under three C1 names",general sum algebra on the stated domain; single recursion step only — says nothing about iterated closure,[],[],0
E993-PAIR-PHISTAR,VERIFIED,,False,"PHI-STAR soundness theorem: if g is nonnegative zero-extended-unimodal, f0 >= 0, and m is ANY maximizer of f, then h = f + shift(g) nondecreasing on [0, m-1] and nonincreasing on [m+1, infinity) implies h unimodal; f need NOT be unimodal (consumes the FOREST face only); convention-independent",the predicate Phi* and its soundness at the stated domain; the CANDIDATE aspect lives entirely in E993-PAIR-PHISTAR-CLOSURE,[],[],0
E993-PAIR-PHISTAR-CLOSURE,OPEN,,False,"THE CLOSURE OBLIGATION (the r20 central open object): for every finite forest F with at least one edge there EXISTS a leaf v such that i(F) is nondecreasing on [0, m-1] and nonincreasing on [m+1, infinity), where m = mode(i(F-v)) (first-argmax) — a two-sided mode-drift-1 bound between i(F) and i(F-v)","all finite forests with an edge; TARGET-IMPLYING (proving it proves FOREST hence TREE); strictly weaker than the full motion conjecture (implied by C1's delta_f conjunct); NOT known to be implied by the target — a genuine intermediate. Falsification signature: a forest where EVERY leaf fails the bound (a mechanism kill of Phi*-closure, never itself a target event)",[],[],0
E993-PAIR-MODE-GAP,OPEN,,False,"Measured conjecture: for every tree T and leaf v, |mode(i(T-v)) - mode(i(T-N[v]))| <= 1 (first-argmax)","MEASURED, NOT PROVED — may not be cited as progress on anything",[],[],0
E993-PAIR-C1-IMPLIES-TARGET,VERIFIED,,False,Implication of record: contract-C1 (the motion-table bound delta_f <= 1) over forest-leaf pairs implies E993-TGT-FOREST hence E993-TGT-TREE; bridge fact x(T) = last_mode(i(T)) (the crossing index IS the last mode),the IMPLICATION and the bridge fact; the antecedent (C1 universally) is OPEN and may not be cited as established,[],[],0
E993-PAIR-ALLLEAF-WINDOW,OPEN,,False,"Universal (all-leaves) closure form: for every finite forest F with an edge and EVERY leaf v, last_mode(i(F)) - 1 <= mode_first(i(F-v)) <= mode_first(i(F)) + 1","MEASURED ONLY — exhaustive orders <= 17 (294,178 forests cumulative, 2,337,444 leaf instances, 0 failures; extended by CRIT-T1-F) + 25.4M constructed polynomials; implies E993-PAIR-PHISTAR-CLOSURE; min-working-leaves=2 excluded as a path-family artifact",[],[],0
E993-PAIR-LEAFDRIFT-01,OPEN,,False,"Leaf-drift bound: for every forest F with an edge and every leaf v, mode_first(i(F)) - mode_first(i(F-v)) is in {0, +1} (one-sided: the mode never retreats under leaf removal)","MEASURED ONLY — 36.6M instances to order 26 (ADJ-F/CRIT-F2-T amplified populations), opposite-shift adversarial family proved EMPTY at scope; SPLIT: delta_f <= 1 IS the OPEN antecedent of E993-PAIR-C1-IMPLIES-TARGET (target-implying); delta_f >= 0 is discharged by E993-PAIR-MODE-NR conditional on s <= 1",[],[],0
E993-PAIR-MODE-NR,VERIFIED,,False,"Theorem NR: for nonnegative zero-extended-unimodal f, g with mode(g) >= mode(f) - 1: mode(h) >= mode(f), where h = f + shift(g)",general sum algebra at the stated domain; reduction live for TREES only (s-hypothesis unmet on part of the forest face),[],[],0
E993-PAIR-MODE-D1,VERIFIED,,False,"Theorem D1: for nonnegative zero-extended-unimodal f, g with mode(g) <= mode(f): mode(h) <= mode(f) + 1","general sum algebra; REDUCTION-REFUTED NOTE ON THE FACE: the hypothesis s >= 0 is FALSE on the 669 realizable s=-1 pairs (orders <= 14), so this theorem contributes nothing to delta_f <= 1 on that stratum",[],[],0
E993-PAIR-PLATEAU-LE1,OPEN,,False,Plateau bound: the maximum-level plateau of i(F) has length <= 2 (equivalently: at most two consecutive ranks attain the maximum; plateau-excess never >= 2) for every forest F,"MEASURED ONLY — exhaustive orders <= 17 + 25.4M constructed polynomials, 0 exceptions (CRIT-T1-F barrier hunt)",[],[],0
E993-PAIR-UNION-MODE,VERIFIED,,False,"Union-mode guardrail: component-mode additivity under disjoint union is FALSE and unboundedly so; the exact single-family law is mode_first((1+cx)^k) = ceil((ck-1)/(c+1)) for integer c >= 1, k >= 1 (at c=2: floor((2k+1)/3)); mixed families (1+x)^p (1+2x)^q are pinned by Darroch's mean-mode bound","proved (ratio test + Darroch); the registered DISCOVERY is the guardrail, not the classical formula (CRIT-F2-T's framing adopted)",[],[],0
E993-PAIR-ALPHA-SANDWICH,VERIFIED,,False,Alpha sandwich for realizable pairs: alpha(i(F-N[v])) <= alpha(i(F-v)) <= alpha(i(F-N[v])) + 1,"realizable tree/forest leaf pairs; proved (C1 stage-6 derivation, promoted at the C2 close because load-bearing: kills the exhibited abstract-retreat witnesses)",[],[],0
E993-PAIR-R1,VERIFIED,,False,"Theorem R1 (pure sum-algebra form): for nonnegative zero-extended-unimodal g, r with f = g + shift(r), if mode_first(g) = mode_first(f) + 1 (the s = -1 configuration) then mode_first(r) <= mode_first(f) - 1","sum algebra only (f's unimodality struck as unused — the WINDOW-THM non-minimality lesson); forest-facing use rides the OB-R20-SCHEME vertex-count order (debt discharged by amendment, C3-GATE-RECORD §4)",[],[],0
E993-PAIR-R2-GAP,VERIFIED,,False,"The proved gap characterization at s = -1: (iff-lemma, unconditional) delta_f <= 1 iff h_{M+2} <= max(h_M, h_{M+1}); and the gap equals R2 OR R2-prime EXACTLY, where R2: r_M - r_{M+1} >= g_{M+2} - g_M (R2 is the h_{M+1}-branch of the max and R2-prime the h_M-branch; corrected r20 C4 per X2, two independent derivations) — each disjunct one branch of the max","the characterization is PROVED; whether R2-or-R2-prime HOLDS on all realizable pairs is the OPEN remainder (it is exactly what E993-PAIR-PHISTAR-CLOSURE needs at s = -1); R2 alone is sufficient-not-necessary (568 abstract failures, 96 with delta_f <= 1 — all 96 die under realizability normalization; an abstract-box fact); 'equivalent to overshoot' is BLOCKED as false",[],[],0
E993-PAIR-NETZERO,OPEN,,False,"Net-zero realizability chain: every known abstract overshoot witness (472 at the tested box) dies under the registered conditions — 116 survive r-unimodality (the hypothesis-aware count), 5 survive r_0 = 1, 0 survive the forest edge count C(p_1,2) - p_2 <= p_1 - 1; the alpha-sandwich is inert in this chain","A BOUNDED ZERO ON ITS FACE — the tested abstract box only (lengths <= 5-ish, small values); evidence of nothing beyond itself; the run's realizability evidence, never proof; growing the box is the standing falsification target",[],[],0
E993-PAIR-STAR-CLOSURE,VERIFIED,,False,"Closure proved exactly for stars: K_{1,m} satisfies the all-leaf window bound for every m, with mode floor(m/2) (m=1 exception noted) and the Catalan-slack identity C(2t,t) - C(2t,t-1) = Catalan_t for t >= 3","the star family exactly; NEAR-STARS Broom(m,2): the peak-location premise is PROVED UNCONDITIONALLY at r20 C5 on two independent routes, either sufficing - Route A (F lane): closed-form gap identities in both parities, rise D(2s,s+1)-D(2s,s)=C(2s,s)/(s+1) and 4C(2s+1,s+1)/(s+2) (route R20C5-F2), fall C(2s,s)(5s+4)/((s+1)(s+2)) and 2C(2s+1,s+1)/(s+2) (CRIT-F2-T and CRIT-F2-U independently and identically - credit JOINT AND EQUAL; adjudicated ADJ-F F2-2), closing mode(D(m,.)) = floor(m/2)+1 for every m >= 0 with unimodality from the explicit factorization (1+x)^m(1+2x) (a factorization, not a citation - RUL-R20-C4-8 not engaged); Route B (T lane): the same by the binomial-ratio trichotomy on D(m,k) = C(m+1,k)+C(m,k-1) (R20C5-T2; re-derived by both its critics and ADJ-T), no log-concavity or real-rootedness used. The R20C3-T2.md Sec3.2 dependency (whose claimed Sec6.1 receipt does not exist) and the m<=800 bound are RETIRED; the CONDITIONAL qualifier is STRUCK. deg D(m,.) = m+1, not m+2. IMPORT STATUS (r20 C6, supersedes the C5 line): the chartered R20C4-T2 import is DISCHARGED - the six finite cases m=0..5 are exhibited on the R20C6-T2 face and re-executed byte-identical on four independent instruments, and the m>=4 closure is supplied by R20C6-CRIT-T2-U M-1 from the full-row shape theorem plus integrality alone (no M(2), no three-zone argument, no R20C5-T2 citation). 'FULLY PROVED, both parts, for every m>=0, standing alone' may be written ONLY on the COMPOSITE (R20C6-T2 pars.1.3/1.4/1.6 + CRIT-T2-U M-1) and NEVER on the R20C6-T2 face as sealed (which discharged one import while introducing an undisclosed R20C5-T2 Sec2.2 import). AVAILABLE, NOT YET ASSEMBLED: R20C5-T2 Sec1.5 + Sec2.2 at l=2 (M(2)=6) prove the lemma import-free for every m >= 6, leaving exactly six finite cases m=0..5 for a successor. COMBS: three independent computations of record (338 of 900, first at k=3, k=3 witness; the original route receipt's wrong-object provenance defect stands as recorded); brooms/spiders (m,l <= 70): measured; the general spider closed form (E993-PAIR-SPIDER-CLOSED-FORM) now subsumes the proved core",[],[],0
E993-PAIR-PATH-CLOSURE,VERIFIED,,False,"Closure proved exactly for paths: P_n satisfies the all-leaf window bound for every n (infinite family), incl. path log-concavity via the elementary factorial identity",the path family exactly; the run's strongest single family result,[],[],0
E993-PAIR-ALPHA-FLOOR,VERIFIED,,False,"Alpha floor: for every forest F on n vertices, alpha(F) >= ceil(n/2) - a forest is bipartite, so the larger colour class is independent. Applied to a leaf pair: alpha_f >= ceil(n_f/2) and alpha_g >= ceil((n_f - 1)/2).","Every forest, no exception. FOREST and TREE face (RUL-R20-C1-3). A statement about the independence NUMBER and the VERTEX COUNT - not about mode(i(F)) or any mode-indexed quantity.",[],[],0
E993-R19-FIXED-GAMMA-HALL,OPEN,,False,"For every governed RTree tuple, the exact fixed Delete/Retag relation satisfies Hall's subset inequality.",Universal fixed-Gamma Hall mechanism for the r19 aggregate-beta route; stronger than E993-BETA-AGG; excludes the refuted residual-token capacity cap(y)=D-d_minus(y).,[],[],0
E993-R19-TM-RATIO-PACKAGE,OPEN,,False,"All four adjudicated ratio inequalities R-I, R-0, R-star, and R-K hold for every m>=1 on their exact coefficient ranges and imply the T_m aggregate sign.",The exact r19 T_m special-family ratio package only; does not assert all-tree aggregate beta or termwise negativity.,[],[],0
E993-R19-R2-HALL-UNIVERSAL,OPEN,,False,Every eligible governed adjacent-rank transition satisfies the frozen radius-two Hall capacity inequality on destination-positive supports.,Universal radius-two Hall certificate in r19; strictly stronger than and not equivalent to E993-BETA-AGG.,[],[],0
E993-R19-U2-UNIVERSAL-FACES,OPEN,,False,"For every eligible governed row under the frozen unweighted support-mean convention, S_ORB<=0 and C<=-S_ORB.",The two universal orbit/covariance sign faces used by the r19 conditional composition theorem; stronger than and not equivalent to E993-BETA-AGG.,[],[],0
E993-PAIR-S-NEG1-WINDOW-REDUCTION,VERIFIED,,False,"The s=-1 window-step identity: at s=-1 (motion cell (1,0)) the window comparison reduces to two exact identities (I) h_M = g_M + r_M and (II) h_{M+2} - h_{M+1} = (g_{M+2}-g_M) - (r_M - r_{M+1}) shifted per the leaf recursion, whence r2_slack == h_{M+1} - h_{M+2} identically; hence R2 is the h_{M+1}-branch and R2-prime the h_M-branch of the max in the gap characterization; necessary condition: R2 fails while R2-prime succeeds only if delta-r_0 > a+b","general sum algebra; no unimodality needed for the algebra itself; the corollary branch identification proved on two independent derivations (R20C4-ADJ-T Lemma-W re-derivation; R20C4-ADJ-U from identities I+II, 3,995/3,995 numeric)",[],[],0
E993-PAIR-R-LE-G-POINTWISE,VERIFIED,,False,"Pointwise domination (TWO instances of induced-subgraph monotonicity, both true - repair r20 C9, U R-1): for any graph G with a leaf/support pair (v,u): (i) r <= g coefficientwise (i(G-N[u]) <= i(G-N[v]) - the instance this row's key and aliases name); (ii) g <= f coefficientwise (i(G-N[v]) <= i(G-v) - the instance the prior statement's inline formula displayed). The C9 record notes the u1-direction limb as the mechanism excluding several abstract witness classes ((X1)).","any graph with a leaf/support pair; registered ON ITS PROOF. Discriminating power of record: kill rate 93.84% at the lengths-2-5 box, of which 84.5% is the index-0 coordinate (a weakened form of the registered r0=1); honest marginal given r0=1 is 64.7% (224->79); net kills at the net-zero chain's terminus are ZERO; at the sealed lengths-2-4 box the lemma contributes nothing beyond r0<=1 (111/111 index-0)",[],[],0
E993-PAIR-BRANCH-FACTORIZATION,VERIFIED,,False,"Branch factorization, FOREST-REPAIRED FORM, beta-prime clause CORRECTED r20 C6: for a leaf v with support u of a forest F, with w_1..w_k the neighbours of u other than v, B_i the component of (C(u)-u) containing w_i, beta_i := i(B_i), beta_i' := i(B_i - w_i) (delete w_i ALONE, not N[w_i]), and C(u) the component of F containing u: g = i(F - C(u)) * prod(beta_i) and r = i(F - C(u)) * prod(beta_i').","forests, with the i(F - C(u)) factor MANDATORY (without it the identity is FALSE on every disconnected instance: 82/82 failures; CE1 (a-u-b)+(c-d) is the minimal witness). 'Any graph' STRUCK OUTRIGHT - false in substance (the w_i need not lie in distinct components of G-u; CE2 C_4+pendant, CE3 triangle+leaf). The originally proposed forest/any-graph text is REFUSED and may not be cited",[],[],0
E993-PAIR-SPIDER-CLOSED-FORM,VERIFIED,,False,"General spider closed form: i(Spider(l_1,...,l_K)) = prod q_{l_i} + x * prod q_{l_i - 1}, where q_l = i(P_l); with the path-attachment lemma (attaching a path to any vertex of any graph: i-polynomial recursion) as registrable sub-result at any-graph any-vertex scope, and the addition formula q_{a+b+1} = q_a q_b + x q_{a-1} q_{b-1} as byproduct","MANDATORY SCOPE LINE: the closed form is a PROOF (induction on legs); the CLOSURE BOUND for general spiders is NOT proved. Subsumes the proved cores of E993-PAIR-STAR-CLOSURE, E993-PAIR-PATH-CLOSURE, and Broom(m,l) at every (m,l)",[],[],0
E993-PAIR-CATERPILLAR-TRANSFER,VERIFIED,,False,General caterpillar transfer recursion: the independence polynomial of a caterpillar with arbitrary tooth vector transfers along the spine by the two-term recursion with B_i = i(G_i - v_i) semantics; the uniform-comb recursion and the star are special cases,MANDATORY SCOPE LINE: the recursion is a PROOF; no closure bound for general caterpillars is proved. Interior-zero tooth vectors included,[],[],0
E993-PAIR-RANK2-EXACT,VERIFIED,,False,"Rank-2 exactness: g_2 = C(g_1 - 1, 2) exactly when the leaf-deleted object is connected (registry convention; equivalently f_2 = C(f_1 - 1, 2) on the connected side)","EXACT only when the deleted object is CONNECTED (tree face, RUL-R20-C1-3 qualifier per ADJ-F-2); on the FOREST face only the inequality survives. Strictly strengthens {edge bound, cap} on that side, one-directionally",[],[],0
E993-PAIR-RANK3-TREE-SANDWICH,VERIFIED,,False,"Rank-3 tree sandwich: for a tree on n vertices, C(n,3) - (n-2)^2 <= i_3 <= the tree maximum; LOWER ENDPOINT OF RECORD: C(n,3) - (n-2)^2 (equivalently C(n,3) - (n-1)(n-2) + (n-2)); attained by the path at every n >= 2","TREE face only (connectedness load-bearing, ADJ-F-2). The endpoint C(n,3) - (n-1)(n-3) printed in the C4 F3 route deliverable is WRONG BY EXACTLY 1 and violated by the path at every n >= 2 (ADJ-F-1, CRITICAL) - it may not be cited. f-side struck as exactly redundant",[],[],0
E993-PAIR-RANK3-FOREST-MAX,VERIFIED,,False,"Rank-3 forest maximum on r: for a forest on n vertices with c components, i_3 <= C(n,3) - (n-c)(n-2) + C(n-c,2)","all forests, all (n,c)",[],[],0
E993-PAIR-RANK3-FOREST-MIN,VERIFIED,,False,"Rank-3 forest minimum on r, GENERAL: for a forest on n vertices with c components, i_3 >= C(n,3) - (n-c)(n-2) + max(n - 2c, 0)","all forests, all (n,c), NO REGIME RESTRICTION (registers WITHOUT the r_1 <= 2c caveat - ruled unnecessary, C4-GATE-RECORD par.3 N9); P2^min = max(n-2c,0) proved",[],[],0
E993-R19-ROOT-SAFE-PRUNE-TOTALITY,REFUTED,,False,Every governed nonbase target-root state with all original leaves literally marked admits a connected strict deletion that preserves every marked original leaf,"Exact r19 decorated-state mechanism: finite target trees, all original leaves literally marked, connected strict vertex deletion only; does not cover relabeling, disconnected carriers, graft successors, or compensated exits",[],[],0
E993-R19-SUPPORT-LOCKED-CORRIDOR-ADVANCE,REFUTED,,False,A support-locked state system can provide a literal-label-preserving adjacent advance along a simple positive-length support path,"Exact r19 corridor mechanism: every state label is locked to its current support, each operation edge preserves the literal label, and an advance traverses two distinct consecutive supports; does not cover carried provenance independent of current support",[],[],0
E993-R19-SUPPORT-PRESERVING-UNIT-TRANSPORT,REFUTED,,False,"For every governed base-rank row, there is an exact support-label-preserving unit-token injection from positive favorable-leaf tokens to negative favorable-leaf tokens","Exact r19 unit-token mechanism with every matching edge preserving the leaf-support label; does not cover cross-support transport, non-unit capacities, or other aggregate encodings",[],[],0
E993-PAIR-FM-LEMMA,VERIFIED,,False,"Lemma FM: for any integer sequences g, r and f := g (+) shift(r), if M is an argmax of f then r_{M-1} - r_M >= g_{M+1} - g_M. The s=-1 specialization (M = mode(f), mode(g) = M+1) narrows T2 (delta-r0 < a+b) to a window of width exactly a: b <= delta-r0 < a+b.","the full sum algebra of Identity II; NO unimodality, nonnegativity, zero-extension, s-value, or realizability hypothesis is used (registration says so per the adjudicated text). MANDATORY: Lemma FM narrows T2; it does not resolve it, and it is silent on T1/R2.",[],[],0
E993-PAIR-R-LOGCONCAVE-RATIO-BOUND,VERIFIED,,False,"Cleared ratio bound (total, division-free): if r is nonnegative, r_M^2 >= r_{M-1}*r_{M+1} (log-concavity at M), and r_{M-1} >= r_M + b (Lemma FM), then (r_M - r_{M+1})*(r_M + b) >= r_M*b. Equivalent quotient form: delta-r1 >= r_M*b/(r_M+b) whenever r_M + b > 0, which at s=-1 under first-argmax is automatic since b >= 1.","VERIFIED (proved, conditional on r's log-concavity - strictly stronger than the mere unimodality R1 already assumes). MANDATORY: does NOT imply T1 in general - T1 follows iff r_M*c > b*(b-c), and at c=0, b>0 the bound degenerates to 0 > b^2, false; the route's disclosure of this gap is correct. SHARPNESS: attained at non-degenerate instances (witness g=(4,8,10,10), r=(4,2,1), r_M=2, R20C5-ADJ-T par.2.6.3); attainment holds exactly when r_M^2 = r_{M+1}*(r_M+b) (18,630 configurations, 0 characterisation mismatches; 413 non-degenerate slack-0). No route/critic-sampled population established the attribute (all their slack-0 hits were degenerate r_M=0); the adjudicator witness does.",[],[],0
E993-PAIR-EDGE-JOIN-COMPOSITION,VERIFIED,,False,"Edge-join composition law (REPAIRED r20 C6 - the PAIR FORM, canonical). Let (F1,v1) and (F2,v2) be realizable leaf pairs (v_i a leaf of forest F_i with support u_i), registry letters f_i := i(F_i - v_i), g_i := i(F_i - N[v_i]), r_i := i(F_i - N[u_i]) (so f_i = g_i (+) shift(r_i)). CONSTRUCTION: delete v2, join the two SUPPORTS by one new edge, keep v1 as the mark - W := F1 disjoint-union (F2 - v2) + edge u1u2, marked leaf v1. Then v1 is again a leaf of W with support u1, and f' = g1*g2 + x*(r1*g2 + g1*r2) [= f1*f2 - x^2*r1*r2], g' = g1*f^(2) with f^(2) := i(F2 - v2) (= f2), and r' = r1*g2. The law is CLOSED ON REALIZABLE PAIRS (r'_0 = 1 always). THE GENERAL LAW it specialises: for ANY two graphs (H1,u1),(H2,u2), any marked vertices, writing h_i := i(H_i), p_i := i(H_i - u_i), q_i := i(H_i - N[u_i]) and J := H1 disjoint-union H2 + edge u1u2: i(J) = p1*p2 + x*(q1*p2 + p1*q2) [= h1*h2 - x^2*q1*q2]; i(J - u1) = p1*h2; i(J - N[u1]) = q1*p2; symmetrically at u2. (Deliberately lettered p,q so no reader takes these for the registry's f,g - the letter collision caused the C5 defect.)","PAIR FORM: realizable leaf pairs, closed on them; K_2 is the FORCED atom (K_1 carries no leaf); every leaf-marked tree is reachable by edge-peeling at the support (proved by hand; 2,298/2,298 leaf instances over 435 trees to order 11) - the property that makes this row bear on OB-R20-REALIZE. GENERAL LAW: any two graphs, any marked vertices - NO leaf, tree, forest or acyclicity hypothesis (verified 81,225/81,225 incl. cyclic and disconnected; this scope may NOT be narrowed). FOUR REFUSALS OF RECORD (r20 C6, so no controller 'fixes' correct sentences): the f'-formula may NOT be replaced (every C6 replacement proposal is a true identity about a differently-constructed side-2-intact object, REFUSED); f^(2) := i(H2) may NOT be 'fixed' to i(H2-u2); MANDATORY CONDITION 2 (f^(2) notationally distinct from f_2) may NOT be reversed; the any-two-rooted-graphs scope may NOT be narrowed to leaves.",[],[],0
E993-PAIR-LOGCONCAVE-DOMINATED-R2-CONJECTURE,REFUTED,,False,"REFUTED CONJECTURE (mechanism fence): 'g, r log-concave with no internal zero AND r <= g pointwise AND s=-1 implies h has strict unique mode at M+1' is FALSE.",mechanism tier only - abstract sequence objects with no forest order; NEVER a target event. Registered REFUTED as a fence against re-proposal (r19 fence practice; monotone refutation precedence binds).,[],[],0
E993-PAIR-GENERATION-THEOREM,VERIFIED,,False,"GENERATION THEOREM FOR REALIZABLE TRIPLES: a marked forest is (H,u), u ANY vertex; state f := i(H), g := i(H-u), r := i(H-N[u]) (f = g (+) shift(r)). Laws: EDGE-JOIN ((H1,u1),(H2,u2)) -> (H1+H2+edge u1u2, u1): f' = g1*g2 + x*(r1*g2 + g1*r2), g' = g1*f2, r' = r1*g2. DISJOINT-UNION ((H1,u1),H2) -> (H1+H2, u1), h2 := i(H2): f' = f1*h2, g' = g1*h2, r' = r1*h2. (Pendant-at-u is NOT a primitive: pendant_at_u(t) == edge_join(t,(K_1,u)); branch factorization likewise derivable.) THEOREM: with GEN the closure of the single atom (K_1,u) = (1+x, 1, 1) under the two laws, graded by vertex count, for every m >= 1 GEN[m] equals EXACTLY {(i(H), i(H-u), i(H-N[u])) : H a forest on m vertices, u in V(H)}. EDGE-JOIN alone gives exactly the same set with H ranging over TREES. Proof: soundness by explicit construction; completeness by strong induction on m (peel u's component by DISJOINT-UNION, or split a tree at any bridge at u by EDGE-JOIN).","FIVE MANDATORY LINES (all required): (1) OBJECT CLASS - forests not trees-only, triples not pairs; authority is CYCLE6-ALLOCATION's T-1 text, NOT contract Sec2 (whose PHI-REAL says 'an actual tree T and leaf v'); the triple form carries NO content beyond the pair form (r = (f-g)/x - triple- and pair-completeness are EQUIVALENT). (2) REDUCTION - the leaf-freedom lemma (realizable in the contract's leaf sense IFF realizable at ANY vertex of H := F-v) is proved, not measured. (3) GENERATIVE, NOT RECOGNITIONAL - decides no given (f,g,r) without search, supplies no separating invariant; OB-R20-REALIZE is NOT discharged and stays OPEN. (4) PROOF, NOT COMPUTATION - the universal quantifier is carried by the structural induction; the exhaustive m<=17 verification (1,354,143 triples at m=17, both directions) is corroboration only; no bounded match is evidence of anything beyond its box. (5) MECHANISM TIER - nothing here asserts, implies or bears on TREE/FOREST/TRANSFER/COUNTEREXAMPLE. EDGE-JOIN CITATION CAVEAT: this row may cite the r20 C6-repaired E993-PAIR-EDGE-JOIN-COMPOSITION text only, never the C5 text as originally written; MANDATORY CONDITION 2 of that row stands.",[],[],0
E993-PAIR-BROOM-DOMINATION,VERIFIED,,False,"Broom(m,l) domination theorem (G2, registered at the fourth assembly): for every fixed l >= 0 there is a finite M(l) such that for every m >= M(l), the Broom(m,l) sequence h is strictly increasing on [0, p_m], nonincreasing after, with mode(h) = p_m exactly. M(l) IS PROVED FINITE via the five-link composite: L1 Lemma A (for any Q with Q(0)=1, Q_i >= 0: A_{m,k} > A_{m,k-1} for 1 <= k <= floor(m/2), hence p(A_m) >= floor(m/2) -> infinity; uses NO real-rootedness, log-concavity or unimodality of Q); L2 Lemma B* WITH HYPOTHESIS (for nonnegative WEAKLY UNIMODAL a with a_0 > 0: p((1+x)a) >= p(a) at first-argmax — the hypothesis is LOAD-BEARING: a=[3,5,0,7] gives p=3 -> p=1, registrar counter-witness at the C7 gate); L3 the Pascal identity j*[C(m,j)-C(m,j-1)] = C(m,j-1)(m-2j+1); L4 zone-1 log-concavity of A_m on REGISTRY authority (E993-PAIR-PATH-CLOSURE + E993-TRS2-IFF-ALC + E993-TRS2-CONVOLUTION-CLOSURE — no Newton, no external citation); L5 three-zone domination with strictness ((q_l)_1 = l; l=0 by the monotone form (m^2-3m-2)/2 > 0 for m >= 4).","FIXED l only — the simultaneous multi-leg growth refutation (r20 C5/C6) stands. M(l) table of record l = 0..24 on three mutually independent exhaustive scans, incl. closed-form exceptions l=0 (M=6) and l=1 (M=5). The closed form M(l) = max(2(s_l+2), Gamma(l)+1) is MEASURED l=0..24, NOT proved. MANDATORY: 'complete and gapless' may never be written on this row (struck three times in-run); the false 'condition (ii) reduces to j=1' mechanism (binding j = 2..5 at l = 0..6) may not be cited. The general-L multi-background extension is REGISTERED as E993-PAIR-GENERAL-L-DOMINATION (idx 78, the same C8 gate; sentence corrected r20 C9).",[],[],0
E993-PAIR-K2-GRAFT-PRESERVATION,CONDITIONAL,,False,"K2-graft conditional preservation theorem (adjudicated measured-quad form, r20 C8): let (F1,v1) be a leaf-marked forest at the s=-1 stratum with measured margin quad (delta_f, plateau_span, margin_A, margin_B) = (1,0,0,2) and f1,g1,r1,h1 weakly unimodal (the structural-induction hypothesis). Then the K2-graft - EDGE-JOIN at its forced atom F2 = K2, i.e. grafting one pendant leaf onto the support - preserves the window box: margin_B(W) >= 1 UNCONDITIONALLY at the stratum, and margin_A(W) >= 0 follows in two lines from the single named premise P-CASE-I (unproved, unrefuted, survived attack at every scope attempted). Constituent proved lemmas on this certificate: the K2-graft closed form g' = (1+x)g1, r' = r1; the identity f' = h1 (W - v1 iso F1: unconditional, every forest, every leaf); the mode-location trichotomy (the new half of the route's Lemma 3); P-SIGN-F struck from the premise set (proved a theorem, f' = h1).","STRICTLY SUB-CHARTERED (C8-GATE-RECORD par.0): the K2 ATOM of ONE law (EDGE-JOIN), ONE stratum (s=-1); an atom instance is not a law - general EDGE-JOIN and DISJOINT-UNION carry no preservation theorem; delta_f=0 carries no theorem. FIREWALL: this restated form never consumes target-implying P-DF01 (= OPEN E993-PAIR-LEAFDRIFT-01); the route face's Corollary carried that breach and is struck of record. Registered CONDITIONAL - the row is not VERIFIED-unconditional and may never be cited without P-CASE-I named.",[],[],0
E993-PAIR-GENERAL-L-DOMINATION,VERIFIED,,False,"General-L multi-background domination theorem (N2, registered with ADJ-T's three repairs, r20 C8): for every finite nonempty leg multiset L with all entries >= 1 and every m >= M(L), the Spider(1^m, L) sequence h is dominated with mode(h) = p_m, by the one-sentence peel (the setup f = (1+x)^m prod q_lambda, g = prod q_{lambda-1} derived from scratch for every such L) substituted into the registered E993-PAIR-BROOM-DOMINATION five-link composite - every link cited, none re-proved.","fixed finite L only (simultaneous multi-leg growth refuted r20 C5/C6, stands); M(L) finite by the composite's chain; the SPIDER-CLOSED-FORM citation carries that row's mandatory scope line (the closed form is a proof; general-spider CLOSURE is not proved). Neither Broom nor Spider(1^m,L) can test R2 - mechanism tier entirely.",[],[],0
E993-G1WIDE-NO-SIZE-CAP,OPEN,open_unresolved_no_formal_award,False,The exact G1wide tuple guards imply residual Delta_(p-2) <= 0 without hKL or hKSCOPE,Actual finite trees and separately the binder-for-binder RTree target in the solution contract,[],"[{""path"": ""cycles/cycle-2/stage6/C2-SYNTHESIS/CLAIMS.json"", ""sha256"": ""781fbbf9c14f59a2eaf4d30ed7717a51a8ca1d663fc722d25c19b27d34028a12""}, {""path"": ""cycles/cycle-2/stage6/C2-SYNTHESIS/PROOFS.md"", ""sha256"": ""3fd80e3e8079682bbc76c07012999b9e4c8a8064459f605eec79abcbdafc3ecc""}, {""path"": ""control/C2-TERMINAL-MAPPING-v1/OCCURRENCE-MAPPINGS.json"", ""sha256"": ""ca31f4f8fdceede529af5bd0ed91f83b793e32ff848ca52e9d34fab6bcfddf3d""}, {""path"": ""control/C2-TERMINAL-SEMANTIC-REVIEW-v1.json"", ""sha256"": ""be34293e15cb6a39d3e8606c0dd20dc6aef820d7547db86c93493783de61a2a4""}]",13
E993-G1-GUARDED-KSCOPE25,REFUTED,,False,Every residual component in every G1-eligible tuple has at most 25 vertices,G1-eligible actual tree tuples,[],[],0
E993-MA-T16,REFUTED,,False,Arbitrary weakly unimodal nonnegative sequences are convolution-closed.,"(1,1,2)*(1,1,3)=(1,2,6,5,6); factors are not graph vectors. Nested interval-layer closure is the same WU class according to the same source row 18.",[],[],0
E993-MA-T18,REFUTED,,False,The stated common-pivot rooted centered-chain architecture composes for every rooted tree.,"Center-rooted K1,4 refutes universal composition and membership; the tree remains unimodal.",[],[],0
E993-MA-T19,REFUTED,,False,Restricted Hall-core data determine the adjacent independence-coefficient sign.,"K1,3 and K1,4 show the retained data are insufficient; no target counterexample follows.",[],[],0
E993-T15,REFUTED,,False,Branch-ratio monotonicity is preserved under the proposed rooted composition.,Refutes the proposed invariant only; witness tree remains unimodal.,[],[],0
E993-T16,REFUTED,,False,Fixed-anchor terminal-sign transport survives path substitution.,Refutes the proposed transport rule only.,[],[],0
E993-T17,REFUTED,,False,Excluded-state alpha dominance supplies the proposed endpoint invariant.,Refutes the proposed endpoint premise only.,[],[],0
E993-T18,REFUTED,,False,The uniform weighted RSV invariant holds for every rational lambda>=1.,"Fails on rooted K_(1,6) at lambda=10; TREE unaffected.",[],[],0
E993-T20,REFUTED,,False,TDLC1 contains every tree independence vector.,W_51 violates TDLC1 and remains weakly unimodal.,[],[],0
OB-C9-F1-PROJECTION-FACTOR-DECODER,REFUTED,,False,"Determine whether rank-(4,5) leaf-deletion output factors through the named pi_UD projection.",The Cycle 10 exact projection collision is not reversed.,[],[],0
OB-C9-U1-LINKED-CROSS-MINOR,REFUTED,,False,The defense-defined LCM_run requires nonnegative chi_k for every rooted tree whose two split polynomials satisfy SplitTRS2.,The center-rooted four-vertex star has chi_2=-1.,[],[],0
OB-C10-U3-AMBIENT-CLOSURE,REFUTED,,False,Prove guarded closure for arbitrary nonnegative rank-six arrays.,The predecessor ambient-array refutation is not reversed.,[],[],0
R17-BETA-D2-PGE7,REFUTED,,False,BetaTarget restricted to support degree two at every rank p >= 7.,"Exact BetaTarget guards, support degree two and p>=7. Same actual order-91 marked witness in frozen audit; not equated to unrestricted beta scope.",[],[],0
R18-REFT5,REFUTED,,False,REF-T-5 sufficiency mechanism slack_t <= H-D-1,fires 44/49 rows = 28/33 instances; exact firing criterion 2H >= (p+2)D+2 at edgeless-U star-hub scope; C5-GATE-RECORD §2,[],[],0
E993-G1-GATEWAY-NORMAL-FORM,VERIFIED,proved_informal_adjudicated_no_formal_award,False,"Every ordinary handle tuple admits a unique assignment of each residual component C to one gateway w and one attachment root; with P_w=I(F_w), S_w=I(F_w-R_w), I(U)=prod P_w, I(H)=prod(P_w+z S_w), I(A)=I(H)+z I(U), and I(T)=(1+2z)I(H)+z(1+z)I(U). Conversely every finite rooted forest with components assigned to fresh gateways constructs such a handle tuple.","Ordinary finite trees with handle v-s-g and deg(s)=2; structural theorem without numerical G1 eligibility; empty residuals/blocks, grouped components, repeated isomorphism types included.",[],"[{""path"": ""cycles/cycle-2/stage6/C2-SYNTHESIS/CLAIMS.json"", ""sha256"": ""781fbbf9c14f59a2eaf4d30ed7717a51a8ca1d663fc722d25c19b27d34028a12""}, {""path"": ""cycles/cycle-2/stage6/C2-SYNTHESIS/PROOFS.md"", ""sha256"": ""3fd80e3e8079682bbc76c07012999b9e4c8a8064459f605eec79abcbdafc3ecc""}, {""path"": ""control/C2-TERMINAL-MAPPING-v1/OCCURRENCE-MAPPINGS.json"", ""sha256"": ""ca31f4f8fdceede529af5bd0ed91f83b793e32ff848ca52e9d34fab6bcfddf3d""}, {""path"": ""control/C2-TERMINAL-SEMANTIC-REVIEW-v1.json"", ""sha256"": ""be34293e15cb6a39d3e8606c0dd20dc6aef820d7547db86c93493783de61a2a4""}]",2
E993-G1-ORDINARY-PLE5-CLASSIFICATION-AND-SIGN,VERIFIED,formally_verified,True,"For every ordinary finite forest F and natural p<=5, natural guards 2*p-3<|F| and x(F)<p-2 imply p=5, F is graph-isomorphic to P8 and Delta_3(F)=-15. Consequently every exact ordinary G1 tuple with p<=5 satisfies Delta_((p:Z)-2)(U)<=0.",Exact compound ordinary-graph low-rank theorem: full forest classification/count interface and exact ordinary G1 corollary; natural truncated guards reconciled to integer target rank. No RTree or p>=6 claim.,[],"[{""path"": ""cycles/cycle-2/stage6/C2-SYNTHESIS/CLAIMS.json"", ""sha256"": ""781fbbf9c14f59a2eaf4d30ed7717a51a8ca1d663fc722d25c19b27d34028a12""}, {""path"": ""cycles/cycle-2/stage6/C2-SYNTHESIS/PROOFS.md"", ""sha256"": ""3fd80e3e8079682bbc76c07012999b9e4c8a8064459f605eec79abcbdafc3ecc""}, {""path"": ""control/C2-TERMINAL-MAPPING-v1/OCCURRENCE-MAPPINGS.json"", ""sha256"": ""ca31f4f8fdceede529af5bd0ed91f83b793e32ff848ca52e9d34fab6bcfddf3d""}, {""path"": ""control/C2-TERMINAL-SEMANTIC-REVIEW-v1.json"", ""sha256"": ""be34293e15cb6a39d3e8606c0dd20dc6aef820d7547db86c93493783de61a2a4""}]",0
E993-G1-MIXED-RESIDUAL-STRATUM,VERIFIED,proved_informal_new_synthesis_derivation_no_formal_award,False,"Let F be the disjoint union of arbitrary finite indexed lists of P_n with n>=1 and symmetric double-stars D_m with m>=2, plus zero or one B in {K(3,4,4),K(5,6,7,8)}. Then F is weakly unimodal and Delta_k(F)<=0 for every integer k>=x(F); consequently an exact ordinary G1 tuple with U isomorphic to such F satisfies its target sign.",Ordinary graph/count theorem. D_m has two adjacent centers with m leaves on each; K has one center joined to hubs carrying c_j pendant length-two arms. Empty lists and repeated factors allowed; fixed finite B list only.,[],[],0
E993-G1-PATH-FOREST-NORECOVERY,VERIFIED,proved_informal_adjudicated_no_formal_award,False,Every finite ordinary forest F of maximum degree at most 2 satisfies Delta_k(F)<=0 for every integer k>=x(F).,"All ordinary path forests, including empty forest, isolated vertices and repeated path components.",[],[],1
E993-G1-UNBOUNDED-GUARDED-ENDPOINT-PATHS,VERIFIED,proved_informal_adjudicated_no_formal_award,False,"For every natural M, there exists n>=20 with n-4>M such that T=P_n, v=0, s=1, g=2, p=x(P_n)+1 satisfies all exact ordinary G1 guards, U=P_(n-4), and Delta_(p-2)(U)<0.","Unbounded positive actual-graph witness family; existential n for each M, not every sufficiently large n.",[],[],0
E993-TAIL-ONSET-DELETION,VERIFIED,proved_informal_adjudicated_no_formal_award,False,"For every finite ordinary graph H and vertex a, tau(H)<=max(tau(H-a),tau(H-N_H[a])+1).","Full nonpositive tails, original graph neighborhood, not one-rank signs.",[],[],0
E993-TAIL-ONSET-CONVOLUTION,VERIFIED,proved_informal_adjudicated_no_formal_award,False,"For nonzero finite polynomials P,Q with nonnegative coefficients, tau(PQ)<=min(tau(P)+deg(Q),tau(Q)+deg(P)).",Finite nonzero nonnegative polynomial sequences; tau as globally defined.,[],[],0
E993-G1-ALIGN-SUFFICIENT,CONDITIONAL,proved_informal_implication_only_surviving_premises_no_formal_award,False,"If an exact ordinary G1 tuple has a vertex a of U such that max(tau(U-a),tau(U-N_U[a])+1)<=p-2, then Delta_(p-2)(U)<=0.",Full original guards plus existential ALIGN; surviving ALIGN premise explicitly required.,"[""There exists such a vertex a and both full tail onsets satisfy the bound.""]",[],0
E993-G1-EXISTENTIAL-ALIGN,OPEN,open_unresolved_no_formal_award,False,"Every exact ordinary G1 tuple has some vertex a of U with max(tau(U-a),tau(U-N_U[a])+1)<=p-2.",Universal over exact ordinary G1 tuples; existential vertex selection and full deletion tails.,[],"[{""path"": ""cycles/cycle-2/stage6/C2-SYNTHESIS/CLAIMS.json"", ""sha256"": ""781fbbf9c14f59a2eaf4d30ed7717a51a8ca1d663fc722d25c19b27d34028a12""}, {""path"": ""cycles/cycle-2/stage6/C2-SYNTHESIS/PROOFS.md"", ""sha256"": ""3fd80e3e8079682bbc76c07012999b9e4c8a8064459f605eec79abcbdafc3ecc""}, {""path"": ""control/C2-TERMINAL-MAPPING-v1/OCCURRENCE-MAPPINGS.json"", ""sha256"": ""ca31f4f8fdceede529af5bd0ed91f83b793e32ff848ca52e9d34fab6bcfddf3d""}, {""path"": ""control/C2-TERMINAL-SEMANTIC-REVIEW-v1.json"", ""sha256"": ""be34293e15cb6a39d3e8606c0dd20dc6aef820d7547db86c93493783de61a2a4""}]",2
E993-G1-ATTACHMENT-ROOT-ALIGN,REFUTED,exact_counterevidence_adjudicated_no_formal_award,False,"For every exact ordinary G1 tuple and every residual component attachment root a, max(tau(U-a),tau(U-N_U[a])+1)<=p-2.",Specified attachment roots in the original gateway decomposition; full tails.,[],"[{""path"": ""cycles/cycle-2/stage6/C2-SYNTHESIS/CLAIMS.json"", ""sha256"": ""781fbbf9c14f59a2eaf4d30ed7717a51a8ca1d663fc722d25c19b27d34028a12""}, {""path"": ""cycles/cycle-2/stage6/C2-SYNTHESIS/PROOFS.md"", ""sha256"": ""3fd80e3e8079682bbc76c07012999b9e4c8a8064459f605eec79abcbdafc3ecc""}, {""path"": ""control/C2-TERMINAL-MAPPING-v1/OCCURRENCE-MAPPINGS.json"", ""sha256"": ""ca31f4f8fdceede529af5bd0ed91f83b793e32ff848ca52e9d34fab6bcfddf3d""}, {""path"": ""control/C2-TERMINAL-SEMANTIC-REVIEW-v1.json"", ""sha256"": ""be34293e15cb6a39d3e8606c0dd20dc6aef820d7547db86c93493783de61a2a4""}]",2
E993-G1-ALL-VERTEX-ALIGN,REFUTED,exact_finite_computation_cross_reviewed_adjudicated_no_formal_award,False,"For every exact ordinary G1 tuple and every vertex a in U, max(tau(U-a),tau(U-N_U[a])+1)<=p-2.","All residual vertices, a stronger universal assertion than prescribed-root ALIGN.",[],[],0
E993-G1-RESIDUAL-ADMISSION-BOUND,VERIFIED,proved_informal_adjudicated_no_formal_award,False,"For any ordinary finite forest U and natural p, the two natural guards 2*p-3<|U| and x(U)<p-2 imply |U|>=2*x(U)+4.",Only the two residual guards; no ambient or sign sufficiency claimed.,[],[],0
E993-G1-EDGELESS-INELIGIBILITY,VERIFIED,proved_informal_adjudicated_no_formal_award,False,"For every natural n and every natural p, the edgeless graph E_n cannot satisfy both 2*p-3<n and x(E_n)<p-2; x(E_n)=ceil(n/2).","All n including zero; numerical admission impossibility, compatible with structural gateway realizability.",[],[],0
E993-INDEPENDENCE-POSITIVE-DELTA-SIZE,VERIFIED,proved_informal_adjudicated_no_formal_award,False,"For every finite ordinary graph H and integer r, Delta_r(H)>0 implies |H|>2*r+1.",All finite ordinary simple graphs; negative ranks included by coefficient zero extension.,[],"[{""path"": ""cycles/cycle-2/stage6/C2-SYNTHESIS/CLAIMS.json"", ""sha256"": ""781fbbf9c14f59a2eaf4d30ed7717a51a8ca1d663fc722d25c19b27d34028a12""}, {""path"": ""cycles/cycle-2/stage6/C2-SYNTHESIS/PROOFS.md"", ""sha256"": ""3fd80e3e8079682bbc76c07012999b9e4c8a8064459f605eec79abcbdafc3ecc""}, {""path"": ""control/C2-TERMINAL-MAPPING-v1/OCCURRENCE-MAPPINGS.json"", ""sha256"": ""ca31f4f8fdceede529af5bd0ed91f83b793e32ff848ca52e9d34fab6bcfddf3d""}, {""path"": ""control/C2-TERMINAL-SEMANTIC-REVIEW-v1.json"", ""sha256"": ""be34293e15cb6a39d3e8606c0dd20dc6aef820d7547db86c93493783de61a2a4""}]",0
E993-G1-PRESCRIBED-RECOVERY-LIFT,OPEN,open_unresolved_no_formal_award,False,"For every finite ordinary forest F and integer recovery rank r with x(F)<r and Delta_r(F)>0, there is an ordinary handle tree T with residual isomorphic to F, x(T)=r+1 and Gamma<0 at p=r+2.",Universal prescribed forest/rank pair lifting; original neighborhoods and full graph/count transport.,[],"[{""path"": ""cycles/cycle-2/stage6/C2-SYNTHESIS/CLAIMS.json"", ""sha256"": ""781fbbf9c14f59a2eaf4d30ed7717a51a8ca1d663fc722d25c19b27d34028a12""}, {""path"": ""cycles/cycle-2/stage6/C2-SYNTHESIS/PROOFS.md"", ""sha256"": ""3fd80e3e8079682bbc76c07012999b9e4c8a8064459f605eec79abcbdafc3ecc""}, {""path"": ""control/C2-TERMINAL-MAPPING-v1/OCCURRENCE-MAPPINGS.json"", ""sha256"": ""ca31f4f8fdceede529af5bd0ed91f83b793e32ff848ca52e9d34fab6bcfddf3d""}, {""path"": ""control/C2-TERMINAL-SEMANTIC-REVIEW-v1.json"", ""sha256"": ""be34293e15cb6a39d3e8606c0dd20dc6aef820d7547db86c93493783de61a2a4""}]",2
E993-G1-PRESCRIBED-LIFT-IMPLIES-FOREST,CONDITIONAL,proved_informal_implication_only_surviving_premises_no_formal_award,False,"If the universal prescribed-recovery lift holds and ordinary G1 holds, then every ordinary finite forest is weakly unimodal.",Logical implication retaining both antecedents; uses the positive-difference size theorem.,"[""E993-G1-PRESCRIBED-RECOVERY-LIFT"", ""ordinary scope of E993-G1WIDE-NO-SIZE-CAP""]",[],0
E993-INDEPENDENCE-UNIMODAL-IFF-NORECOVERY,VERIFIED,proved_informal_adjudicated_no_formal_award,False,"For a finite ordinary independence sequence, weak unimodality is equivalent to Delta_k<=0 at every integer k>=x.","Finite ordinary graph independence sequences, including the empty graph; first strict descent and zero tail conventions.",[],[],0
E993-FOREST-IMPLIES-ORDINARY-G1,CONDITIONAL,proved_informal_implication_only_surviving_premises_no_formal_award,False,"If every finite ordinary forest is weakly unimodal, then every exact ordinary G1 tuple satisfies its residual sign; equivalently by contraposition, any ordinary G1 counterexample has a nonunimodal residual forest.",One-way conjecture implication; retains FOREST antecedent; no RTree representation conclusion.,"[""E993-TGT-FOREST""]","[{""path"": ""cycles/cycle-2/stage6/C2-SYNTHESIS/CLAIMS.json"", ""sha256"": ""781fbbf9c14f59a2eaf4d30ed7717a51a8ca1d663fc722d25c19b27d34028a12""}, {""path"": ""cycles/cycle-2/stage6/C2-SYNTHESIS/PROOFS.md"", ""sha256"": ""3fd80e3e8079682bbc76c07012999b9e4c8a8064459f605eec79abcbdafc3ecc""}, {""path"": ""control/C2-TERMINAL-MAPPING-v1/OCCURRENCE-MAPPINGS.json"", ""sha256"": ""ca31f4f8fdceede529af5bd0ed91f83b793e32ff848ca52e9d34fab6bcfddf3d""}, {""path"": ""control/C2-TERMINAL-SEMANTIC-REVIEW-v1.json"", ""sha256"": ""be34293e15cb6a39d3e8606c0dd20dc6aef820d7547db86c93493783de61a2a4""}]",0
E993-G1-NONTRS2-CORE-REDUCTION,CONDITIONAL,proved_informal_implication_only_surviving_premises_no_formal_award,False,"For an ordinary finite forest F, if the coefficient product of all its nonTRS2 component occurrences is weakly unimodal, then F is weakly unimodal and its differences are nonpositive at/after x; hence the original G1 target holds whenever U=F.",Pointwise conditional core theorem; empty core product is [1]; all LC factors have positive interval support; exact ordinary component counts required.,"[""The entire nonTRS2 component product is weakly unimodal.""]",[],0
E993-FOREST-IFF-UNIVERSAL-NONTRS2-CORE,VERIFIED,proved_informal_adjudicated_no_formal_award,False,The assertion that every finite ordinary forest has a weakly unimodal product of its nonTRS2 component occurrences is equivalent to FOREST.,Universal premise-strength equivalence over all ordinary finite forests; neither side is asserted true.,[],[],0
E993-G1-ORDINARY-RTREE-TRANSPORT,OPEN,open_no_proof_no_formal_award,False,"Supply a complete representation and invariant-transport chain sufficient for the specific proposed ordinary/RTree G1 theorem transfer, including treehood, vertices/adjacency, independent-set counts, isomorphism, deletions, original neighborhoods, crossing and any K_A binder used.",Only the representation direction actually needed by a frozen target; no gratuitous universal two-way encoding requirement.,[],"[{""path"": ""cycles/cycle-2/stage6/C2-SYNTHESIS/CLAIMS.json"", ""sha256"": ""781fbbf9c14f59a2eaf4d30ed7717a51a8ca1d663fc722d25c19b27d34028a12""}, {""path"": ""cycles/cycle-2/stage6/C2-SYNTHESIS/PROOFS.md"", ""sha256"": ""3fd80e3e8079682bbc76c07012999b9e4c8a8064459f605eec79abcbdafc3ecc""}, {""path"": ""control/C2-TERMINAL-MAPPING-v1/OCCURRENCE-MAPPINGS.json"", ""sha256"": ""ca31f4f8fdceede529af5bd0ed91f83b793e32ff848ca52e9d34fab6bcfddf3d""}, {""path"": ""control/C2-TERMINAL-SEMANTIC-REVIEW-v1.json"", ""sha256"": ""be34293e15cb6a39d3e8606c0dd20dc6aef820d7547db86c93493783de61a2a4""}]",0
E993-G1-GUARDS-IMPLY-RESIDUAL-LC,REFUTED,exact_counterevidence_adjudicated_no_formal_award,False,Every exact ordinary G1 tuple has an adjacent-log-concave residual independence sequence.,"Only the full-guard ordinary G1 population; adjacent LC at every rank, not local inequalities at one target rank.",[],"[{""path"": ""cycles/cycle-2/stage6/C2-SYNTHESIS/CLAIMS.json"", ""sha256"": ""781fbbf9c14f59a2eaf4d30ed7717a51a8ca1d663fc722d25c19b27d34028a12""}, {""path"": ""cycles/cycle-2/stage6/C2-SYNTHESIS/PROOFS.md"", ""sha256"": ""3fd80e3e8079682bbc76c07012999b9e4c8a8064459f605eec79abcbdafc3ecc""}, {""path"": ""control/C2-TERMINAL-MAPPING-v1/OCCURRENCE-MAPPINGS.json"", ""sha256"": ""ca31f4f8fdceede529af5bd0ed91f83b793e32ff848ca52e9d34fab6bcfddf3d""}, {""path"": ""control/C2-TERMINAL-SEMANTIC-REVIEW-v1.json"", ""sha256"": ""be34293e15cb6a39d3e8606c0dd20dc6aef820d7547db86c93493783de61a2a4""}]",1
E993-G1-GUARDS-IMPLY-COMPONENT-LC,REFUTED,exact_finite_computation_cross_reviewed_adjudicated_no_formal_award,False,Every component occurrence of the residual of every exact ordinary G1 tuple has an adjacent-log-concave independence sequence.,Full-guard ordinary population; componentwise LC is stronger than residual-product LC.,[],[],0
E993-G1-AT-MOST-ONE-NONTRS2-COMPONENT,REFUTED,exact_finite_computation_cross_reviewed_adjudicated_no_formal_award,False,Every exact ordinary G1 tuple has at most one nonTRS2 residual component occurrence.,"Component occurrences counted with multiplicity, not distinct isomorphism types.",[],[],0
E993-G1-RESIDUAL-MAXDEG-LE200,REFUTED,exact_finite_computation_cross_reviewed_adjudicated_no_formal_award,False,Every exact ordinary G1 tuple has residual maximum degree at most 200.,Ordinary G1 population; finite threshold 200 only. Consequence: all weaker upper caps d<=200 also fail.,[],[],0
E993-G1-RESIDUAL-BRANCHCOUNT-LE197,REFUTED,exact_finite_computation_cross_reviewed_adjudicated_no_formal_award,False,Every exact ordinary G1 tuple has at most 197 residual vertices of degree at least 3.,Ordinary G1 population; finite threshold 197 only; cited residual is subcubic.,[],[],0
E993-G1-CROSSING-GAP-LE39,REFUTED,exact_finite_computation_cross_reviewed_adjudicated_no_formal_award,False,Every exact ordinary G1 tuple satisfies (p-2)-x(U)<=39.,"Every exact ordinary G1 tuple; gap=(p-2)-x(U), finite threshold 39 only. Root supplied the originating definition and the 160P3 full-guard example.",[],[],0
E993-G1-TAIL-DIFFERENCES-NUMERICALLY-NONINCREASING,REFUTED,exact_finite_computation_cross_reviewed_adjudicated_no_formal_award,False,"For every exact ordinary G1 tuple and integers x(U)<=j<k<=p-2, Delta_k(U)<=Delta_j(U).","Numerical monotonicity only between first descent and the target rank, inclusive; refuted inside that interval by 80P3 at j=99,k=100,p=102,x(U)=80. Both differences are negative. No sign-no-recovery refutation.",[],[],0
E993-RECOVERING-FOREST-MINIMALITY-DELETION,CONDITIONAL,proved_informal_implication_only_surviving_premises_no_formal_award,False,"If an ordinary finite forest F is minimum in vertex count among all recovering forests, then every recovery rank k satisfies k<max(x(F-a),x(F-N_F[a])+1) for every vertex a.","Minimal among all recovering forests, not only connected trees or ambient G1 examples.","[""Existence of a recovering forest and minimum order among all recovering forests.""]",[],0
E993-G1-MINIMUM-TREE-COUNTEREXAMPLE-MULTICORE,CONDITIONAL,proved_informal_implication_only_surviving_premises_no_formal_award,False,"If T is a minimum-order counterexample to ordinary TREE unimodality and T has a failing exact G1 tuple, its residual has at least two nonLC component occurrences.","Minimum among TREE counterexamples, plus a failing G1 tuple on that same tree.","[""Minimum-order TREE counterexample T."", ""A failing exact G1 tuple on T.""]",[],0
E993-G1-MINIMUM-TREE-K25-SIZE,CONDITIONAL,proved_informal_implication_only_surviving_premises_no_formal_award,False,"Under the preceding minimum-TREE and failing-G1 premises, and the additional ordinary K25 hypothesis that every tree of order<=25 is LC, |U|>=52 and |T|>=56.",Exact ordinary K25 conditional size bound; two components may share one gateway.,"[""Minimum-order TREE counterexample T with failing G1 tuple."", ""Ordinary K25.""]",[],0
E993-GAPPED-ADJACENT-LC-TIMES-UNIMODAL,REFUTED,exact_finite_computation_cross_reviewed_adjudicated_no_formal_award,False,"For every nonzero finite nonnegative sequence a satisfying bare adjacent LC, with no interval-support condition, and every finite nonnegative weakly unimodal b, their convolution is weakly unimodal.","Abstract sequence scope. Witness a=[1,0,0,1], b=[1,1], product=[1,1,0,1,1].",[],[],0
E993-SINGLE-TAIL-SIGN-IMPLIES-NORECOVERY,REFUTED,exact_finite_computation_cross_reviewed_adjudicated_no_formal_award,False,"For every finite nonnegative positive-interval sequence a and q>=x(a), Delta_q(a)<=0 implies Delta_k(a)<=0 for every k>=x(a).","Abstract sequence mechanism; [1,4,3,5,1] has x=1, a nonpositive tail rank and later positive recovery relative to x. No forest realization.",[],[],0
E993-PATH-STRICT-DESCENT-WITHOUT-SUPPORT,REFUTED,exact_finite_computation_cross_reviewed_adjudicated_no_formal_award,False,"For every ordinary path P_n and every integer k>=x(P_n), Delta_k(P_n)<0.","Unrestricted integer tail without upper support bound; refuted by zero extension, explicitly P30 at k=16.",[],[],0
E993-FIRST-STRICT-DESCENT-IS-FIRST-MAXIMIZER,REFUTED,exact_finite_computation_cross_reviewed_adjudicated_no_formal_award,False,"For every finite ordinary path P_n, its first strict-descent index equals its first global maximizing coefficient index.","Path family, with plateaus allowed. P1 already has [1,1], first maximizer 0 and first strict descent 1; larger integral-root plateaus are also reported.",[],[],0
E993-G1-UNBOUNDED-ENDPOINT-PATH-CROSSING-FAILURES,VERIFIED,proved_informal_adjudicated_no_formal_award,False,"For every natural M there exists n>=max(20,M) with x(P_n)-x(P_(n-4))<2; equivalently, arbitrarily large endpoint-path tuples fail the strict residual crossing guard.",Positive infinitude/unboundedness theorem for the complement of the eligible path set; floor/plateau conventions retained.,[],[],0
E993-G1-RESIDUAL-AMBIENT-DEPENDENCE-WITNESSES,VERIFIED,exact_finite_computation_cross_reviewed_adjudicated_no_formal_award,False,"There exist displayed ordinary handle constructions with the same residual forest whose different root/gateway/bare-g-leaf data change the reported ambient Gamma, x(T), target rank, or eligibility; the six-added-g-leaf comparison retains an order-30 residual while p changes 12 to 15 and size slack 9 to 3, and reported root substitutions can reach crossing equality.",Only the admitted finite comparisons. The six-leaf example establishes changes of ambient/rank data; separate equality-boundary examples establish eligibility dependence.,[],[],0
E993-R23-LITERAL-ACTUAL-TREE-FIXED-GAMMA-HALL,REFUTED,imported_exact_informal_graph_proof_and_independent_finite_replay,False,"For every eligible finite ordinary tree and rank in the r23 semantic contract, the literal fixed Delete/Retag relation Gamma_actual satisfies Hall's subset inequality.",Literal ordinary-tree instantiation fixed by the r23 semantic contract; not every legacy governed RTree encoding. A changed or enlarged relation is a different claim.,[],[],0
E993-GRAPH-FIRST-WIDE-SHARP-CLASSIFICATION,VERIFIED,formally_verified,True,"For every finite simple graph G and natural r>=1 with |V(G)|=2r+2, Delta_r(G)>0 iff G has at most one edge.","All finite simple graphs; exact first-wide cardinality, not all larger cardinalities.",[],"[{""path"": ""cycles/cycle-2/stage6/C2-SYNTHESIS/CLAIMS.json"", ""sha256"": ""781fbbf9c14f59a2eaf4d30ed7717a51a8ca1d663fc722d25c19b27d34028a12""}, {""path"": ""cycles/cycle-2/stage6/C2-SYNTHESIS/PROOFS.md"", ""sha256"": ""3fd80e3e8079682bbc76c07012999b9e4c8a8064459f605eec79abcbdafc3ecc""}, {""path"": ""control/C2-TERMINAL-MAPPING-v1/OCCURRENCE-MAPPINGS.json"", ""sha256"": ""ca31f4f8fdceede529af5bd0ed91f83b793e32ff848ca52e9d34fab6bcfddf3d""}, {""path"": ""control/C2-TERMINAL-SEMANTIC-REVIEW-v1.json"", ""sha256"": ""be34293e15cb6a39d3e8606c0dd20dc6aef820d7547db86c93493783de61a2a4""}, {""path"": ""runs/lean-2026-09-20/THEOREM-CONTRACT.yaml"", ""sha256"": ""cefa43a16f47adb113e623795665555250830fd3465be6d8b7b1377b76e87327""}, {""path"": ""runs/lean-2026-09-20/LeanProject/LeanProof/Main.lean"", ""sha256"": ""beabf73950968ea22e71fb7b02a946eb849b7cdce3a0541fa80a59f7bc485d89""}, {""path"": ""runs/lean-2026-09-20/RECEIPTS/formalization.json"", ""sha256"": ""371232b24ddde2762b2282aa723f1a6a0884d5d6950abdec5176ca91c2bd2b20""}, {""path"": ""runs/lean-2026-09-20/RECEIPTS/kernel-verification.json"", ""sha256"": ""8417c0a5d551d4729a61440405f40df3b9acfff3a44550af34e7b143dba48cc2""}, {""path"": ""runs/lean-2026-09-20/RECEIPTS/fidelity-audit.json"", ""sha256"": ""39d5d4f25ef25da78a1e99cf32f344a5632e9245cb82a360b7140f5870e1fa8b""}, {""path"": ""runs/lean-2026-09-20/RECEIPTS/informal-audit.json"", ""sha256"": ""99f7e1203a2ba1b8135f59ef0b452731473d9d324b9a9635b62c6da7c673b74b""}, {""path"": ""runs/lean-2026-09-20/VERIFICATION-REPORT.json"", ""sha256"": ""9a84e1ba6ebda06f42ab78c90c53c4f5e644f5c9726879f7ce0ddd699cec7b16""}, {""path"": ""runs/lean-2026-09-20/EVIDENCE/C2-LEAN-FIDELITY/REPORT.md"", ""sha256"": ""03a3e5513d87cf6cec00f1e7516661e68a58d7a3abf30d1f215e13c639ba761e""}, {""path"": ""runs/lean-2026-09-20/EVIDENCE/C2-LEAN-FIDELITY/ATTESTATION.json"", ""sha256"": ""5e88fecfb2b559be0370f9b144ed1c660be5092d02a74a78ab68846f6167672d""}]",3
E993-GRAPH-FIRST-WIDE-CROSSING-SIGN,VERIFIED,formally_verified,True,"For every finite simple graph G and natural r>=1, |V(G)|=2r+2 and x(G)<r imply Delta_r(G)<=0.",All finite simple graphs with exact first strict-descent guard; no ambient tuple needed.,[],"[{""path"": ""cycles/cycle-2/stage6/C2-SYNTHESIS/CLAIMS.json"", ""sha256"": ""781fbbf9c14f59a2eaf4d30ed7717a51a8ca1d663fc722d25c19b27d34028a12""}, {""path"": ""cycles/cycle-2/stage6/C2-SYNTHESIS/PROOFS.md"", ""sha256"": ""3fd80e3e8079682bbc76c07012999b9e4c8a8064459f605eec79abcbdafc3ecc""}, {""path"": ""control/C2-TERMINAL-MAPPING-v1/OCCURRENCE-MAPPINGS.json"", ""sha256"": ""ca31f4f8fdceede529af5bd0ed91f83b793e32ff848ca52e9d34fab6bcfddf3d""}, {""path"": ""control/C2-TERMINAL-SEMANTIC-REVIEW-v1.json"", ""sha256"": ""be34293e15cb6a39d3e8606c0dd20dc6aef820d7547db86c93493783de61a2a4""}, {""path"": ""runs/lean-2026-09-20/THEOREM-CONTRACT.yaml"", ""sha256"": ""cefa43a16f47adb113e623795665555250830fd3465be6d8b7b1377b76e87327""}, {""path"": ""runs/lean-2026-09-20/LeanProject/LeanProof/Main.lean"", ""sha256"": ""beabf73950968ea22e71fb7b02a946eb849b7cdce3a0541fa80a59f7bc485d89""}, {""path"": ""runs/lean-2026-09-20/RECEIPTS/formalization.json"", ""sha256"": ""371232b24ddde2762b2282aa723f1a6a0884d5d6950abdec5176ca91c2bd2b20""}, {""path"": ""runs/lean-2026-09-20/RECEIPTS/kernel-verification.json"", ""sha256"": ""8417c0a5d551d4729a61440405f40df3b9acfff3a44550af34e7b143dba48cc2""}, {""path"": ""runs/lean-2026-09-20/RECEIPTS/fidelity-audit.json"", ""sha256"": ""39d5d4f25ef25da78a1e99cf32f344a5632e9245cb82a360b7140f5870e1fa8b""}, {""path"": ""runs/lean-2026-09-20/RECEIPTS/informal-audit.json"", ""sha256"": ""99f7e1203a2ba1b8135f59ef0b452731473d9d324b9a9635b62c6da7c673b74b""}, {""path"": ""runs/lean-2026-09-20/VERIFICATION-REPORT.json"", ""sha256"": ""9a84e1ba6ebda06f42ab78c90c53c4f5e644f5c9726879f7ce0ddd699cec7b16""}, {""path"": ""runs/lean-2026-09-20/EVIDENCE/C2-LEAN-FIDELITY/REPORT.md"", ""sha256"": ""03a3e5513d87cf6cec00f1e7516661e68a58d7a3abf30d1f215e13c639ba761e""}, {""path"": ""runs/lean-2026-09-20/EVIDENCE/C2-LEAN-FIDELITY/ATTESTATION.json"", ""sha256"": ""5e88fecfb2b559be0370f9b144ed1c660be5092d02a74a78ab68846f6167672d""}]",1
E993-GRAPH-COVER-TAIL-CERTIFICATE,VERIFIED,proved_informal_adjudicated_no_formal_award,False,"Let G be a nonempty finite simple graph with n vertices, independence number alpha, vertex-cover number vc=n-alpha, and integers r>=1,d>=2 with n=2r+d. If vc*(r+d-1)>=n*(d-1), then Delta_r(G)<=0.","Conditional structural tail bound; vc is vertex-cover number, not the deletion-tail onset tau.",[],"[{""path"": ""cycles/cycle-2/stage6/C2-SYNTHESIS/CLAIMS.json"", ""sha256"": ""781fbbf9c14f59a2eaf4d30ed7717a51a8ca1d663fc722d25c19b27d34028a12""}, {""path"": ""cycles/cycle-2/stage6/C2-SYNTHESIS/PROOFS.md"", ""sha256"": ""3fd80e3e8079682bbc76c07012999b9e4c8a8064459f605eec79abcbdafc3ecc""}, {""path"": ""control/C2-TERMINAL-MAPPING-v1/OCCURRENCE-MAPPINGS.json"", ""sha256"": ""ca31f4f8fdceede529af5bd0ed91f83b793e32ff848ca52e9d34fab6bcfddf3d""}, {""path"": ""control/C2-TERMINAL-SEMANTIC-REVIEW-v1.json"", ""sha256"": ""be34293e15cb6a39d3e8606c0dd20dc6aef820d7547db86c93493783de61a2a4""}]",2
E993-G1-ODD-BROOM-EXACT-FAMILY,VERIFIED,proved_informal_adjudicated_no_formal_award,False,"For every integer t>=0, let m=2t+1, U_m be a star center with m leaves and a six-edge tail, and T_m be obtained by attaching q-g-s-v to that center through q. Then every original ordinary G1 guard holds, x(U_m)=t+2, x(T_m)=t+4, p=t+5, r=t+3, |U_m|=m+7=2p-2, Gamma<0 and Delta_r(U_m)<0.","Exact actual odd-broom family at every t>=0, with original neighborhoods and marked leaf v; ordinary graph scope only.",[],"[{""path"": ""cycles/cycle-2/stage6/C2-SYNTHESIS/CLAIMS.json"", ""sha256"": ""781fbbf9c14f59a2eaf4d30ed7717a51a8ca1d663fc722d25c19b27d34028a12""}, {""path"": ""cycles/cycle-2/stage6/C2-SYNTHESIS/PROOFS.md"", ""sha256"": ""3fd80e3e8079682bbc76c07012999b9e4c8a8064459f605eec79abcbdafc3ecc""}, {""path"": ""control/C2-TERMINAL-MAPPING-v1/OCCURRENCE-MAPPINGS.json"", ""sha256"": ""ca31f4f8fdceede529af5bd0ed91f83b793e32ff848ca52e9d34fab6bcfddf3d""}, {""path"": ""control/C2-TERMINAL-SEMANTIC-REVIEW-v1.json"", ""sha256"": ""be34293e15cb6a39d3e8606c0dd20dc6aef820d7547db86c93493783de61a2a4""}]",1
E993-G1-UNBOUNDED-DEGREE-ODD-BROOMS,VERIFIED,proved_informal_adjudicated_no_formal_award,False,For every natural bound M there is a fully guarded ordinary odd-broom G1 tuple at |U|=2p-2 whose residual maximum degree exceeds M and whose target difference is negative.,"Positive unbounded witness theorem, proposed consequence of C2-P04 since maxdeg(U_m)=m+1.",[],"[{""path"": ""cycles/cycle-2/stage6/C2-SYNTHESIS/CLAIMS.json"", ""sha256"": ""781fbbf9c14f59a2eaf4d30ed7717a51a8ca1d663fc722d25c19b27d34028a12""}, {""path"": ""cycles/cycle-2/stage6/C2-SYNTHESIS/PROOFS.md"", ""sha256"": ""3fd80e3e8079682bbc76c07012999b9e4c8a8064459f605eec79abcbdafc3ecc""}, {""path"": ""control/C2-TERMINAL-MAPPING-v1/OCCURRENCE-MAPPINGS.json"", ""sha256"": ""ca31f4f8fdceede529af5bd0ed91f83b793e32ff848ca52e9d34fab6bcfddf3d""}, {""path"": ""control/C2-TERMINAL-SEMANTIC-REVIEW-v1.json"", ""sha256"": ""be34293e15cb6a39d3e8606c0dd20dc6aef820d7547db86c93493783de61a2a4""}]",1
E993-G1-ODD-BROOM-VANISHING-RELATIVE-GAP,VERIFIED,proved_informal_adjudicated_no_formal_award,False,"For every real epsilon>0 there exists a fully guarded ordinary odd-broom tuple with Delta_r(U)<0 and 0<-Delta_r(U)/i_r(U)<epsilon. For t>=8, u=t-7>=1, the proposed explicit bound is 0<-Delta_r(U)/i_r(U)<=8648640/(21*u).","Actual family C2-P04, r=t+3; i_r(U)>0 is explicit. On its negative target max(i_r,i_(r+1))=i_r.",[],"[{""path"": ""cycles/cycle-2/stage6/C2-SYNTHESIS/CLAIMS.json"", ""sha256"": ""781fbbf9c14f59a2eaf4d30ed7717a51a8ca1d663fc722d25c19b27d34028a12""}, {""path"": ""cycles/cycle-2/stage6/C2-SYNTHESIS/PROOFS.md"", ""sha256"": ""3fd80e3e8079682bbc76c07012999b9e4c8a8064459f605eec79abcbdafc3ecc""}, {""path"": ""control/C2-TERMINAL-MAPPING-v1/OCCURRENCE-MAPPINGS.json"", ""sha256"": ""ca31f4f8fdceede529af5bd0ed91f83b793e32ff848ca52e9d34fab6bcfddf3d""}, {""path"": ""control/C2-TERMINAL-SEMANTIC-REVIEW-v1.json"", ""sha256"": ""be34293e15cb6a39d3e8606c0dd20dc6aef820d7547db86c93493783de61a2a4""}]",1
E993-K26-POWERS-LOGCONCAVE,VERIFIED,proved_informal_adjudicated_no_formal_award,False,"For the fixed B=I(K(3,4,4)), B^k is adjacent log-concave with positive interval support for every integer k>=2.",Fixed order-26 tree only; graph meaning is k disjoint copies; no varying-core or all-tree claim.,[],"[{""path"": ""cycles/cycle-2/stage6/C2-SYNTHESIS/CLAIMS.json"", ""sha256"": ""781fbbf9c14f59a2eaf4d30ed7717a51a8ca1d663fc722d25c19b27d34028a12""}, {""path"": ""cycles/cycle-2/stage6/C2-SYNTHESIS/PROOFS.md"", ""sha256"": ""3fd80e3e8079682bbc76c07012999b9e4c8a8064459f605eec79abcbdafc3ecc""}, {""path"": ""control/C2-TERMINAL-MAPPING-v1/OCCURRENCE-MAPPINGS.json"", ""sha256"": ""ca31f4f8fdceede529af5bd0ed91f83b793e32ff848ca52e9d34fab6bcfddf3d""}, {""path"": ""control/C2-TERMINAL-SEMANTIC-REVIEW-v1.json"", ""sha256"": ""be34293e15cb6a39d3e8606c0dd20dc6aef820d7547db86c93493783de61a2a4""}]",2
E993-G1-K26-REPETITION-LC-BACKGROUND,VERIFIED,proved_informal_adjudicated_no_formal_award,False,"For every integer k>=0 and ordinary finite forest L whose independence sequence is LC, F=k copies of K(3,4,4) disjoint L is weakly unimodal and has Delta_j(F)<=0 for all j>=x(F); hence exact ordinary G1 holds when U is isomorphic to F.","Fixed K26 component repetitions, arbitrary LC forest background, empty/repeated factors allowed; LC background remains an explicit structural hypothesis.",[],"[{""path"": ""cycles/cycle-2/stage6/C2-SYNTHESIS/CLAIMS.json"", ""sha256"": ""781fbbf9c14f59a2eaf4d30ed7717a51a8ca1d663fc722d25c19b27d34028a12""}, {""path"": ""cycles/cycle-2/stage6/C2-SYNTHESIS/PROOFS.md"", ""sha256"": ""3fd80e3e8079682bbc76c07012999b9e4c8a8064459f605eec79abcbdafc3ecc""}, {""path"": ""control/C2-TERMINAL-MAPPING-v1/OCCURRENCE-MAPPINGS.json"", ""sha256"": ""ca31f4f8fdceede529af5bd0ed91f83b793e32ff848ca52e9d34fab6bcfddf3d""}, {""path"": ""control/C2-TERMINAL-SEMANTIC-REVIEW-v1.json"", ""sha256"": ""be34293e15cb6a39d3e8606c0dd20dc6aef820d7547db86c93493783de61a2a4""}]",1
E993-TREE-VARYING-BASE-FIXED-POWER-OBSTRUCTION,VERIFIED,proved_informal_adjudicated_no_formal_award,False,"For every positive integer k there exists an ordinary finite tree B_a, specifically a=k+6, such that I(B_a)^k is not LC. B_a has one center, three adjacent hubs and a length-two arms at each hub, order6a+4; the proposed penultimate margin is k*((k+1)*s^2/2-b)<0 with s=3*(2^a+a), b=3*(a*2^(a-1)+choose(a,2))+3*(2^a+a)^2+2^(3a).",Positive quantified varying-base witness theorem; base depends on k. The power counts a forest of k disjoint copies; all-k G1 eligibility is not asserted.,[],"[{""path"": ""cycles/cycle-2/stage6/C2-SYNTHESIS/CLAIMS.json"", ""sha256"": ""781fbbf9c14f59a2eaf4d30ed7717a51a8ca1d663fc722d25c19b27d34028a12""}, {""path"": ""cycles/cycle-2/stage6/C2-SYNTHESIS/PROOFS.md"", ""sha256"": ""3fd80e3e8079682bbc76c07012999b9e4c8a8064459f605eec79abcbdafc3ecc""}, {""path"": ""control/C2-TERMINAL-MAPPING-v1/OCCURRENCE-MAPPINGS.json"", ""sha256"": ""ca31f4f8fdceede529af5bd0ed91f83b793e32ff848ca52e9d34fab6bcfddf3d""}, {""path"": ""control/C2-TERMINAL-SEMANTIC-REVIEW-v1.json"", ""sha256"": ""be34293e15cb6a39d3e8606c0dd20dc6aef820d7547db86c93493783de61a2a4""}]",2
E993-GRAPH-CLIQUE-PARTITION-NORMALIZED-COMPARISON,VERIFIED,proved_informal_adjudicated_no_formal_award,False,"Let H be a spanning disjoint union of nonempty cliques of sizes w_1,...,w_d in a finite simple graph G, with E(H) subset E(G), and P=prod_i(1+w_i*z). Then for every natural 0<=k<d, P_k*i_(k+1)(G)<=P_(k+1)*i_k(G).","Actual ordinary finite graphs on the same vertex set; clique partition and edge containment explicit; P_k>0 on0..d, both graph counts vanish past d.",[],"[{""path"": ""cycles/cycle-2/stage6/C2-SYNTHESIS/CLAIMS.json"", ""sha256"": ""781fbbf9c14f59a2eaf4d30ed7717a51a8ca1d663fc722d25c19b27d34028a12""}, {""path"": ""cycles/cycle-2/stage6/C2-SYNTHESIS/PROOFS.md"", ""sha256"": ""3fd80e3e8079682bbc76c07012999b9e4c8a8064459f605eec79abcbdafc3ecc""}, {""path"": ""control/C2-TERMINAL-MAPPING-v1/OCCURRENCE-MAPPINGS.json"", ""sha256"": ""ca31f4f8fdceede529af5bd0ed91f83b793e32ff848ca52e9d34fab6bcfddf3d""}, {""path"": ""control/C2-TERMINAL-SEMANTIC-REVIEW-v1.json"", ""sha256"": ""be34293e15cb6a39d3e8606c0dd20dc6aef820d7547db86c93493783de61a2a4""}]",3
E993-G1-MATCHING-COMPARATOR-SUFFICIENT,CONDITIONAL,proved_informal_implication_with_surviving_premises_no_formal_award,False,"For every finite ordinary graph U, every natural r>=0 and every actual matching of size m in U, writing n=|U| and P=(1+2z)^m*(1+z)^(n-2m), P_(r+1)<=P_r implies Delta_r(U)<=0. Apply r=p-2 to the exact ordinary G1 guards.",Conditional application of C2-P10; actual matching and nonpositive comparator step are both explicit. Past comparator degree counts vanish.,"[""A matching of size m is actually present in U."", ""For P=(1+2z)^m*(1+z)^(n-2m), P_(r+1)<=P_r at the tested rank."", ""This certifies a graph sign only when the numerical comparator condition holds; full G1 guards do not imply that condition.""]","[{""path"": ""cycles/cycle-2/stage6/C2-SYNTHESIS/CLAIMS.json"", ""sha256"": ""781fbbf9c14f59a2eaf4d30ed7717a51a8ca1d663fc722d25c19b27d34028a12""}, {""path"": ""cycles/cycle-2/stage6/C2-SYNTHESIS/PROOFS.md"", ""sha256"": ""3fd80e3e8079682bbc76c07012999b9e4c8a8064459f605eec79abcbdafc3ecc""}, {""path"": ""control/C2-TERMINAL-MAPPING-v1/OCCURRENCE-MAPPINGS.json"", ""sha256"": ""ca31f4f8fdceede529af5bd0ed91f83b793e32ff848ca52e9d34fab6bcfddf3d""}, {""path"": ""control/C2-TERMINAL-SEMANTIC-REVIEW-v1.json"", ""sha256"": ""be34293e15cb6a39d3e8606c0dd20dc6aef820d7547db86c93493783de61a2a4""}]",1
E993-ORDINARY-G1-IMPLIES-FOREST,OPEN,open_unresolved_no_formal_award,False,"If unrestricted ordinary G1 holds, then every ordinary finite forest is weakly unimodal.",Open converse direction to the registered FOREST=>G1 implication; does not assert either conjecture.,[],"[{""path"": ""cycles/cycle-2/stage6/C2-SYNTHESIS/CLAIMS.json"", ""sha256"": ""781fbbf9c14f59a2eaf4d30ed7717a51a8ca1d663fc722d25c19b27d34028a12""}, {""path"": ""cycles/cycle-2/stage6/C2-SYNTHESIS/PROOFS.md"", ""sha256"": ""3fd80e3e8079682bbc76c07012999b9e4c8a8064459f605eec79abcbdafc3ecc""}, {""path"": ""control/C2-TERMINAL-MAPPING-v1/OCCURRENCE-MAPPINGS.json"", ""sha256"": ""ca31f4f8fdceede529af5bd0ed91f83b793e32ff848ca52e9d34fab6bcfddf3d""}, {""path"": ""control/C2-TERMINAL-SEMANTIC-REVIEW-v1.json"", ""sha256"": ""be34293e15cb6a39d3e8606c0dd20dc6aef820d7547db86c93493783de61a2a4""}]",3
E993-TREE-SQUARE-LOGCONCAVE,REFUTED,exact_counterevidence_adjudicated_no_formal_award,False,Every ordinary finite tree T has a log-concave square I(T)^2.,"Fixed exponent2, arbitrary tree base; distinct from fixed K26 powers.",[],"[{""path"": ""cycles/cycle-2/stage6/C2-SYNTHESIS/CLAIMS.json"", ""sha256"": ""781fbbf9c14f59a2eaf4d30ed7717a51a8ca1d663fc722d25c19b27d34028a12""}, {""path"": ""cycles/cycle-2/stage6/C2-SYNTHESIS/PROOFS.md"", ""sha256"": ""3fd80e3e8079682bbc76c07012999b9e4c8a8064459f605eec79abcbdafc3ecc""}, {""path"": ""control/C2-TERMINAL-MAPPING-v1/OCCURRENCE-MAPPINGS.json"", ""sha256"": ""ca31f4f8fdceede529af5bd0ed91f83b793e32ff848ca52e9d34fab6bcfddf3d""}, {""path"": ""control/C2-TERMINAL-SEMANTIC-REVIEW-v1.json"", ""sha256"": ""be34293e15cb6a39d3e8606c0dd20dc6aef820d7547db86c93493783de61a2a4""}]",2
E993-G1-IDENTICAL-TWO-CORE-IMPLIES-LC,REFUTED,exact_counterevidence_adjudicated_no_formal_award,False,Every exact ordinary G1 tuple whose residual consists of two identical nonLC tree components has an LC residual product.,"Restricted actual full-guard population, two identical occurrences; separate from generic all-tree square property.",[],"[{""path"": ""cycles/cycle-2/stage6/C2-SYNTHESIS/CLAIMS.json"", ""sha256"": ""781fbbf9c14f59a2eaf4d30ed7717a51a8ca1d663fc722d25c19b27d34028a12""}, {""path"": ""cycles/cycle-2/stage6/C2-SYNTHESIS/PROOFS.md"", ""sha256"": ""3fd80e3e8079682bbc76c07012999b9e4c8a8064459f605eec79abcbdafc3ecc""}, {""path"": ""control/C2-TERMINAL-MAPPING-v1/OCCURRENCE-MAPPINGS.json"", ""sha256"": ""ca31f4f8fdceede529af5bd0ed91f83b793e32ff848ca52e9d34fab6bcfddf3d""}, {""path"": ""control/C2-TERMINAL-SEMANTIC-REVIEW-v1.json"", ""sha256"": ""be34293e15cb6a39d3e8606c0dd20dc6aef820d7547db86c93493783de61a2a4""}]",1
E993-TREE-POWER3-LOGCONCAVE,REFUTED,controller_checked_exact_finite_evidence_relocated_replay_no_formal_award,False,Every finite ordinary tree T has an adjacent log-concave kth power I(T)^k for the fixed exponent k=3.,"Exactly exponent 3; base tree order is the witness parameter, not the order of its disjoint-union power.",[],[],0
E993-TREE-POWER5-LOGCONCAVE,REFUTED,controller_checked_exact_finite_evidence_relocated_replay_no_formal_award,False,Every finite ordinary tree T has an adjacent log-concave kth power I(T)^k for the fixed exponent k=5.,"Exactly exponent 5; base tree order is the witness parameter, not the order of its disjoint-union power.",[],[],0
E993-TREE-POWER8-LOGCONCAVE,REFUTED,controller_checked_exact_finite_evidence_relocated_replay_no_formal_award,False,Every finite ordinary tree T has an adjacent log-concave kth power I(T)^k for the fixed exponent k=8.,"Exactly exponent 8; base tree order is the witness parameter, not the order of its disjoint-union power.",[],[],0
E993-LC-SPANNING-FOREST-NORMALIZED-COMPARISON,REFUTED,exact_counterevidence_adjudicated_no_formal_award,False,"For all ordinary forests H,G on the same vertices with E(H) subset E(G) and I(H) LC, I(H)_k*i_(k+1)(G)<=I(H)_(k+1)*i_k(G) at each supported rank.",Relaxation from a clique union/normal independent-set poset to merely LC spanning forest.,[],"[{""path"": ""cycles/cycle-2/stage6/C2-SYNTHESIS/CLAIMS.json"", ""sha256"": ""781fbbf9c14f59a2eaf4d30ed7717a51a8ca1d663fc722d25c19b27d34028a12""}, {""path"": ""cycles/cycle-2/stage6/C2-SYNTHESIS/PROOFS.md"", ""sha256"": ""3fd80e3e8079682bbc76c07012999b9e4c8a8064459f605eec79abcbdafc3ecc""}, {""path"": ""control/C2-TERMINAL-MAPPING-v1/OCCURRENCE-MAPPINGS.json"", ""sha256"": ""ca31f4f8fdceede529af5bd0ed91f83b793e32ff848ca52e9d34fab6bcfddf3d""}, {""path"": ""control/C2-TERMINAL-SEMANTIC-REVIEW-v1.json"", ""sha256"": ""be34293e15cb6a39d3e8606c0dd20dc6aef820d7547db86c93493783de61a2a4""}]",5
E993-G1-MAXMATCHING-COMPARATOR-NONPOSITIVE,REFUTED,exact_counterevidence_adjudicated_no_formal_award,False,"For every exact ordinary G1 tuple, the maximum-matching comparator P=(1+2z)^m*(1+z)^(|U|-2m) satisfies P_(r+1)<=P_r at r=p-2.","Applicability of the specific sufficient comparator step, not validity of normalized comparison.",[],"[{""path"": ""cycles/cycle-2/stage6/C2-SYNTHESIS/CLAIMS.json"", ""sha256"": ""781fbbf9c14f59a2eaf4d30ed7717a51a8ca1d663fc722d25c19b27d34028a12""}, {""path"": ""cycles/cycle-2/stage6/C2-SYNTHESIS/PROOFS.md"", ""sha256"": ""3fd80e3e8079682bbc76c07012999b9e4c8a8064459f605eec79abcbdafc3ecc""}, {""path"": ""control/C2-TERMINAL-MAPPING-v1/OCCURRENCE-MAPPINGS.json"", ""sha256"": ""ca31f4f8fdceede529af5bd0ed91f83b793e32ff848ca52e9d34fab6bcfddf3d""}, {""path"": ""control/C2-TERMINAL-SEMANTIC-REVIEW-v1.json"", ""sha256"": ""be34293e15cb6a39d3e8606c0dd20dc6aef820d7547db86c93493783de61a2a4""}]",4
E993-G1-UNRESTRICTED-CONNECTED-GRAPH-EXTENSION,REFUTED,exact_counterevidence_adjudicated_no_formal_award,False,Every connected finite simple graph with a leaf/support handle satisfying all numerical G1 guards has nonpositive target difference when the acyclic-tree condition is removed.,Exact extension of G1 to connected cyclic ambient graphs at arbitrary wide residual size; not the n=2r+2 theorem.,[],"[{""path"": ""cycles/cycle-2/stage6/C2-SYNTHESIS/CLAIMS.json"", ""sha256"": ""781fbbf9c14f59a2eaf4d30ed7717a51a8ca1d663fc722d25c19b27d34028a12""}, {""path"": ""cycles/cycle-2/stage6/C2-SYNTHESIS/PROOFS.md"", ""sha256"": ""3fd80e3e8079682bbc76c07012999b9e4c8a8064459f605eec79abcbdafc3ecc""}, {""path"": ""control/C2-TERMINAL-MAPPING-v1/OCCURRENCE-MAPPINGS.json"", ""sha256"": ""ca31f4f8fdceede529af5bd0ed91f83b793e32ff848ca52e9d34fab6bcfddf3d""}, {""path"": ""control/C2-TERMINAL-SEMANTIC-REVIEW-v1.json"", ""sha256"": ""be34293e15cb6a39d3e8606c0dd20dc6aef820d7547db86c93493783de61a2a4""}]",2
E993-G1-VARYING-POWER-FAMILY-EMBEDDING,OPEN,open_unresolved_no_formal_award,False,"For every positive integer k there exists an exact ordinary G1 tuple whose residual U is isomorphic to the disjoint union of k copies of B_(k+6), where B_a has a center joined to three hubs each carrying a pendant two-edge arms.","Existence of all original handle and numerical guards with p=x(T)+1; no target-sign conclusion asserted and no prescribed ambient order or fixed wrapper assumed. Finite k1,2,3,5,8 examples alone do not prove this quantifier.",[],"[{""path"": ""cycles/cycle-2/stage6/C2-SYNTHESIS/CLAIMS.json"", ""sha256"": ""781fbbf9c14f59a2eaf4d30ed7717a51a8ca1d663fc722d25c19b27d34028a12""}, {""path"": ""cycles/cycle-2/stage6/C2-SYNTHESIS/PROOFS.md"", ""sha256"": ""3fd80e3e8079682bbc76c07012999b9e4c8a8064459f605eec79abcbdafc3ecc""}, {""path"": ""control/C2-TERMINAL-MAPPING-v1/OCCURRENCE-MAPPINGS.json"", ""sha256"": ""ca31f4f8fdceede529af5bd0ed91f83b793e32ff848ca52e9d34fab6bcfddf3d""}, {""path"": ""control/C2-TERMINAL-SEMANTIC-REVIEW-v1.json"", ""sha256"": ""be34293e15cb6a39d3e8606c0dd20dc6aef820d7547db86c93493783de61a2a4""}]",1
E993-G1-UNIFORM-POSITIVE-RELATIVE-GAP,REFUTED,adjudicated_quantified_family_refutation_no_formal_award,False,There exists a real epsilon>0 such that every exact ordinary G1 tuple with r=p-2 and i_r(U)>0 satisfies Delta_r(U)<=-epsilon*i_r(U).,"A single epsilon for the entire original ordinary G1 domain. The proposed all-odd broom arbitrarily-small negative gap would refute it, but that universal family proof has not been independently admitted.",[],"[{""path"": ""cycles/cycle-2/stage6/C2-SYNTHESIS/CLAIMS.json"", ""sha256"": ""781fbbf9c14f59a2eaf4d30ed7717a51a8ca1d663fc722d25c19b27d34028a12""}, {""path"": ""cycles/cycle-2/stage6/C2-SYNTHESIS/PROOFS.md"", ""sha256"": ""3fd80e3e8079682bbc76c07012999b9e4c8a8064459f605eec79abcbdafc3ecc""}, {""path"": ""control/C2-TERMINAL-MAPPING-v1/OCCURRENCE-MAPPINGS.json"", ""sha256"": ""ca31f4f8fdceede529af5bd0ed91f83b793e32ff848ca52e9d34fab6bcfddf3d""}, {""path"": ""control/C2-TERMINAL-SEMANTIC-REVIEW-v1.json"", ""sha256"": ""be34293e15cb6a39d3e8606c0dd20dc6aef820d7547db86c93493783de61a2a4""}]",1
E993-TREE-UNIFORM-LC-POWER,REFUTED,adjudicated_quantified_family_refutation_no_formal_award,False,There exists a positive integer k such that I(T)^k is adjacent log-concave for every finite ordinary tree T.,A graph-independent exponent. This is distinct from fixed-base eventual smoothing and from the finite already-refuted individual exponent claims. The all-k varying-base obstruction remains a proposal.,[],"[{""path"": ""cycles/cycle-2/stage6/C2-SYNTHESIS/CLAIMS.json"", ""sha256"": ""781fbbf9c14f59a2eaf4d30ed7717a51a8ca1d663fc722d25c19b27d34028a12""}, {""path"": ""cycles/cycle-2/stage6/C2-SYNTHESIS/PROOFS.md"", ""sha256"": ""3fd80e3e8079682bbc76c07012999b9e4c8a8064459f605eec79abcbdafc3ecc""}, {""path"": ""control/C2-TERMINAL-MAPPING-v1/OCCURRENCE-MAPPINGS.json"", ""sha256"": ""ca31f4f8fdceede529af5bd0ed91f83b793e32ff848ca52e9d34fab6bcfddf3d""}, {""path"": ""control/C2-TERMINAL-SEMANTIC-REVIEW-v1.json"", ""sha256"": ""be34293e15cb6a39d3e8606c0dd20dc6aef820d7547db86c93493783de61a2a4""}]",1
E993-GRAPH-SECOND-WIDE-CROSSING-SIGN,VERIFIED,proved_informal_adjudicated_no_formal_award,False,"For every finite simple graph G and natural r>=1, |V(G)|=2r+3 and x(G)<r imply Delta_r(G)<=0.",All finite ordinary simple graphs in exactly the second wide cardinality band; x is first strict descent. Its ordinary G1 specialization is an application. No RTree transport.,[],"[{""path"": ""cycles/cycle-2/stage6/C2-SYNTHESIS/CLAIMS.json"", ""sha256"": ""781fbbf9c14f59a2eaf4d30ed7717a51a8ca1d663fc722d25c19b27d34028a12""}, {""path"": ""cycles/cycle-2/stage6/C2-SYNTHESIS/PROOFS.md"", ""sha256"": ""3fd80e3e8079682bbc76c07012999b9e4c8a8064459f605eec79abcbdafc3ecc""}, {""path"": ""control/C2-TERMINAL-MAPPING-v1/OCCURRENCE-MAPPINGS.json"", ""sha256"": ""ca31f4f8fdceede529af5bd0ed91f83b793e32ff848ca52e9d34fab6bcfddf3d""}, {""path"": ""control/C2-TERMINAL-SEMANTIC-REVIEW-v1.json"", ""sha256"": ""be34293e15cb6a39d3e8606c0dd20dc6aef820d7547db86c93493783de61a2a4""}]",1
E993-GRAPH-D3-COVER-THRESHOLD-SHARPNESS,VERIFIED,proved_informal_adjudicated_no_formal_award,False,"For every natural r>=1 there exists a finite simple graph on 2r+3 vertices with vertex-cover number 3 and Delta_r>0: K2 disjoint union K3 for r=1, and 3K2 disjoint union (2r-3)K1 for r>=2. For r>=2, Delta_r=12*binom(2r-3,r-2)/(r*(r+1)).",An explicit all-rank witness family showing the cover-only threshold cannot be lowered to 3. Forest witnesses when r>=2. Not a crossing-guard or G1 counterexample.,[],"[{""path"": ""cycles/cycle-2/stage6/C2-SYNTHESIS/CLAIMS.json"", ""sha256"": ""781fbbf9c14f59a2eaf4d30ed7717a51a8ca1d663fc722d25c19b27d34028a12""}, {""path"": ""cycles/cycle-2/stage6/C2-SYNTHESIS/PROOFS.md"", ""sha256"": ""3fd80e3e8079682bbc76c07012999b9e4c8a8064459f605eec79abcbdafc3ecc""}, {""path"": ""control/C2-TERMINAL-MAPPING-v1/OCCURRENCE-MAPPINGS.json"", ""sha256"": ""ca31f4f8fdceede529af5bd0ed91f83b793e32ff848ca52e9d34fab6bcfddf3d""}, {""path"": ""control/C2-TERMINAL-SEMANTIC-REVIEW-v1.json"", ""sha256"": ""be34293e15cb6a39d3e8606c0dd20dc6aef820d7547db86c93493783de61a2a4""}]",1
E993-GRAPH-D3-BARE-COVER3-SIGN,REFUTED,exact_counterevidence_adjudicated_no_formal_award,False,"Every finite simple graph G with |V(G)|=2r+3, natural r>=1 and vertex-cover number at least 3 has Delta_r(G)<=0.",Bare cover-number-only sign guarantee; no first-descent premise.,[],"[{""path"": ""cycles/cycle-2/stage6/C2-SYNTHESIS/CLAIMS.json"", ""sha256"": ""781fbbf9c14f59a2eaf4d30ed7717a51a8ca1d663fc722d25c19b27d34028a12""}, {""path"": ""cycles/cycle-2/stage6/C2-SYNTHESIS/PROOFS.md"", ""sha256"": ""3fd80e3e8079682bbc76c07012999b9e4c8a8064459f605eec79abcbdafc3ecc""}, {""path"": ""control/C2-TERMINAL-MAPPING-v1/OCCURRENCE-MAPPINGS.json"", ""sha256"": ""ca31f4f8fdceede529af5bd0ed91f83b793e32ff848ca52e9d34fab6bcfddf3d""}, {""path"": ""control/C2-TERMINAL-SEMANTIC-REVIEW-v1.json"", ""sha256"": ""be34293e15cb6a39d3e8606c0dd20dc6aef820d7547db86c93493783de61a2a4""}]",1
E993-FOREST-D3-BARE-MATCHING3-SIGN,REFUTED,exact_counterevidence_adjudicated_no_formal_award,False,"Every finite ordinary forest F with |V(F)|=2r+3, natural r>=1 and matching number at least 3 has Delta_r(F)<=0.",Bare matching-number-only sign guarantee on forests; no first-descent premise.,[],"[{""path"": ""cycles/cycle-2/stage6/C2-SYNTHESIS/CLAIMS.json"", ""sha256"": ""781fbbf9c14f59a2eaf4d30ed7717a51a8ca1d663fc722d25c19b27d34028a12""}, {""path"": ""cycles/cycle-2/stage6/C2-SYNTHESIS/PROOFS.md"", ""sha256"": ""3fd80e3e8079682bbc76c07012999b9e4c8a8064459f605eec79abcbdafc3ecc""}, {""path"": ""control/C2-TERMINAL-MAPPING-v1/OCCURRENCE-MAPPINGS.json"", ""sha256"": ""ca31f4f8fdceede529af5bd0ed91f83b793e32ff848ca52e9d34fab6bcfddf3d""}, {""path"": ""control/C2-TERMINAL-SEMANTIC-REVIEW-v1.json"", ""sha256"": ""be34293e15cb6a39d3e8606c0dd20dc6aef820d7547db86c93493783de61a2a4""}]",1
E993-C2-F1-TARGET-RANK-LC-WITNESS,VERIFIED,exact_finite_computation_adjudicated_no_formal_award,False,C2F1-01 is a full-guard order-680 ordinary tree strictly beyond the equality slice whose residual LC margin is negative at r=p-2 while Delta_r(U)<0.,"One explicit connected B508 residual, left-center root, 168 bare g-leaves, p=250, r=248.",[],"[{""path"": ""cycles/cycle-2/stage6/C2-SYNTHESIS/CLAIMS.json"", ""sha256"": ""781fbbf9c14f59a2eaf4d30ed7717a51a8ca1d663fc722d25c19b27d34028a12""}, {""path"": ""cycles/cycle-2/stage6/C2-SYNTHESIS/PROOFS.md"", ""sha256"": ""3fd80e3e8079682bbc76c07012999b9e4c8a8064459f605eec79abcbdafc3ecc""}, {""path"": ""control/C2-TERMINAL-MAPPING-v1/OCCURRENCE-MAPPINGS.json"", ""sha256"": ""ca31f4f8fdceede529af5bd0ed91f83b793e32ff848ca52e9d34fab6bcfddf3d""}, {""path"": ""control/C2-TERMINAL-SEMANTIC-REVIEW-v1.json"", ""sha256"": ""be34293e15cb6a39d3e8606c0dd20dc6aef820d7547db86c93493783de61a2a4""}]",1
E993-C2-F1-STRUCTURED-FINITE-SEARCH,VERIFIED,exact_finite_computation_adjudicated_no_formal_award,False,"Of 17,334 recorded deterministic wrappers, 6,190 satisfy all G1 guards with |U|>2p-2; none has positive or zero target, and the ten residual templates do not recover.","Fourteen component types, ten templates, 54 root patterns, h=0 through 320.",[],"[{""path"": ""cycles/cycle-2/stage6/C2-SYNTHESIS/CLAIMS.json"", ""sha256"": ""781fbbf9c14f59a2eaf4d30ed7717a51a8ca1d663fc722d25c19b27d34028a12""}, {""path"": ""cycles/cycle-2/stage6/C2-SYNTHESIS/PROOFS.md"", ""sha256"": ""3fd80e3e8079682bbc76c07012999b9e4c8a8064459f605eec79abcbdafc3ecc""}, {""path"": ""control/C2-TERMINAL-MAPPING-v1/OCCURRENCE-MAPPINGS.json"", ""sha256"": ""ca31f4f8fdceede529af5bd0ed91f83b793e32ff848ca52e9d34fab6bcfddf3d""}, {""path"": ""control/C2-TERMINAL-SEMANTIC-REVIEW-v1.json"", ""sha256"": ""be34293e15cb6a39d3e8606c0dd20dc6aef820d7547db86c93493783de61a2a4""}]",1
E993-C2-F1-488-VERTEX-ALIGN-CHECK,VERIFIED,exact_finite_computation_adjudicated_no_formal_award,False,"For C2F1-02, the recorded normalized Delta_160 is about -0.0187033 and every residual vertex has b(a)<=160, with b in {159,160}.","Four disjoint K(17,19,23) copies; all 488 vertices through ten exact orbit types.",[],"[{""path"": ""cycles/cycle-2/stage6/C2-SYNTHESIS/CLAIMS.json"", ""sha256"": ""781fbbf9c14f59a2eaf4d30ed7717a51a8ca1d663fc722d25c19b27d34028a12""}, {""path"": ""cycles/cycle-2/stage6/C2-SYNTHESIS/PROOFS.md"", ""sha256"": ""3fd80e3e8079682bbc76c07012999b9e4c8a8064459f605eec79abcbdafc3ecc""}, {""path"": ""control/C2-TERMINAL-MAPPING-v1/OCCURRENCE-MAPPINGS.json"", ""sha256"": ""ca31f4f8fdceede529af5bd0ed91f83b793e32ff848ca52e9d34fab6bcfddf3d""}, {""path"": ""control/C2-TERMINAL-SEMANTIC-REVIEW-v1.json"", ""sha256"": ""be34293e15cb6a39d3e8606c0dd20dc6aef820d7547db86c93493783de61a2a4""}]",1
E993-G1-GUARDS-IMPLY-TARGET-RANK-LC,REFUTED,exact_counterevidence_adjudicated_no_formal_award,False,Every exact ordinary G1 tuple has i_r(U)^2>=i_(r-1)(U)*i_(r+1)(U) at r=p-2.,"Only the target LC coordinate, weaker than global residual LC. Negative target is compatible with failure of this premise.",[],"[{""path"": ""cycles/cycle-2/stage6/C2-SYNTHESIS/CLAIMS.json"", ""sha256"": ""781fbbf9c14f59a2eaf4d30ed7717a51a8ca1d663fc722d25c19b27d34028a12""}, {""path"": ""cycles/cycle-2/stage6/C2-SYNTHESIS/PROOFS.md"", ""sha256"": ""3fd80e3e8079682bbc76c07012999b9e4c8a8064459f605eec79abcbdafc3ecc""}, {""path"": ""control/C2-TERMINAL-MAPPING-v1/OCCURRENCE-MAPPINGS.json"", ""sha256"": ""ca31f4f8fdceede529af5bd0ed91f83b793e32ff848ca52e9d34fab6bcfddf3d""}, {""path"": ""control/C2-TERMINAL-SEMANTIC-REVIEW-v1.json"", ""sha256"": ""be34293e15cb6a39d3e8606c0dd20dc6aef820d7547db86c93493783de61a2a4""}]",1
E993-ORDINARY-G1-FIRST-WIDE-SLICE,VERIFIED,formally_verified,True,Every exact ordinary G1 tuple with residual order |U|=2p-2 satisfies Delta_(p-2)(U)<=0.,"Ordinary finite-tree G1 with every original guard retained, original neighborhoods, p=x(T)+1, and equality |U|=2p-2. The proof gives p>=3 and reconciles natural p-2 with integer target rank. No claim for larger residuals or governed RTree.",[],"[{""path"": ""cycles/cycle-2/stage6/C2-SYNTHESIS/CLAIMS.json"", ""sha256"": ""781fbbf9c14f59a2eaf4d30ed7717a51a8ca1d663fc722d25c19b27d34028a12""}, {""path"": ""cycles/cycle-2/stage6/C2-SYNTHESIS/PROOFS.md"", ""sha256"": ""3fd80e3e8079682bbc76c07012999b9e4c8a8064459f605eec79abcbdafc3ecc""}, {""path"": ""control/C2-TERMINAL-MAPPING-v1/OCCURRENCE-MAPPINGS.json"", ""sha256"": ""ca31f4f8fdceede529af5bd0ed91f83b793e32ff848ca52e9d34fab6bcfddf3d""}, {""path"": ""control/C2-TERMINAL-SEMANTIC-REVIEW-v1.json"", ""sha256"": ""be34293e15cb6a39d3e8606c0dd20dc6aef820d7547db86c93493783de61a2a4""}, {""path"": ""runs/lean-2026-09-20/THEOREM-CONTRACT.yaml"", ""sha256"": ""cefa43a16f47adb113e623795665555250830fd3465be6d8b7b1377b76e87327""}, {""path"": ""runs/lean-2026-09-20/LeanProject/LeanProof/Main.lean"", ""sha256"": ""beabf73950968ea22e71fb7b02a946eb849b7cdce3a0541fa80a59f7bc485d89""}, {""path"": ""runs/lean-2026-09-20/RECEIPTS/formalization.json"", ""sha256"": ""371232b24ddde2762b2282aa723f1a6a0884d5d6950abdec5176ca91c2bd2b20""}, {""path"": ""runs/lean-2026-09-20/RECEIPTS/kernel-verification.json"", ""sha256"": ""8417c0a5d551d4729a61440405f40df3b9acfff3a44550af34e7b143dba48cc2""}, {""path"": ""runs/lean-2026-09-20/RECEIPTS/fidelity-audit.json"", ""sha256"": ""39d5d4f25ef25da78a1e99cf32f344a5632e9245cb82a360b7140f5870e1fa8b""}, {""path"": ""runs/lean-2026-09-20/RECEIPTS/informal-audit.json"", ""sha256"": ""99f7e1203a2ba1b8135f59ef0b452731473d9d324b9a9635b62c6da7c673b74b""}, {""path"": ""runs/lean-2026-09-20/VERIFICATION-REPORT.json"", ""sha256"": ""9a84e1ba6ebda06f42ab78c90c53c4f5e644f5c9726879f7ce0ddd699cec7b16""}, {""path"": ""runs/lean-2026-09-20/EVIDENCE/C2-LEAN-FIDELITY/REPORT.md"", ""sha256"": ""03a3e5513d87cf6cec00f1e7516661e68a58d7a3abf30d1f215e13c639ba761e""}, {""path"": ""runs/lean-2026-09-20/EVIDENCE/C2-LEAN-FIDELITY/ATTESTATION.json"", ""sha256"": ""5e88fecfb2b559be0370f9b144ed1c660be5092d02a74a78ab68846f6167672d""}]",2
E993-FOREST-D3-BARE-MATCHING2-SIGN,REFUTED,exact_counterevidence_adjudicated_no_formal_award,False,"Every finite ordinary forest F with |V(F)|=2r+3, natural r>=1 and matching number at least 2 satisfies Delta_r(F)<=0.","Bare matching-only condition, no early first-descent guard. Separate from the already refuted matching-at-least-3 condition.",[],"[{""path"": ""cycles/cycle-2/stage6/C2-SYNTHESIS/CLAIMS.json"", ""sha256"": ""781fbbf9c14f59a2eaf4d30ed7717a51a8ca1d663fc722d25c19b27d34028a12""}, {""path"": ""cycles/cycle-2/stage6/C2-SYNTHESIS/PROOFS.md"", ""sha256"": ""3fd80e3e8079682bbc76c07012999b9e4c8a8064459f605eec79abcbdafc3ecc""}, {""path"": ""control/C2-TERMINAL-MAPPING-v1/OCCURRENCE-MAPPINGS.json"", ""sha256"": ""ca31f4f8fdceede529af5bd0ed91f83b793e32ff848ca52e9d34fab6bcfddf3d""}, {""path"": ""control/C2-TERMINAL-SEMANTIC-REVIEW-v1.json"", ""sha256"": ""be34293e15cb6a39d3e8606c0dd20dc6aef820d7547db86c93493783de61a2a4""}]",2
E993-G1-GUARDS-IMPLY-BG-COVER,REFUTED,exact_counterevidence_adjudicated_no_formal_award,False,"Every exact ordinary G1 tuple, with n=|U|, r=p-2, d=n-2r and vc the minimum vertex-cover number, satisfies vc*(r+d-1)>=n*(d-1).",Necessity of the sufficient Basit-Galvin cover certificate on actual fully guarded ordinary trees. This is distinct from a clique comparator sign claim.,[],"[{""path"": ""cycles/cycle-2/stage6/C2-SYNTHESIS/CLAIMS.json"", ""sha256"": ""781fbbf9c14f59a2eaf4d30ed7717a51a8ca1d663fc722d25c19b27d34028a12""}, {""path"": ""cycles/cycle-2/stage6/C2-SYNTHESIS/PROOFS.md"", ""sha256"": ""3fd80e3e8079682bbc76c07012999b9e4c8a8064459f605eec79abcbdafc3ecc""}, {""path"": ""control/C2-TERMINAL-MAPPING-v1/OCCURRENCE-MAPPINGS.json"", ""sha256"": ""ca31f4f8fdceede529af5bd0ed91f83b793e32ff848ca52e9d34fab6bcfddf3d""}, {""path"": ""control/C2-TERMINAL-SEMANTIC-REVIEW-v1.json"", ""sha256"": ""be34293e15cb6a39d3e8606c0dd20dc6aef820d7547db86c93493783de61a2a4""}]",2
E993-GRAPH-ROOTED-GATEWAY-MOMENT-INCIDENCE,VERIFIED,proved_informal_adjudicated_no_formal_award,False,"For exact rooted gateway data, M_(ell,k)=sum_|J|=ell i_k(U-R_J) reconstructs I(H) including empty-gateway factors, and (k+1)M_(ell,k+1) <= (|U|-k)M_(ell,k)-sum_|J|=ell |R_J|i_k(U-R_J).",Every finite ordinary residual graph with finite exact gateway root blocks; H reconstruction only for the registered ordinary gateway construction. No RTree transport.,[],"[{""path"": ""cycles/cycle-2/stage6/C2-SYNTHESIS/CLAIMS.json"", ""sha256"": ""781fbbf9c14f59a2eaf4d30ed7717a51a8ca1d663fc722d25c19b27d34028a12""}, {""path"": ""cycles/cycle-2/stage6/C2-SYNTHESIS/PROOFS.md"", ""sha256"": ""3fd80e3e8079682bbc76c07012999b9e4c8a8064459f605eec79abcbdafc3ecc""}, {""path"": ""control/C2-TERMINAL-MAPPING-v1/OCCURRENCE-MAPPINGS.json"", ""sha256"": ""ca31f4f8fdceede529af5bd0ed91f83b793e32ff848ca52e9d34fab6bcfddf3d""}, {""path"": ""control/C2-TERMINAL-SEMANTIC-REVIEW-v1.json"", ""sha256"": ""be34293e15cb6a39d3e8606c0dd20dc6aef820d7547db86c93493783de61a2a4""}]",1
E993-GRAPH-SINGLE-RANK-DELETION-SUFFICIENT,CONDITIONAL,proved_informal_implication_with_surviving_premises_no_formal_award,False,"At q=p-2, any residual vertex a satisfying Delta_q(U-a)<=0 and Delta_(q-1)(U-N_U[a])<=0 certifies Delta_q(U)<=0.","Every finite ordinary graph with integer zero extension; conditional application to exact ordinary G1 tuples. Only the displayed ranks, not full tails.","[""An actual residual vertex a is chosen; no universal selection theorem is assumed."", ""At the single rank q=p-2, Delta_q(U-a)<=0 and Delta_(q-1)(U-N_U[a])<=0."", ""For a G1 application every original ordinary tuple guard remains present; no RTree transfer.""]","[{""path"": ""cycles/cycle-2/stage6/C2-SYNTHESIS/CLAIMS.json"", ""sha256"": ""781fbbf9c14f59a2eaf4d30ed7717a51a8ca1d663fc722d25c19b27d34028a12""}, {""path"": ""cycles/cycle-2/stage6/C2-SYNTHESIS/PROOFS.md"", ""sha256"": ""3fd80e3e8079682bbc76c07012999b9e4c8a8064459f605eec79abcbdafc3ecc""}, {""path"": ""control/C2-TERMINAL-MAPPING-v1/OCCURRENCE-MAPPINGS.json"", ""sha256"": ""ca31f4f8fdceede529af5bd0ed91f83b793e32ff848ca52e9d34fab6bcfddf3d""}, {""path"": ""control/C2-TERMINAL-SEMANTIC-REVIEW-v1.json"", ""sha256"": ""be34293e15cb6a39d3e8606c0dd20dc6aef820d7547db86c93493783de61a2a4""}]",4
E993-SEQUENCE-LOCAL-LC-CORRIDOR-SUFFICIENT,VERIFIED,proved_informal_adjudicated_no_formal_award,False,"For a finite nonnegative positive-interval-support sequence with first strict descent x<q, adjacent LC margins at every rank x<j<=min(q,d-1) imply Delta_q<=0.",Finite coefficient sequences with positive interval support and zero extension; applied only as a sufficient ordinary residual certificate.,[],"[{""path"": ""cycles/cycle-2/stage6/C2-SYNTHESIS/CLAIMS.json"", ""sha256"": ""781fbbf9c14f59a2eaf4d30ed7717a51a8ca1d663fc722d25c19b27d34028a12""}, {""path"": ""cycles/cycle-2/stage6/C2-SYNTHESIS/PROOFS.md"", ""sha256"": ""3fd80e3e8079682bbc76c07012999b9e4c8a8064459f605eec79abcbdafc3ecc""}, {""path"": ""control/C2-TERMINAL-MAPPING-v1/OCCURRENCE-MAPPINGS.json"", ""sha256"": ""ca31f4f8fdceede529af5bd0ed91f83b793e32ff848ca52e9d34fab6bcfddf3d""}, {""path"": ""control/C2-TERMINAL-SEMANTIC-REVIEW-v1.json"", ""sha256"": ""be34293e15cb6a39d3e8606c0dd20dc6aef820d7547db86c93493783de61a2a4""}]",1
E993-G1-GUARDS-IMPLY-LOCAL-LC-CORRIDOR,REFUTED,exact_counterevidence_adjudicated_no_formal_award,False,Every exact ordinary G1 tuple has residual LC margins nonnegative from x(U)+1 through q=p-2.,"Universal exact ordinary G1 population; local interval only, not global residual LC.",[],"[{""path"": ""cycles/cycle-2/stage6/C2-SYNTHESIS/CLAIMS.json"", ""sha256"": ""781fbbf9c14f59a2eaf4d30ed7717a51a8ca1d663fc722d25c19b27d34028a12""}, {""path"": ""cycles/cycle-2/stage6/C2-SYNTHESIS/PROOFS.md"", ""sha256"": ""3fd80e3e8079682bbc76c07012999b9e4c8a8064459f605eec79abcbdafc3ecc""}, {""path"": ""control/C2-TERMINAL-MAPPING-v1/OCCURRENCE-MAPPINGS.json"", ""sha256"": ""ca31f4f8fdceede529af5bd0ed91f83b793e32ff848ca52e9d34fab6bcfddf3d""}, {""path"": ""control/C2-TERMINAL-SEMANTIC-REVIEW-v1.json"", ""sha256"": ""be34293e15cb6a39d3e8606c0dd20dc6aef820d7547db86c93493783de61a2a4""}]",1
E993-C2-T2-FIVE-K96-FINITE-CONTROLS,VERIFIED,exact_finite_computation_adjudicated_no_formal_award,False,"The displayed order-608 and order-652 trees with five K(14,15,17) residual components satisfy every exact ordinary G1 guard and have strictly negative targets; the order-652 case crosses local nonLC ranks.","Two explicit ordinary trees only, with complete edge lists and exact U,H,A,T polynomials in RESULTS.json.",[],"[{""path"": ""cycles/cycle-2/stage6/C2-SYNTHESIS/CLAIMS.json"", ""sha256"": ""781fbbf9c14f59a2eaf4d30ed7717a51a8ca1d663fc722d25c19b27d34028a12""}, {""path"": ""cycles/cycle-2/stage6/C2-SYNTHESIS/PROOFS.md"", ""sha256"": ""3fd80e3e8079682bbc76c07012999b9e4c8a8064459f605eec79abcbdafc3ecc""}, {""path"": ""control/C2-TERMINAL-MAPPING-v1/OCCURRENCE-MAPPINGS.json"", ""sha256"": ""ca31f4f8fdceede529af5bd0ed91f83b793e32ff848ca52e9d34fab6bcfddf3d""}, {""path"": ""control/C2-TERMINAL-SEMANTIC-REVIEW-v1.json"", ""sha256"": ""be34293e15cb6a39d3e8606c0dd20dc6aef820d7547db86c93493783de61a2a4""}]",1
E993-G1-ODD-BROOM-FIXED-DIAMETER-BRANCHCOUNT,VERIFIED,proved_informal_adjudicated_no_formal_award,False,"The fully guarded six-edge-tail odd-broom residuals have unbounded order and maximum degree while, for t>=1, retaining diameter 7 and exactly one vertex of degree at least 3.",The exact ordinary six-edge-tail odd-broom family with odd m=2t+1 and t>=1; geometry of U only.,[],"[{""path"": ""cycles/cycle-2/stage6/C2-SYNTHESIS/CLAIMS.json"", ""sha256"": ""781fbbf9c14f59a2eaf4d30ed7717a51a8ca1d663fc722d25c19b27d34028a12""}, {""path"": ""cycles/cycle-2/stage6/C2-SYNTHESIS/PROOFS.md"", ""sha256"": ""3fd80e3e8079682bbc76c07012999b9e4c8a8064459f605eec79abcbdafc3ecc""}, {""path"": ""control/C2-TERMINAL-MAPPING-v1/OCCURRENCE-MAPPINGS.json"", ""sha256"": ""ca31f4f8fdceede529af5bd0ed91f83b793e32ff848ca52e9d34fab6bcfddf3d""}, {""path"": ""control/C2-TERMINAL-SEMANTIC-REVIEW-v1.json"", ""sha256"": ""be34293e15cb6a39d3e8606c0dd20dc6aef820d7547db86c93493783de61a2a4""}]",1
E993-C2-F2-EVEN-BROOM-FINITE-CROSSING,VERIFIED,exact_finite_computation_adjudicated_no_formal_award,False,"For the tested even values m=2t, the same six-edge construction has x(U)=r and therefore fails the strict crossing guard, although the size and Gamma guards hold and the target is negative.","Finite exact ordinary edge-list computation for t=1,...,40 and t=257 only.",[],"[{""path"": ""cycles/cycle-2/stage6/C2-SYNTHESIS/CLAIMS.json"", ""sha256"": ""781fbbf9c14f59a2eaf4d30ed7717a51a8ca1d663fc722d25c19b27d34028a12""}, {""path"": ""cycles/cycle-2/stage6/C2-SYNTHESIS/PROOFS.md"", ""sha256"": ""3fd80e3e8079682bbc76c07012999b9e4c8a8064459f605eec79abcbdafc3ecc""}, {""path"": ""control/C2-TERMINAL-MAPPING-v1/OCCURRENCE-MAPPINGS.json"", ""sha256"": ""ca31f4f8fdceede529af5bd0ed91f83b793e32ff848ca52e9d34fab6bcfddf3d""}, {""path"": ""control/C2-TERMINAL-SEMANTIC-REVIEW-v1.json"", ""sha256"": ""be34293e15cb6a39d3e8606c0dd20dc6aef820d7547db86c93493783de61a2a4""}]",1
E993-C2-F2-TAIL10-FINITE-CONTROLS,VERIFIED,exact_finite_computation_adjudicated_no_formal_award,False,"For a ten-edge tail and odd m=2t+1, t=0 fails strict crossing, while every tested t=1,...,30 and t=257 meets every ordinary G1 guard and has negative target.","Finite exact ordinary edge-list computation for tail length 10, t=0,...,30 and t=257 only.",[],"[{""path"": ""cycles/cycle-2/stage6/C2-SYNTHESIS/CLAIMS.json"", ""sha256"": ""781fbbf9c14f59a2eaf4d30ed7717a51a8ca1d663fc722d25c19b27d34028a12""}, {""path"": ""cycles/cycle-2/stage6/C2-SYNTHESIS/PROOFS.md"", ""sha256"": ""3fd80e3e8079682bbc76c07012999b9e4c8a8064459f605eec79abcbdafc3ecc""}, {""path"": ""control/C2-TERMINAL-MAPPING-v1/OCCURRENCE-MAPPINGS.json"", ""sha256"": ""ca31f4f8fdceede529af5bd0ed91f83b793e32ff848ca52e9d34fab6bcfddf3d""}, {""path"": ""control/C2-TERMINAL-SEMANTIC-REVIEW-v1.json"", ""sha256"": ""be34293e15cb6a39d3e8606c0dd20dc6aef820d7547db86c93493783de61a2a4""}]",1
E993-GRAPH-COVER3-STRICT-PRE-R-INCREASE,REFUTED,exact_counterevidence_adjudicated_no_formal_award,False,"For every finite simple graph G on 2r+3 vertices with natural r>=3 and vertex-cover number at most three, Delta_k(G)>0 for every natural k<r.","Strict strengthening of the low-cover auxiliary pre-r bound only. The origin asserts weak nondecrease, so its theorem is not refuted.",[],"[{""path"": ""cycles/cycle-2/stage6/C2-SYNTHESIS/CLAIMS.json"", ""sha256"": ""781fbbf9c14f59a2eaf4d30ed7717a51a8ca1d663fc722d25c19b27d34028a12""}, {""path"": ""cycles/cycle-2/stage6/C2-SYNTHESIS/PROOFS.md"", ""sha256"": ""3fd80e3e8079682bbc76c07012999b9e4c8a8064459f605eec79abcbdafc3ecc""}, {""path"": ""control/C2-TERMINAL-MAPPING-v1/OCCURRENCE-MAPPINGS.json"", ""sha256"": ""ca31f4f8fdceede529af5bd0ed91f83b793e32ff848ca52e9d34fab6bcfddf3d""}, {""path"": ""control/C2-TERMINAL-SEMANTIC-REVIEW-v1.json"", ""sha256"": ""be34293e15cb6a39d3e8606c0dd20dc6aef820d7547db86c93493783de61a2a4""}]",1
E993-G1-COMMON-CONNECTOR-LIFT-SUFFICIENT,CONDITIONAL,proved_informal_implication_with_surviving_premises_no_formal_award,False,"For a recovering ordinary forest F at rank r, choose one root per component and put B=I(F), C=I(F-R). The common-connector tree has residual F and is a full G1 counterexample at p=r+2 whenever the explicit history L_k>=0 for 0<=k<=r, L_(r+1)<0, and explicit ambient expression G_r<0 given in REPORT.md hold.",Ordinary finite nonempty forests and the specified common-connector construction; sufficient root-profile inequalities retained verbatim; no assertion that a successful root set exists.,"[""F is a nonempty ordinary forest recovering at r: x(F)<r and Delta_r(F)>0."", ""Choose exactly one root from every component; R is that root set, B=I(F), C=I(F-R)."", ""For EVERY integer k with 0<=k<=r, L_k>=0; also L_(r+1)<0 and G_r<0."", ""L_k=Delta_k(B)+3*Delta_(k-1)(B)+Delta_(k-2)(B)+Delta_(k-1)(C)+2*Delta_(k-2)(C)."", ""G_r=Delta_(r+2)(B)+2*Delta_(r+1)(B)+Delta_(r+1)(C)+Delta_r(C)."", ""No theorem that a successful root set exists is admitted.""]","[{""path"": ""cycles/cycle-2/stage6/C2-SYNTHESIS/CLAIMS.json"", ""sha256"": ""781fbbf9c14f59a2eaf4d30ed7717a51a8ca1d663fc722d25c19b27d34028a12""}, {""path"": ""cycles/cycle-2/stage6/C2-SYNTHESIS/PROOFS.md"", ""sha256"": ""3fd80e3e8079682bbc76c07012999b9e4c8a8064459f605eec79abcbdafc3ecc""}, {""path"": ""control/C2-TERMINAL-MAPPING-v1/OCCURRENCE-MAPPINGS.json"", ""sha256"": ""ca31f4f8fdceede529af5bd0ed91f83b793e32ff848ca52e9d34fab6bcfddf3d""}, {""path"": ""control/C2-TERMINAL-SEMANTIC-REVIEW-v1.json"", ""sha256"": ""be34293e15cb6a39d3e8606c0dd20dc6aef820d7547db86c93493783de61a2a4""}]",2
E993-G1-MINIMAL-CANONICAL-LIFT-IMPLIES-FOREST,CONDITIONAL,proved_informal_implication_with_surviving_premises_no_formal_award,False,"If every minimum-order recovering ordinary forest has some recovery rank and one root per component satisfying the common-connector lift certificate, then unrestricted ordinary G1 implies FOREST.",Conditional logical implication over minimum-order recovering forests only; the minimal canonical-lift premise remains unproved; no RTree scope.,"[""E993-G1-MINIMAL-CANONICAL-RECOVERY-LIFT: EVERY minimum-order recovering ordinary forest admits SOME recovery rank and one root per component satisfying the full common-connector certificate. This premise remains OPEN."", ""Unrestricted ordinary G1 holds (the ordinary scope of E993-G1WIDE-NO-SIZE-CAP), if concluding FOREST."", ""No arbitrary prescribed-pair/canonical-lift equivalence or strict weakness is established; no RTree transport.""]","[{""path"": ""cycles/cycle-2/stage6/C2-SYNTHESIS/CLAIMS.json"", ""sha256"": ""781fbbf9c14f59a2eaf4d30ed7717a51a8ca1d663fc722d25c19b27d34028a12""}, {""path"": ""cycles/cycle-2/stage6/C2-SYNTHESIS/PROOFS.md"", ""sha256"": ""3fd80e3e8079682bbc76c07012999b9e4c8a8064459f605eec79abcbdafc3ecc""}, {""path"": ""control/C2-TERMINAL-MAPPING-v1/OCCURRENCE-MAPPINGS.json"", ""sha256"": ""ca31f4f8fdceede529af5bd0ed91f83b793e32ff848ca52e9d34fab6bcfddf3d""}, {""path"": ""control/C2-TERMINAL-SEMANTIC-REVIEW-v1.json"", ""sha256"": ""be34293e15cb6a39d3e8606c0dd20dc6aef820d7547db86c93493783de61a2a4""}]",1
E993-RECOVERING-FOREST-MINIMUM-COMPONENT-DICHOTOMY,CONDITIONAL,proved_informal_implication_with_surviving_premises_no_formal_award,False,"A minimum-order recovering ordinary forest is either a connected nonunimodal tree, or it has at least two components and every component is individually unimodal but nonTRS2.",Hypothetical minimum by vertex count among all recovering finite ordinary forests; conditional on existence; component TRS2 has its admitted positive-interval meaning.,"[""F is a hypothetical minimum by vertex count among all recovering ordinary forests."", ""A minimum is used only conditional on existence of a recovering forest; none is exhibited."", ""Component TRS2 uses the positive-interval-support meaning and the admitted LC-times-unimodal theorem, not false weak-nonpositive convolution persistence.""]","[{""path"": ""cycles/cycle-2/stage6/C2-SYNTHESIS/CLAIMS.json"", ""sha256"": ""781fbbf9c14f59a2eaf4d30ed7717a51a8ca1d663fc722d25c19b27d34028a12""}, {""path"": ""cycles/cycle-2/stage6/C2-SYNTHESIS/PROOFS.md"", ""sha256"": ""3fd80e3e8079682bbc76c07012999b9e4c8a8064459f605eec79abcbdafc3ecc""}, {""path"": ""control/C2-TERMINAL-MAPPING-v1/OCCURRENCE-MAPPINGS.json"", ""sha256"": ""ca31f4f8fdceede529af5bd0ed91f83b793e32ff848ca52e9d34fab6bcfddf3d""}, {""path"": ""control/C2-TERMINAL-SEMANTIC-REVIEW-v1.json"", ""sha256"": ""be34293e15cb6a39d3e8606c0dd20dc6aef820d7547db86c93493783de61a2a4""}]",1
E993-C2-U2-T649-ROOT-CONTROL,VERIFIED,exact_finite_computation_adjudicated_no_formal_award,False,"The explicit order-649 tree obtained from B_160 by the center connector path and two extra g-leaves satisfies every ordinary G1 guard with p=235 and negative target, but both full-tail ALIGN and one-rank ALIGN fail at the prescribed attachment center; vertex 1 satisfies full-tail ALIGN.",One exact ordinary tree and marked tuple; fresh larger corroboration of E993-G1-ATTACHMENT-ROOT-ALIGN only; no existential-ALIGN or G1 refutation.,[],"[{""path"": ""cycles/cycle-2/stage6/C2-SYNTHESIS/CLAIMS.json"", ""sha256"": ""781fbbf9c14f59a2eaf4d30ed7717a51a8ca1d663fc722d25c19b27d34028a12""}, {""path"": ""cycles/cycle-2/stage6/C2-SYNTHESIS/PROOFS.md"", ""sha256"": ""3fd80e3e8079682bbc76c07012999b9e4c8a8064459f605eec79abcbdafc3ecc""}, {""path"": ""control/C2-TERMINAL-MAPPING-v1/OCCURRENCE-MAPPINGS.json"", ""sha256"": ""ca31f4f8fdceede529af5bd0ed91f83b793e32ff848ca52e9d34fab6bcfddf3d""}, {""path"": ""control/C2-TERMINAL-SEMANTIC-REVIEW-v1.json"", ""sha256"": ""be34293e15cb6a39d3e8606c0dd20dc6aef820d7547db86c93493783de61a2a4""}]",1
E993-G1-MINIMAL-CANONICAL-RECOVERY-LIFT,OPEN,open_unresolved_no_formal_award,False,Every minimum-order recovering finite ordinary forest F admits some recovery rank r and one root in each component such that the common-connector tree has x(T)=r+1 and Gamma<0 at p=r+2.,"Unproved root-profile premise used by C2-U2. The wrapper is restricted to a single common connector and a three-edge handle, with no added bare leaves. Smaller domain and restricted codomain do not establish logical weakness relative to arbitrary prescribed-pair lifting.",[],"[{""path"": ""cycles/cycle-2/stage6/C2-SYNTHESIS/CLAIMS.json"", ""sha256"": ""781fbbf9c14f59a2eaf4d30ed7717a51a8ca1d663fc722d25c19b27d34028a12""}, {""path"": ""cycles/cycle-2/stage6/C2-SYNTHESIS/PROOFS.md"", ""sha256"": ""3fd80e3e8079682bbc76c07012999b9e4c8a8064459f605eec79abcbdafc3ecc""}, {""path"": ""control/C2-TERMINAL-MAPPING-v1/OCCURRENCE-MAPPINGS.json"", ""sha256"": ""ca31f4f8fdceede529af5bd0ed91f83b793e32ff848ca52e9d34fab6bcfddf3d""}, {""path"": ""control/C2-TERMINAL-SEMANTIC-REVIEW-v1.json"", ""sha256"": ""be34293e15cb6a39d3e8606c0dd20dc6aef820d7547db86c93493783de61a2a4""}]",2
E993-G1-K26-B8-MIXED-GE99-LC-BACKGROUND,VERIFIED,proved_informal_adjudicated_no_formal_award,False,"Let K=K(3,4,4) and Q=K(8,8,8). For every k>=99 and every finite ordinary forest L with LC independence sequence, I(kK disjoint-union Q disjoint-union L) is LC; therefore every exact ordinary G1 tuple with such a residual has nonpositive target difference.","Exactly one fixed order-52 Q=B_8 core, at least 99 fixed K26 cores, and an explicitly LC finite-forest background; ordinary graphs only. The k=98 product is nonLC. Pending root intake; no arbitrary-core or uniform threshold claim.",[],"[{""path"": ""cycles/cycle-2/stage6/C2-SYNTHESIS/CLAIMS.json"", ""sha256"": ""781fbbf9c14f59a2eaf4d30ed7717a51a8ca1d663fc722d25c19b27d34028a12""}, {""path"": ""cycles/cycle-2/stage6/C2-SYNTHESIS/PROOFS.md"", ""sha256"": ""3fd80e3e8079682bbc76c07012999b9e4c8a8064459f605eec79abcbdafc3ecc""}, {""path"": ""control/C2-TERMINAL-MAPPING-v1/OCCURRENCE-MAPPINGS.json"", ""sha256"": ""ca31f4f8fdceede529af5bd0ed91f83b793e32ff848ca52e9d34fab6bcfddf3d""}, {""path"": ""control/C2-TERMINAL-SEMANTIC-REVIEW-v1.json"", ""sha256"": ""be34293e15cb6a39d3e8606c0dd20dc6aef820d7547db86c93493783de61a2a4""}]",1
E993-C2-T3-THREE-FRESH-G1-CONTROLS,VERIFIED,exact_finite_computation_adjudicated_no_formal_award,False,"Three explicit newly generated ordinary trees satisfy every original G1 guard and have negative target difference: residual 20K26 (ambient 543, U order 520), residual 100K26 disjoint-union B_8 (ambient 2756, U order 2652), and residual 13B_19 (ambient 1550, U order 1534).","Exactly the three deterministic edge constructions and marked leaves generated by replay.py; finite computation only, pending root intake. The B_19 residual is nonLC; none is a target counterexample or an all-parameter embedding theorem.",[],"[{""path"": ""cycles/cycle-2/stage6/C2-SYNTHESIS/CLAIMS.json"", ""sha256"": ""781fbbf9c14f59a2eaf4d30ed7717a51a8ca1d663fc722d25c19b27d34028a12""}, {""path"": ""cycles/cycle-2/stage6/C2-SYNTHESIS/PROOFS.md"", ""sha256"": ""3fd80e3e8079682bbc76c07012999b9e4c8a8064459f605eec79abcbdafc3ecc""}, {""path"": ""control/C2-TERMINAL-MAPPING-v1/OCCURRENCE-MAPPINGS.json"", ""sha256"": ""ca31f4f8fdceede529af5bd0ed91f83b793e32ff848ca52e9d34fab6bcfddf3d""}, {""path"": ""control/C2-TERMINAL-SEMANTIC-REVIEW-v1.json"", ""sha256"": ""be34293e15cb6a39d3e8606c0dd20dc6aef820d7547db86c93493783de61a2a4""}]",1
E993-K26-B8-MIXED-GE98-LOGCONCAVE,REFUTED,exact_counterevidence_adjudicated_no_formal_award,False,"For every integer k>=98, I(kK(3,4,4) disjoint-union K(8,8,8)) is log-concave.","Specified two-core family, no background. Fails at k=98, with negative margin -78271 at rank1398. This is not the proposed k>=99 statement.",[],"[{""path"": ""cycles/cycle-2/stage6/C2-SYNTHESIS/CLAIMS.json"", ""sha256"": ""781fbbf9c14f59a2eaf4d30ed7717a51a8ca1d663fc722d25c19b27d34028a12""}, {""path"": ""cycles/cycle-2/stage6/C2-SYNTHESIS/PROOFS.md"", ""sha256"": ""3fd80e3e8079682bbc76c07012999b9e4c8a8064459f605eec79abcbdafc3ecc""}, {""path"": ""control/C2-TERMINAL-MAPPING-v1/OCCURRENCE-MAPPINGS.json"", ""sha256"": ""ca31f4f8fdceede529af5bd0ed91f83b793e32ff848ca52e9d34fab6bcfddf3d""}, {""path"": ""control/C2-TERMINAL-SEMANTIC-REVIEW-v1.json"", ""sha256"": ""be34293e15cb6a39d3e8606c0dd20dc6aef820d7547db86c93493783de61a2a4""}]",1
E993-LC-CONVOLUTION-WEAK-NONPOSITIVE-DIFFERENCE-PERSISTENCE,REFUTED,exact_counterevidence_adjudicated_no_formal_award,False,"For every finite nonnegative weakly unimodal sequence a, LC nonnegative interval-supported sequence b, and integers r<s, writing u_i=a_i-a_(i-1) with zero extension, (b*u)_r<=0 implies (b*u)_s<=0.","Overstrong auxiliary step in the source report, not the valid LC-times-unimodal theorem. Counterexample a=[1,1,2,1], b=[1], r=1,s=2 has values0 and1. Sequence a is not asserted to be a graph independence sequence.",[],"[{""path"": ""cycles/cycle-2/stage6/C2-SYNTHESIS/CLAIMS.json"", ""sha256"": ""781fbbf9c14f59a2eaf4d30ed7717a51a8ca1d663fc722d25c19b27d34028a12""}, {""path"": ""cycles/cycle-2/stage6/C2-SYNTHESIS/PROOFS.md"", ""sha256"": ""3fd80e3e8079682bbc76c07012999b9e4c8a8064459f605eec79abcbdafc3ecc""}, {""path"": ""control/C2-TERMINAL-MAPPING-v1/OCCURRENCE-MAPPINGS.json"", ""sha256"": ""ca31f4f8fdceede529af5bd0ed91f83b793e32ff848ca52e9d34fab6bcfddf3d""}, {""path"": ""control/C2-TERMINAL-SEMANTIC-REVIEW-v1.json"", ""sha256"": ""be34293e15cb6a39d3e8606c0dd20dc6aef820d7547db86c93493783de61a2a4""}]",1
E993-C2-F3-VARYING-POWER-FINITE-EMBEDDINGS-K1-24,VERIFIED,exact_finite_computation_adjudicated_no_formal_award,False,"For each integer 1<=k<=24, an exact ordinary G1 tuple exists whose residual is k disjoint copies of B_(k+6); every computed target difference is negative.","The 24 individually checked exponents k=1,...,24 with the explicit wrapper and recorded e values; pending root registration. Finite exact computation only, with e searched in 0..32 for k<=16 and e=0 checked for k=17..24; no universal extrapolation.",[],"[{""path"": ""cycles/cycle-2/stage6/C2-SYNTHESIS/CLAIMS.json"", ""sha256"": ""781fbbf9c14f59a2eaf4d30ed7717a51a8ca1d663fc722d25c19b27d34028a12""}, {""path"": ""cycles/cycle-2/stage6/C2-SYNTHESIS/PROOFS.md"", ""sha256"": ""3fd80e3e8079682bbc76c07012999b9e4c8a8064459f605eec79abcbdafc3ecc""}, {""path"": ""control/C2-TERMINAL-MAPPING-v1/OCCURRENCE-MAPPINGS.json"", ""sha256"": ""ca31f4f8fdceede529af5bd0ed91f83b793e32ff848ca52e9d34fab6bcfddf3d""}, {""path"": ""control/C2-TERMINAL-SEMANTIC-REVIEW-v1.json"", ""sha256"": ""be34293e15cb6a39d3e8606c0dd20dc6aef820d7547db86c93493783de61a2a4""}]",1
E993-FIXED-GRAPH-EVENTUAL-POWER-LOGCONCAVITY,VERIFIED,proved_informal_adjudicated_no_formal_award,False,For every fixed finite graph G there exists a base-dependent threshold N(G) such that every power I(G)^n with n>N(G) is log-concave.,"Fixed finite graph first, then sufficiently large exponent; pending root registration as a literature-derived quantifier clarification. Application of Odlyzko--Richmond Theorem 1 after positive normalization; empty graph handled separately; no uniform threshold over graphs.",[],"[{""path"": ""cycles/cycle-2/stage6/C2-SYNTHESIS/CLAIMS.json"", ""sha256"": ""781fbbf9c14f59a2eaf4d30ed7717a51a8ca1d663fc722d25c19b27d34028a12""}, {""path"": ""cycles/cycle-2/stage6/C2-SYNTHESIS/PROOFS.md"", ""sha256"": ""3fd80e3e8079682bbc76c07012999b9e4c8a8064459f605eec79abcbdafc3ecc""}, {""path"": ""control/C2-TERMINAL-MAPPING-v1/OCCURRENCE-MAPPINGS.json"", ""sha256"": ""ca31f4f8fdceede529af5bd0ed91f83b793e32ff848ca52e9d34fab6bcfddf3d""}, {""path"": ""control/C2-TERMINAL-SEMANTIC-REVIEW-v1.json"", ""sha256"": ""be34293e15cb6a39d3e8606c0dd20dc6aef820d7547db86c93493783de61a2a4""}]",1
E993-FOREST-MAXMATCHING-CLIQUE-CERTIFICATE-OPTIMALITY,VERIFIED,proved_informal_adjudicated_no_formal_award,False,"For fixed n and supported k, the consecutive coefficient ratio of Q_m=(1+2z)^m(1+z)^(n-2m) is nonincreasing in m. Hence on every forest, some spanning clique partition has a nonpositive step at k if and only if the maximum-matching comparator has a nonpositive step there.","Ordinary coefficient polynomials for 0<=m<=floor(n/2), with positive supported denominator coefficients; forest corollary uses that every forest clique has order at most two.",[],"[{""path"": ""cycles/cycle-2/stage6/C2-SYNTHESIS/CLAIMS.json"", ""sha256"": ""781fbbf9c14f59a2eaf4d30ed7717a51a8ca1d663fc722d25c19b27d34028a12""}, {""path"": ""cycles/cycle-2/stage6/C2-SYNTHESIS/PROOFS.md"", ""sha256"": ""3fd80e3e8079682bbc76c07012999b9e4c8a8064459f605eec79abcbdafc3ecc""}, {""path"": ""control/C2-TERMINAL-MAPPING-v1/OCCURRENCE-MAPPINGS.json"", ""sha256"": ""ca31f4f8fdceede529af5bd0ed91f83b793e32ff848ca52e9d34fab6bcfddf3d""}, {""path"": ""control/C2-TERMINAL-SEMANTIC-REVIEW-v1.json"", ""sha256"": ""be34293e15cb6a39d3e8606c0dd20dc6aef820d7547db86c93493783de61a2a4""}]",1
E993-C2-U3-STAR12-ROOT-PAIR,VERIFIED,exact_finite_computation_adjudicated_no_formal_award,False,"Two order-63 handle trees with common residual U=12K_(1,3) are both G1-eligible: center-root attachment is certified by its maximum-matching comparator at r=23, while leaf-root attachment misses every clique-partition certificate at r=19 although its target difference is negative.",The two explicit ordinary trees constructed in REPORT.md only; exact integer forest-DP computation.,[],"[{""path"": ""cycles/cycle-2/stage6/C2-SYNTHESIS/CLAIMS.json"", ""sha256"": ""781fbbf9c14f59a2eaf4d30ed7717a51a8ca1d663fc722d25c19b27d34028a12""}, {""path"": ""cycles/cycle-2/stage6/C2-SYNTHESIS/PROOFS.md"", ""sha256"": ""3fd80e3e8079682bbc76c07012999b9e4c8a8064459f605eec79abcbdafc3ecc""}, {""path"": ""control/C2-TERMINAL-MAPPING-v1/OCCURRENCE-MAPPINGS.json"", ""sha256"": ""ca31f4f8fdceede529af5bd0ed91f83b793e32ff848ca52e9d34fab6bcfddf3d""}, {""path"": ""control/C2-TERMINAL-SEMANTIC-REVIEW-v1.json"", ""sha256"": ""be34293e15cb6a39d3e8606c0dd20dc6aef820d7547db86c93493783de61a2a4""}]",2
E993-C2-CT-F2-LARGER-BROOM-CONTROLS,VERIFIED,exact_finite_computation_adjudicated_no_formal_award,False,"At t=1031, independently reconstructed odd m=2063 brooms with six- and ten-edge tails satisfy all original ordinary G1 guards and have negative targets; the even m=2062 six-edge broom and odd m=2063 fourteen-edge broom fail only strict crossing, with x(U)=r and negative targets.","Four literal finite ordinary trees only: (m,L)=(2063,6),(2062,6),(2063,10),(2063,14), with the original c-q-g-s-v marked attachment, exact original neighborhoods, and complete stored independent-set polynomials. No all-parameter extension is asserted.",[],"[{""path"": ""cycles/cycle-2/stage6/C2-SYNTHESIS/CLAIMS.json"", ""sha256"": ""781fbbf9c14f59a2eaf4d30ed7717a51a8ca1d663fc722d25c19b27d34028a12""}, {""path"": ""cycles/cycle-2/stage6/C2-SYNTHESIS/PROOFS.md"", ""sha256"": ""3fd80e3e8079682bbc76c07012999b9e4c8a8064459f605eec79abcbdafc3ecc""}, {""path"": ""control/C2-TERMINAL-MAPPING-v1/OCCURRENCE-MAPPINGS.json"", ""sha256"": ""ca31f4f8fdceede529af5bd0ed91f83b793e32ff848ca52e9d34fab6bcfddf3d""}, {""path"": ""control/C2-TERMINAL-SEMANTIC-REVIEW-v1.json"", ""sha256"": ""be34293e15cb6a39d3e8606c0dd20dc6aef820d7547db86c93493783de61a2a4""}]",1
E993-C2-CU-F2-FRESH-PARITY-TAIL-CONTROLS,VERIFIED,exact_finite_computation_adjudicated_no_formal_award,False,"For the explicit broom attachment c-q-g-s-v, the four literal parameter pairs (m,L)=(2043,6),(2042,6),(2043,10),(2043,8) all satisfy the ordinary leaf/degree-two structure, strict size and Gamma guards, and have negative target. Crossing holds for (2043,6) and (2043,10); it fails with xU=r for (2042,6) and (2043,8). The odd six-edge case has p=1026, r=1024, |U|=2050 and negative relative gap 2617856/1126483815<1/400.","Finite exact computation on these four explicitly enumerated ordinary trees only. The supporting bounded shape sweep has m=0..41,L=1..18, with 756 parameter pairs, 144 full-guard pairs and no positive target among those 144; no extrapolation or distinctness claim relative to older searches.",[],"[{""path"": ""cycles/cycle-2/stage6/C2-SYNTHESIS/CLAIMS.json"", ""sha256"": ""781fbbf9c14f59a2eaf4d30ed7717a51a8ca1d663fc722d25c19b27d34028a12""}, {""path"": ""cycles/cycle-2/stage6/C2-SYNTHESIS/PROOFS.md"", ""sha256"": ""3fd80e3e8079682bbc76c07012999b9e4c8a8064459f605eec79abcbdafc3ecc""}, {""path"": ""control/C2-TERMINAL-MAPPING-v1/OCCURRENCE-MAPPINGS.json"", ""sha256"": ""ca31f4f8fdceede529af5bd0ed91f83b793e32ff848ca52e9d34fab6bcfddf3d""}, {""path"": ""control/C2-TERMINAL-SEMANTIC-REVIEW-v1.json"", ""sha256"": ""be34293e15cb6a39d3e8606c0dd20dc6aef820d7547db86c93493783de61a2a4""}]",1
E993-C2-CF-T2-SIX-K96-SHARED-GATEWAY-CONTROL,VERIFIED,exact_finite_computation_adjudicated_no_formal_award,False,"The displayed T773 satisfies every exact ordinary G1 guard at p=285, q=283, x(U)=187, with negative target and negative LC margin at q=283; all 576 residual vertices meet SR2. The fixed 231-value extra-leaf grid has 200 eligible rows, 10 eligible local-corridor failures and no positive-target eligible row.","One explicit ordinary tree of order 773 with six disjoint K(14,15,17) residual components of total order 576, three pairwise load-two gateways and 191 additional empty gateways; plus the literal fixed-construction grid of 231 extra-leaf values 0 through 230. No universal or RTree result.",[],"[{""path"": ""cycles/cycle-2/stage6/C2-SYNTHESIS/CLAIMS.json"", ""sha256"": ""781fbbf9c14f59a2eaf4d30ed7717a51a8ca1d663fc722d25c19b27d34028a12""}, {""path"": ""cycles/cycle-2/stage6/C2-SYNTHESIS/PROOFS.md"", ""sha256"": ""3fd80e3e8079682bbc76c07012999b9e4c8a8064459f605eec79abcbdafc3ecc""}, {""path"": ""control/C2-TERMINAL-MAPPING-v1/OCCURRENCE-MAPPINGS.json"", ""sha256"": ""ca31f4f8fdceede529af5bd0ed91f83b793e32ff848ca52e9d34fab6bcfddf3d""}, {""path"": ""control/C2-TERMINAL-SEMANTIC-REVIEW-v1.json"", ""sha256"": ""be34293e15cb6a39d3e8606c0dd20dc6aef820d7547db86c93493783de61a2a4""}]",1
E993-C2-CF-T2-LOCAL-LC-SCOPE-ATTACKS,VERIFIED,exact_finite_computation_adjudicated_no_formal_award,False,"Dropping positive interval support permits [2,1,0,0,1,2], with x=0,q=4, all required local margins nonnegative and Delta_4=1. Omitting the endpoint margin permits [1,4,3,5,1], with x=1,q=2 and Delta_2=2 although the required margin_2=-11.","Two explicit finite scalar coefficient sequences only: [2,1,0,0,1,2] and [1,4,3,5,1]; neither is claimed to be an independence polynomial of a forest.",[],"[{""path"": ""cycles/cycle-2/stage6/C2-SYNTHESIS/CLAIMS.json"", ""sha256"": ""781fbbf9c14f59a2eaf4d30ed7717a51a8ca1d663fc722d25c19b27d34028a12""}, {""path"": ""cycles/cycle-2/stage6/C2-SYNTHESIS/PROOFS.md"", ""sha256"": ""3fd80e3e8079682bbc76c07012999b9e4c8a8064459f605eec79abcbdafc3ecc""}, {""path"": ""control/C2-TERMINAL-MAPPING-v1/OCCURRENCE-MAPPINGS.json"", ""sha256"": ""ca31f4f8fdceede529af5bd0ed91f83b793e32ff848ca52e9d34fab6bcfddf3d""}, {""path"": ""control/C2-TERMINAL-SEMANTIC-REVIEW-v1.json"", ""sha256"": ""be34293e15cb6a39d3e8606c0dd20dc6aef820d7547db86c93493783de61a2a4""}]",1
E993-C2-CF-T3-FIVE-FRESH-G1-CONTROLS,VERIFIED,exact_finite_computation_adjudicated_no_formal_award,False,"Five explicit newly built ordinary trees with residuals 121K26, 121K26 disjoint-union B8, 121K26 disjoint-union B9, 21B27, and two K(20,21,23) satisfy every original G1 guard and have strictly negative target differences.","Exactly the five deterministic edge constructions in independent_check.py, ambient orders3270,3323,3329,3510,269 respectively. Finite computations; no universal wrapper eligibility, forest unimodality or target counterexample.",[],"[{""path"": ""cycles/cycle-2/stage6/C2-SYNTHESIS/CLAIMS.json"", ""sha256"": ""781fbbf9c14f59a2eaf4d30ed7717a51a8ca1d663fc722d25c19b27d34028a12""}, {""path"": ""cycles/cycle-2/stage6/C2-SYNTHESIS/PROOFS.md"", ""sha256"": ""3fd80e3e8079682bbc76c07012999b9e4c8a8064459f605eec79abcbdafc3ecc""}, {""path"": ""control/C2-TERMINAL-MAPPING-v1/OCCURRENCE-MAPPINGS.json"", ""sha256"": ""ca31f4f8fdceede529af5bd0ed91f83b793e32ff848ca52e9d34fab6bcfddf3d""}, {""path"": ""control/C2-TERMINAL-SEMANTIC-REVIEW-v1.json"", ""sha256"": ""be34293e15cb6a39d3e8606c0dd20dc6aef820d7547db86c93493783de61a2a4""}]",1
E993-C2-CU-T3-THREE-FRESH-G1-CONTROLS,VERIFIED,exact_finite_computation_adjudicated_no_formal_award,False,"The residuals 103K26 disjoint-union B8 disjoint-union P8, 101K26 disjoint-union B9, and 17B23 occur in three explicit actual ordinary trees satisfying all exact G1 guards with negative target differences; the first residual is LC and the latter two are nonLC.","Exactly three independently constructed ordinary trees: fresh_K103_Q8_P8 (ambient 2846), fresh_K101_Q9 (ambient 2789), and fresh_varying17 (ambient 2434), with the explicit edges and marked leaves in the owned evidence. Finite computation only; no all-parameter guard eligibility, no unrestricted G1 proof, no governed-RTree statement; pending root intake.",[],"[{""path"": ""cycles/cycle-2/stage6/C2-SYNTHESIS/CLAIMS.json"", ""sha256"": ""781fbbf9c14f59a2eaf4d30ed7717a51a8ca1d663fc722d25c19b27d34028a12""}, {""path"": ""cycles/cycle-2/stage6/C2-SYNTHESIS/PROOFS.md"", ""sha256"": ""3fd80e3e8079682bbc76c07012999b9e4c8a8064459f605eec79abcbdafc3ecc""}, {""path"": ""control/C2-TERMINAL-MAPPING-v1/OCCURRENCE-MAPPINGS.json"", ""sha256"": ""ca31f4f8fdceede529af5bd0ed91f83b793e32ff848ca52e9d34fab6bcfddf3d""}, {""path"": ""control/C2-TERMINAL-SEMANTIC-REVIEW-v1.json"", ""sha256"": ""be34293e15cb6a39d3e8606c0dd20dc6aef820d7547db86c93493783de61a2a4""}]",1
E993-K26-B9-MIXED-GE99-LOGCONCAVE,REFUTED,exact_counterevidence_adjudicated_no_formal_award,False,"For every integer k>=99, the independence polynomial of k disjoint copies of K(3,4,4) together with one K(9,9,9) is log-concave.","Fixed B9 replacement, no background; ordinary finite forest, not the surviving specified B8 theorem. The witness order is the residual forest order, not ambient G1 tree order.",[],"[{""path"": ""cycles/cycle-2/stage6/C2-SYNTHESIS/CLAIMS.json"", ""sha256"": ""781fbbf9c14f59a2eaf4d30ed7717a51a8ca1d663fc722d25c19b27d34028a12""}, {""path"": ""cycles/cycle-2/stage6/C2-SYNTHESIS/PROOFS.md"", ""sha256"": ""3fd80e3e8079682bbc76c07012999b9e4c8a8064459f605eec79abcbdafc3ecc""}, {""path"": ""control/C2-TERMINAL-MAPPING-v1/OCCURRENCE-MAPPINGS.json"", ""sha256"": ""ca31f4f8fdceede529af5bd0ed91f83b793e32ff848ca52e9d34fab6bcfddf3d""}, {""path"": ""control/C2-TERMINAL-SEMANTIC-REVIEW-v1.json"", ""sha256"": ""be34293e15cb6a39d3e8606c0dd20dc6aef820d7547db86c93493783de61a2a4""}]",1
E993-C2-CU-T2-SIX-K96-LOCAL-LC-FALSIFIER,VERIFIED,exact_finite_computation_adjudicated_no_formal_award,False,"The explicit T782 has |U|=576, p=289, q=287, x(U)=187 and all G1 guards, but negative local-LC margins at ranks 283, 285, 287; its target is -3772254850371549525104841604140501380443879465448.","One explicitly constructed ordinary tree of order 782 with six K(14,15,17) residual components, 197 additional g-leaves and complete edges and exact U,H,A,T polynomials. No all-parameter or minimality claim.",[],"[{""path"": ""cycles/cycle-2/stage6/C2-SYNTHESIS/CLAIMS.json"", ""sha256"": ""781fbbf9c14f59a2eaf4d30ed7717a51a8ca1d663fc722d25c19b27d34028a12""}, {""path"": ""cycles/cycle-2/stage6/C2-SYNTHESIS/PROOFS.md"", ""sha256"": ""3fd80e3e8079682bbc76c07012999b9e4c8a8064459f605eec79abcbdafc3ecc""}, {""path"": ""control/C2-TERMINAL-MAPPING-v1/OCCURRENCE-MAPPINGS.json"", ""sha256"": ""ca31f4f8fdceede529af5bd0ed91f83b793e32ff848ca52e9d34fab6bcfddf3d""}, {""path"": ""control/C2-TERMINAL-SEMANTIC-REVIEW-v1.json"", ""sha256"": ""be34293e15cb6a39d3e8606c0dd20dc6aef820d7547db86c93493783de61a2a4""}]",1
E993-G1-EXISTENTIAL-SINGLE-RANK-DELETION,OPEN,open_unresolved_no_formal_award,False,"For every exact ordinary G1 tuple, setting r=p-2 and U to its original-neighborhood residual, there exists a vertex a of U such that Delta_r(U-a)<=0 and Delta_(r-1)(U-N_U[a])<=0.","Every finite ordinary G1 tree tuple with the full frozen guards. Only the two displayed ranks; neither prescribed-root nor all-vertex quantification, and no full-tail premise.",[],"[{""path"": ""cycles/cycle-2/stage6/C2-SYNTHESIS/CLAIMS.json"", ""sha256"": ""781fbbf9c14f59a2eaf4d30ed7717a51a8ca1d663fc722d25c19b27d34028a12""}, {""path"": ""cycles/cycle-2/stage6/C2-SYNTHESIS/PROOFS.md"", ""sha256"": ""3fd80e3e8079682bbc76c07012999b9e4c8a8064459f605eec79abcbdafc3ecc""}, {""path"": ""control/C2-TERMINAL-MAPPING-v1/OCCURRENCE-MAPPINGS.json"", ""sha256"": ""ca31f4f8fdceede529af5bd0ed91f83b793e32ff848ca52e9d34fab6bcfddf3d""}, {""path"": ""control/C2-TERMINAL-SEMANTIC-REVIEW-v1.json"", ""sha256"": ""be34293e15cb6a39d3e8606c0dd20dc6aef820d7547db86c93493783de61a2a4""}]",4
E993-C2-CT-F1-BETA256-ALIGN-CONTROL,VERIFIED,exact_finite_computation_adjudicated_no_formal_award,False,"The explicit order-1031 wrapper of B256 is fully G1-eligible with p=373, r=371, xU=370 and negative normalized target about -0.00634031944; its attachment center has b=385>r, while vertex 1 has b=371 and vertex 3 has b=370.","One explicit B256 residual of order 1027 attached at its center through a connector to g, with v-s-g and no bare g-leaves; finite wrapper trials h=0..12 are supplemental evidence.",[],"[{""path"": ""cycles/cycle-2/stage6/C2-SYNTHESIS/CLAIMS.json"", ""sha256"": ""781fbbf9c14f59a2eaf4d30ed7717a51a8ca1d663fc722d25c19b27d34028a12""}, {""path"": ""cycles/cycle-2/stage6/C2-SYNTHESIS/PROOFS.md"", ""sha256"": ""3fd80e3e8079682bbc76c07012999b9e4c8a8064459f605eec79abcbdafc3ecc""}, {""path"": ""control/C2-TERMINAL-MAPPING-v1/OCCURRENCE-MAPPINGS.json"", ""sha256"": ""ca31f4f8fdceede529af5bd0ed91f83b793e32ff848ca52e9d34fab6bcfddf3d""}, {""path"": ""control/C2-TERMINAL-SEMANTIC-REVIEW-v1.json"", ""sha256"": ""be34293e15cb6a39d3e8606c0dd20dc6aef820d7547db86c93493783de61a2a4""}]",1
E993-C2-CT-F1-T1588-TARGET-LC-CONTROL,VERIFIED,exact_finite_computation_adjudicated_no_formal_award,False,"The explicit order-1588 tree with a connected seven-core residual of order 1186 and 398 bare g-leaves satisfies all G1 guards at p=589, r=587, xU=388, with negative target and negative target-coordinate LC margin.","One center-chain with alternating cores K(24,25,26), K(30,31,32), K(24,25,26), K(30,31,32), K(24,25,26), K(30,31,32), K(24,25,26), attached at the left center through a connector to g with v-s-g and h=398.",[],"[{""path"": ""cycles/cycle-2/stage6/C2-SYNTHESIS/CLAIMS.json"", ""sha256"": ""781fbbf9c14f59a2eaf4d30ed7717a51a8ca1d663fc722d25c19b27d34028a12""}, {""path"": ""cycles/cycle-2/stage6/C2-SYNTHESIS/PROOFS.md"", ""sha256"": ""3fd80e3e8079682bbc76c07012999b9e4c8a8064459f605eec79abcbdafc3ecc""}, {""path"": ""control/C2-TERMINAL-MAPPING-v1/OCCURRENCE-MAPPINGS.json"", ""sha256"": ""ca31f4f8fdceede529af5bd0ed91f83b793e32ff848ca52e9d34fab6bcfddf3d""}, {""path"": ""control/C2-TERMINAL-SEMANTIC-REVIEW-v1.json"", ""sha256"": ""be34293e15cb6a39d3e8606c0dd20dc6aef820d7547db86c93493783de61a2a4""}]",1
E993-C2-CU-F1-BETA300-CONTROL,VERIFIED,exact_finite_computation_adjudicated_no_formal_award,False,"The explicit T1208 beta-family wrapper has full ordinary G1 guards, p=437, r=435, xU=434, negative target, attachment-center b=451>435, and marked-arm-middle b=434<=435.","One beta-family residual B300 of order1203; attach a new four-vertex path at its center and one bare g-leaf. This is a single explicit ordinary tree, not an all-m statement.",[],"[{""path"": ""cycles/cycle-2/stage6/C2-SYNTHESIS/CLAIMS.json"", ""sha256"": ""781fbbf9c14f59a2eaf4d30ed7717a51a8ca1d663fc722d25c19b27d34028a12""}, {""path"": ""cycles/cycle-2/stage6/C2-SYNTHESIS/PROOFS.md"", ""sha256"": ""3fd80e3e8079682bbc76c07012999b9e4c8a8064459f605eec79abcbdafc3ecc""}, {""path"": ""control/C2-TERMINAL-MAPPING-v1/OCCURRENCE-MAPPINGS.json"", ""sha256"": ""ca31f4f8fdceede529af5bd0ed91f83b793e32ff848ca52e9d34fab6bcfddf3d""}, {""path"": ""control/C2-TERMINAL-SEMANTIC-REVIEW-v1.json"", ""sha256"": ""be34293e15cb6a39d3e8606c0dd20dc6aef820d7547db86c93493783de61a2a4""}]",1
E993-C2-CU-F1-LARGER-CHAIN-HORIZON,VERIFIED,exact_finite_computation_adjudicated_no_formal_award,False,"A fresh connected order1026 seven-K-block residual has x=tau=335 and no recovery; its 2163 specified wrappers contain 1062 full-guard records, all with negative targets and nonnegative target LC margins.","The exact seven arm triples (18,20,24),(20,22,26),(25,27,29),(18,21,23),(30,31,35),(20,22,26),(18,20,24), connected in center-chain order; roots0,434,898; h=0..720 only.",[],"[{""path"": ""cycles/cycle-2/stage6/C2-SYNTHESIS/CLAIMS.json"", ""sha256"": ""781fbbf9c14f59a2eaf4d30ed7717a51a8ca1d663fc722d25c19b27d34028a12""}, {""path"": ""cycles/cycle-2/stage6/C2-SYNTHESIS/PROOFS.md"", ""sha256"": ""3fd80e3e8079682bbc76c07012999b9e4c8a8064459f605eec79abcbdafc3ecc""}, {""path"": ""control/C2-TERMINAL-MAPPING-v1/OCCURRENCE-MAPPINGS.json"", ""sha256"": ""ca31f4f8fdceede529af5bd0ed91f83b793e32ff848ca52e9d34fab6bcfddf3d""}, {""path"": ""control/C2-TERMINAL-SEMANTIC-REVIEW-v1.json"", ""sha256"": ""be34293e15cb6a39d3e8606c0dd20dc6aef820d7547db86c93493783de61a2a4""}]",1
E993-FOREST-TWO-EDGE-NEXT-BAND-FAMILY,VERIFIED,proved_informal_adjudicated_no_formal_award,False,"For every integer r>=1, the ordinary forest F_r=2K2 disjoint union (2r-1)K1 has order2r+3, matching and vertex-cover numbers2, Delta_r(F_r)=6*C(2r-1,r)/(r+1)>0 and first strict descent x(F_r)=r+1.","All integers r>=1 for this explicit actual-forest family, i0=1 and integer zero extension. It refutes only the bare matching-two d=3 sign; every family member fails x(F_r)<r and is not a G1 counterexample.",[],"[{""path"": ""cycles/cycle-2/stage6/C2-SYNTHESIS/CLAIMS.json"", ""sha256"": ""781fbbf9c14f59a2eaf4d30ed7717a51a8ca1d663fc722d25c19b27d34028a12""}, {""path"": ""cycles/cycle-2/stage6/C2-SYNTHESIS/PROOFS.md"", ""sha256"": ""3fd80e3e8079682bbc76c07012999b9e4c8a8064459f605eec79abcbdafc3ecc""}, {""path"": ""control/C2-TERMINAL-MAPPING-v1/OCCURRENCE-MAPPINGS.json"", ""sha256"": ""ca31f4f8fdceede529af5bd0ed91f83b793e32ff848ca52e9d34fab6bcfddf3d""}, {""path"": ""control/C2-TERMINAL-SEMANTIC-REVIEW-v1.json"", ""sha256"": ""be34293e15cb6a39d3e8606c0dd20dc6aef820d7547db86c93493783de61a2a4""}]",1
E993-C2-CT-U1-LARGER-FINITE-TREE-BG-GAPS,VERIFIED,exact_finite_computation_adjudicated_no_formal_award,False,"Explicit ordinary grouped-gateway trees with residual m K1,2 disjoint union K1,3 for m=100,101,150 have ambient orders309,312,459, respectively. All exact G1 guards hold, Gamma and target differences are negative, and the BG cover inequality fails in each case.","Exactly three recorded finite ordinary trees with original neighborhoods, p=x(T)+1 and all four complete integer polynomials. No all-m theorem, unbounded deficit conclusion, positive-target event or RTree transport.",[],"[{""path"": ""cycles/cycle-2/stage6/C2-SYNTHESIS/CLAIMS.json"", ""sha256"": ""781fbbf9c14f59a2eaf4d30ed7717a51a8ca1d663fc722d25c19b27d34028a12""}, {""path"": ""cycles/cycle-2/stage6/C2-SYNTHESIS/PROOFS.md"", ""sha256"": ""3fd80e3e8079682bbc76c07012999b9e4c8a8064459f605eec79abcbdafc3ecc""}, {""path"": ""control/C2-TERMINAL-MAPPING-v1/OCCURRENCE-MAPPINGS.json"", ""sha256"": ""ca31f4f8fdceede529af5bd0ed91f83b793e32ff848ca52e9d34fab6bcfddf3d""}, {""path"": ""control/C2-TERMINAL-SEMANTIC-REVIEW-v1.json"", ""sha256"": ""be34293e15cb6a39d3e8606c0dd20dc6aef820d7547db86c93493783de61a2a4""}]",1
E993-C2-CT-U1-LARGER-FINITE-CYCLIC-FENCES,VERIFIED,exact_finite_computation_adjudicated_no_formal_award,False,"Four explicit connected cyclic simple graphs with residual U22 disjoint union K_k, k=4,5,7,9, and two-gateway handles have orders31,32,34,36, p=5, x(U)=2, Gamma=-180,-215,-285,-355 and target differences15,20,30,40, respectively.","Exactly four explicit cyclic graphs with the local leaf/degree-two handle and every numerical G1 guard. All fail the tree/acyclicity guard and lie outside residual order2r+2. They do not refute ordinary-tree G1, the boundary theorem or C1 forest low-rank scope.",[],"[{""path"": ""cycles/cycle-2/stage6/C2-SYNTHESIS/CLAIMS.json"", ""sha256"": ""781fbbf9c14f59a2eaf4d30ed7717a51a8ca1d663fc722d25c19b27d34028a12""}, {""path"": ""cycles/cycle-2/stage6/C2-SYNTHESIS/PROOFS.md"", ""sha256"": ""3fd80e3e8079682bbc76c07012999b9e4c8a8064459f605eec79abcbdafc3ecc""}, {""path"": ""control/C2-TERMINAL-MAPPING-v1/OCCURRENCE-MAPPINGS.json"", ""sha256"": ""ca31f4f8fdceede529af5bd0ed91f83b793e32ff848ca52e9d34fab6bcfddf3d""}, {""path"": ""control/C2-TERMINAL-SEMANTIC-REVIEW-v1.json"", ""sha256"": ""be34293e15cb6a39d3e8606c0dd20dc6aef820d7547db86c93493783de61a2a4""}]",1
E993-C2-CF-U1-BOUNDED-FOCUSED-ATTACK,VERIFIED,exact_finite_computation_adjudicated_no_formal_award,False,"No boundary-classification violation occurs in 98304 labelled core-six-plus-isolates evaluations at n=6,20,42 or 54 arbitrary-edge graphs at n=20,24,32. Fresh actual trees T249 and T219 satisfy every ordinary G1 guard, fail the BG cover threshold and have negative target. Fresh cyclic T36 satisfies all displayed graph guards with p=5, xU=2, Gamma=-355 and target +40. An n42 supergraph pair has Delta20 increasing from -4796857230 to 0, defeating an edge-monotonicity shortcut.","Only the explicit deterministic finite constructions and enumerations in INDEPENDENT-CHECKS.json and FOCUSED-BOUNDARY-CHECKS.json, with full edges and integer polynomials for named graph witnesses. Core-six evaluations are labelled constructions, not distinct isomorphism classes or all graphs at n20/n42. T36 is cyclic. T249/T219 are negative-target certificate-noncoverage witnesses. No universal family statement, novelty claim, Lean award or RTree transport.",[],"[{""path"": ""cycles/cycle-2/stage6/C2-SYNTHESIS/CLAIMS.json"", ""sha256"": ""781fbbf9c14f59a2eaf4d30ed7717a51a8ca1d663fc722d25c19b27d34028a12""}, {""path"": ""cycles/cycle-2/stage6/C2-SYNTHESIS/PROOFS.md"", ""sha256"": ""3fd80e3e8079682bbc76c07012999b9e4c8a8064459f605eec79abcbdafc3ecc""}, {""path"": ""control/C2-TERMINAL-MAPPING-v1/OCCURRENCE-MAPPINGS.json"", ""sha256"": ""ca31f4f8fdceede529af5bd0ed91f83b793e32ff848ca52e9d34fab6bcfddf3d""}, {""path"": ""control/C2-TERMINAL-SEMANTIC-REVIEW-v1.json"", ""sha256"": ""be34293e15cb6a39d3e8606c0dd20dc6aef820d7547db86c93493783de61a2a4""}]",1
E993-GRAPH-EDGE-ADDITION-DELTA-NONINCREASE,REFUTED,exact_counterevidence_adjudicated_no_formal_award,False,"For finite simple graphs G and H on the same vertex set with E(G) contained in E(H), every nonnegative integer rank r satisfies Delta_r(H)<=Delta_r(G).",Universal graph edge-addition monotonicity shortcut. The order42 witness also lies on n=2r+2. No early-descent premise and no ordinary-G1 implication asserted.,[],"[{""path"": ""cycles/cycle-2/stage6/C2-SYNTHESIS/CLAIMS.json"", ""sha256"": ""781fbbf9c14f59a2eaf4d30ed7717a51a8ca1d663fc722d25c19b27d34028a12""}, {""path"": ""cycles/cycle-2/stage6/C2-SYNTHESIS/PROOFS.md"", ""sha256"": ""3fd80e3e8079682bbc76c07012999b9e4c8a8064459f605eec79abcbdafc3ecc""}, {""path"": ""control/C2-TERMINAL-MAPPING-v1/OCCURRENCE-MAPPINGS.json"", ""sha256"": ""ca31f4f8fdceede529af5bd0ed91f83b793e32ff848ca52e9d34fab6bcfddf3d""}, {""path"": ""control/C2-TERMINAL-SEMANTIC-REVIEW-v1.json"", ""sha256"": ""be34293e15cb6a39d3e8606c0dd20dc6aef820d7547db86c93493783de61a2a4""}]",2
E993-C2-F3-K25-G1-EMBEDDING,VERIFIED,exact_finite_computation_adjudicated_no_formal_award,False,"The explicitly edge-built k=25, a=31, e=0 ordinary-tree wrapper satisfies every exact G1 guard, has a non-LC residual, and has negative target difference.",One specified ordinary tree of order 4778 with residual 25 disjoint B31 copies of total order 4750; pending root registration.,[],"[{""path"": ""cycles/cycle-2/stage6/C2-SYNTHESIS/CLAIMS.json"", ""sha256"": ""781fbbf9c14f59a2eaf4d30ed7717a51a8ca1d663fc722d25c19b27d34028a12""}, {""path"": ""cycles/cycle-2/stage6/C2-SYNTHESIS/PROOFS.md"", ""sha256"": ""3fd80e3e8079682bbc76c07012999b9e4c8a8064459f605eec79abcbdafc3ecc""}, {""path"": ""control/C2-TERMINAL-MAPPING-v1/OCCURRENCE-MAPPINGS.json"", ""sha256"": ""ca31f4f8fdceede529af5bd0ed91f83b793e32ff848ca52e9d34fab6bcfddf3d""}, {""path"": ""control/C2-TERMINAL-SEMANTIC-REVIEW-v1.json"", ""sha256"": ""be34293e15cb6a39d3e8606c0dd20dc6aef820d7547db86c93493783de61a2a4""}]",1
E993-C2-F3-K25-G1-LC-RANK-SEPARATION,VERIFIED,exact_finite_computation_adjudicated_no_formal_award,False,"The explicit k25,a31,e0 ordinary wrapper is a full-G1 tree with negative target at rank1566 and positive LC margin at that target rank, despite negative penultimate LC margin at rank2399.",One exact actual ordinary tree of order4778 with residual25 copies of B31 of total order4750; pending root registration.,[],"[{""path"": ""cycles/cycle-2/stage6/C2-SYNTHESIS/CLAIMS.json"", ""sha256"": ""781fbbf9c14f59a2eaf4d30ed7717a51a8ca1d663fc722d25c19b27d34028a12""}, {""path"": ""cycles/cycle-2/stage6/C2-SYNTHESIS/PROOFS.md"", ""sha256"": ""3fd80e3e8079682bbc76c07012999b9e4c8a8064459f605eec79abcbdafc3ecc""}, {""path"": ""control/C2-TERMINAL-MAPPING-v1/OCCURRENCE-MAPPINGS.json"", ""sha256"": ""ca31f4f8fdceede529af5bd0ed91f83b793e32ff848ca52e9d34fab6bcfddf3d""}, {""path"": ""control/C2-TERMINAL-SEMANTIC-REVIEW-v1.json"", ""sha256"": ""be34293e15cb6a39d3e8606c0dd20dc6aef820d7547db86c93493783de61a2a4""}]",1
E993-C2-F3-PADDING-FIVE-CASE-ELIGIBILITY,VERIFIED,exact_finite_computation_adjudicated_no_formal_award,False,"For the B7 wrapper, e=3 satisfies G1 guards but e=64 fails the wide-size guard, while e=0 fails the crossing guard. For the k=7 B13 wrapper, e=0 fails crossing and e=1 succeeds.","Five explicitly stored ordinary-tree wrappers at (k,e)=(1,0),(1,3),(1,64),(7,0),(7,1); pending root registration.",[],"[{""path"": ""cycles/cycle-2/stage6/C2-SYNTHESIS/CLAIMS.json"", ""sha256"": ""781fbbf9c14f59a2eaf4d30ed7717a51a8ca1d663fc722d25c19b27d34028a12""}, {""path"": ""cycles/cycle-2/stage6/C2-SYNTHESIS/PROOFS.md"", ""sha256"": ""3fd80e3e8079682bbc76c07012999b9e4c8a8064459f605eec79abcbdafc3ecc""}, {""path"": ""control/C2-TERMINAL-MAPPING-v1/OCCURRENCE-MAPPINGS.json"", ""sha256"": ""ca31f4f8fdceede529af5bd0ed91f83b793e32ff848ca52e9d34fab6bcfddf3d""}, {""path"": ""control/C2-TERMINAL-SEMANTIC-REVIEW-v1.json"", ""sha256"": ""be34293e15cb6a39d3e8606c0dd20dc6aef820d7547db86c93493783de61a2a4""}]",2
E993-C2-F3-ZERO-PADDING-THREE-CASE-NONELIGIBILITY,VERIFIED,exact_finite_computation_adjudicated_no_formal_award,False,"For the specified varying-base wrappers at (k,a,e)=(1,7,0),(2,8,0),(3,9,0), the size and ambient guards hold but xU=p-2, so numerical G1 eligibility fails.",Three explicit ordinary-tree instances within a twelve-case boundary attack; pending root registration.,[],"[{""path"": ""cycles/cycle-2/stage6/C2-SYNTHESIS/CLAIMS.json"", ""sha256"": ""781fbbf9c14f59a2eaf4d30ed7717a51a8ca1d663fc722d25c19b27d34028a12""}, {""path"": ""cycles/cycle-2/stage6/C2-SYNTHESIS/PROOFS.md"", ""sha256"": ""3fd80e3e8079682bbc76c07012999b9e4c8a8064459f605eec79abcbdafc3ecc""}, {""path"": ""control/C2-TERMINAL-MAPPING-v1/OCCURRENCE-MAPPINGS.json"", ""sha256"": ""ca31f4f8fdceede529af5bd0ed91f83b793e32ff848ca52e9d34fab6bcfddf3d""}, {""path"": ""control/C2-TERMINAL-SEMANTIC-REVIEW-v1.json"", ""sha256"": ""be34293e15cb6a39d3e8606c0dd20dc6aef820d7547db86c93493783de61a2a4""}]",1
E993-C2-CT-U2-T715-DISCONNECTED-ROOT-CONTROL,VERIFIED,exact_finite_computation_adjudicated_no_formal_award,False,"The explicit order-715 common-connector tree with residual B_170 disjoint K26, roots 0 and 683, and two added g-leaves meets every ordinary G1 guard with p=257,q=255,xU=254,|U|=709,Gamma<0 and target<0. Residual center 0 has b=264 and a positive shifted closed-deletion difference, so both prescribed-center ALIGN certificates fail; vertex 1 has b=254 and satisfies full-tail ALIGN.","One explicitly constructed ordinary simple tree and its marked tuple. Fixed-root obstruction corroboration with a disconnected residual; no existential-ALIGN, recovery-lift or G1 counterexample, no all-parameter theorem, no RTree scope.",[],"[{""path"": ""cycles/cycle-2/stage6/C2-SYNTHESIS/CLAIMS.json"", ""sha256"": ""781fbbf9c14f59a2eaf4d30ed7717a51a8ca1d663fc722d25c19b27d34028a12""}, {""path"": ""cycles/cycle-2/stage6/C2-SYNTHESIS/PROOFS.md"", ""sha256"": ""3fd80e3e8079682bbc76c07012999b9e4c8a8064459f605eec79abcbdafc3ecc""}, {""path"": ""control/C2-TERMINAL-MAPPING-v1/OCCURRENCE-MAPPINGS.json"", ""sha256"": ""ca31f4f8fdceede529af5bd0ed91f83b793e32ff848ca52e9d34fab6bcfddf3d""}, {""path"": ""control/C2-TERMINAL-SEMANTIC-REVIEW-v1.json"", ""sha256"": ""be34293e15cb6a39d3e8606c0dd20dc6aef820d7547db86c93493783de61a2a4""}]",1
E993-C2-CT-U2-SMALL-GRAPH-CONNECTOR-CHECKS,VERIFIED,exact_finite_computation_adjudicated_no_formal_award,False,Exact subset enumeration and independent deletion-contraction agree on every labeled simple graph of orders 0..5 (1100 graphs). All 48325 integer vertex-deletion checks pass. All 1441 one-root-per-component choices on nonempty forests through order 5 satisfy the exact original-residual common-connector H/A/T formulas and 17122 L-history plus 17122 G-ambient coefficient identities.,"Finite exhaustive labeled graph scope n=0..5 for deletion identities, q=-2..n+1; all nonempty forests n=1..5 and root-per-component choices for common connectors, k=-2..n+4. Includes the empty graph only in the general graph checks.",[],"[{""path"": ""cycles/cycle-2/stage6/C2-SYNTHESIS/CLAIMS.json"", ""sha256"": ""781fbbf9c14f59a2eaf4d30ed7717a51a8ca1d663fc722d25c19b27d34028a12""}, {""path"": ""cycles/cycle-2/stage6/C2-SYNTHESIS/PROOFS.md"", ""sha256"": ""3fd80e3e8079682bbc76c07012999b9e4c8a8064459f605eec79abcbdafc3ecc""}, {""path"": ""control/C2-TERMINAL-MAPPING-v1/OCCURRENCE-MAPPINGS.json"", ""sha256"": ""ca31f4f8fdceede529af5bd0ed91f83b793e32ff848ca52e9d34fab6bcfddf3d""}, {""path"": ""control/C2-TERMINAL-SEMANTIC-REVIEW-v1.json"", ""sha256"": ""be34293e15cb6a39d3e8606c0dd20dc6aef820d7547db86c93493783de61a2a4""}]",1
E993-C2-CF-U2-T807-ROOT-OBSTRUCTION,VERIFIED,exact_finite_computation_adjudicated_no_formal_award,False,"The explicitly constructed beta B200 common-connector tree T807, with no extra g leaves, is an ordinary full-guard G1 tuple at p=292, q=290, xU=289 and residual order 803. Its target is negative, its attachment center fails both rank and full-tail ALIGN with b(0)=301, and vertex 1 passes full-tail ALIGN with b(1)=290.","One explicit ordinary tree on vertices 0..806 with original neighborhoods; finite computation; no all-m theorem, no G1 or existential-ALIGN counterexample and no RTree scope.",[],"[{""path"": ""cycles/cycle-2/stage6/C2-SYNTHESIS/CLAIMS.json"", ""sha256"": ""781fbbf9c14f59a2eaf4d30ed7717a51a8ca1d663fc722d25c19b27d34028a12""}, {""path"": ""cycles/cycle-2/stage6/C2-SYNTHESIS/PROOFS.md"", ""sha256"": ""3fd80e3e8079682bbc76c07012999b9e4c8a8064459f605eec79abcbdafc3ecc""}, {""path"": ""control/C2-TERMINAL-MAPPING-v1/OCCURRENCE-MAPPINGS.json"", ""sha256"": ""ca31f4f8fdceede529af5bd0ed91f83b793e32ff848ca52e9d34fab6bcfddf3d""}, {""path"": ""control/C2-TERMINAL-SEMANTIC-REVIEW-v1.json"", ""sha256"": ""be34293e15cb6a39d3e8606c0dd20dc6aef820d7547db86c93493783de61a2a4""}]",1
E993-C2-CF-U2-FOCUSED-IDENTITY-CONTROLS,VERIFIED,exact_finite_computation_adjudicated_no_formal_award,False,"All 1100 labeled simple graphs of orders 0 through 5 pass 59135 all-integer deletion-rank checks and 12005 positive-difference/incidence checks; all 1441 choices of one root per component over nonempty forests in that census pass 21445 common-connector difference/formula checks. Independent reconstruction reproduces all five origin controls. Eight wrappers of K(3,4,4) disjoint union K(4,4,4) demonstrate finite root/extra-leaf sensitivity: seven eligible and one failing strict crossing.","Exact finite computation on the listed labeled graph census, root choices, five origin controls and eight explicitly parameterized wrappers. Negative ranks -3 through stated finite zero tails included. No universal lifting, ALIGN or forest-unimodality proof.",[],"[{""path"": ""cycles/cycle-2/stage6/C2-SYNTHESIS/CLAIMS.json"", ""sha256"": ""781fbbf9c14f59a2eaf4d30ed7717a51a8ca1d663fc722d25c19b27d34028a12""}, {""path"": ""cycles/cycle-2/stage6/C2-SYNTHESIS/PROOFS.md"", ""sha256"": ""3fd80e3e8079682bbc76c07012999b9e4c8a8064459f605eec79abcbdafc3ecc""}, {""path"": ""control/C2-TERMINAL-MAPPING-v1/OCCURRENCE-MAPPINGS.json"", ""sha256"": ""ca31f4f8fdceede529af5bd0ed91f83b793e32ff848ca52e9d34fab6bcfddf3d""}, {""path"": ""control/C2-TERMINAL-SEMANTIC-REVIEW-v1.json"", ""sha256"": ""be34293e15cb6a39d3e8606c0dd20dc6aef820d7547db86c93493783de61a2a4""}]",1
E993-C2-CT-U3-STAR24-STAR40-ROOT-PAIRS,VERIFIED,exact_finite_computation_adjudicated_no_formal_award,False,"For each m in the finite set {24,40}, the two explicitly constructed center-root and leaf-root handle trees of order 3+5m have residual mK_(1,3), satisfy every ordinary G1 guard, and have negative target differences. The center-root tuple is certified by its nonpositive maximum-matching comparator step, while the leaf-root tuple has a positive step and misses every clique-partition certificate.","Exactly four ordinary trees: m=24 gives ambient/residual orders 123/96; m=40 gives orders 203/160. Graph labels, original neighborhoods, every polynomial, rank and guard are specified in CRITIQUE.md and independent-evidence.json. No all-m claim.",[],"[{""path"": ""cycles/cycle-2/stage6/C2-SYNTHESIS/CLAIMS.json"", ""sha256"": ""781fbbf9c14f59a2eaf4d30ed7717a51a8ca1d663fc722d25c19b27d34028a12""}, {""path"": ""cycles/cycle-2/stage6/C2-SYNTHESIS/PROOFS.md"", ""sha256"": ""3fd80e3e8079682bbc76c07012999b9e4c8a8064459f605eec79abcbdafc3ecc""}, {""path"": ""control/C2-TERMINAL-MAPPING-v1/OCCURRENCE-MAPPINGS.json"", ""sha256"": ""ca31f4f8fdceede529af5bd0ed91f83b793e32ff848ca52e9d34fab6bcfddf3d""}, {""path"": ""control/C2-TERMINAL-SEMANTIC-REVIEW-v1.json"", ""sha256"": ""be34293e15cb6a39d3e8606c0dd20dc6aef820d7547db86c93493783de61a2a4""}]",2
E993-C2-CT-U3-ORDER102-LC-RELAXATION-WITNESS,VERIFIED,exact_finite_computation_adjudicated_no_formal_award,False,"Let H=P51 disjoint_union P51 and let G join their central vertices. On the common set of 102 vertices, H is a spanning LC forest inside the tree G, but H_(k+1)G_k-H_kG_(k+1) equals -17944991686440, -87437273742 and -20049822 at k=48,49,50 respectively.","The explicitly listed order-102 graph pair only, with exact independence polynomials and all H log-concavity margins. Mechanism refutation of LC-spanning-forest normalized comparison, not a G1 claim.",[],"[{""path"": ""cycles/cycle-2/stage6/C2-SYNTHESIS/CLAIMS.json"", ""sha256"": ""781fbbf9c14f59a2eaf4d30ed7717a51a8ca1d663fc722d25c19b27d34028a12""}, {""path"": ""cycles/cycle-2/stage6/C2-SYNTHESIS/PROOFS.md"", ""sha256"": ""3fd80e3e8079682bbc76c07012999b9e4c8a8064459f605eec79abcbdafc3ecc""}, {""path"": ""control/C2-TERMINAL-MAPPING-v1/OCCURRENCE-MAPPINGS.json"", ""sha256"": ""ca31f4f8fdceede529af5bd0ed91f83b793e32ff848ca52e9d34fab6bcfddf3d""}, {""path"": ""control/C2-TERMINAL-SEMANTIC-REVIEW-v1.json"", ""sha256"": ""be34293e15cb6a39d3e8606c0dd20dc6aef820d7547db86c93493783de61a2a4""}]",1
E993-C2-CT-U3-FINITE-COMPARATOR-STRESS,VERIFIED,exact_finite_computation_adjudicated_no_formal_award,False,"All eight adjacent weighted inclusion-flow problems for weights (1,2,3,5,8,13,21,34) carry their full integer demand; the two specified order-87 clique supergraphs obey normalized comparison; all consecutive matching-comparator cross-products and nonpositive-step implications pass for 0<=n<=160, all feasible consecutive m, and 0<=k<=n+1; and the explicit KL(3,4,4), B8 core powers 1,2,3 obey the matching comparison and sign certificate.","Eight flow instances, two explicit order-87 graphs, exactly 698680 matching-grid rank comparisons, and six explicit forest/core powers of orders 26,52,78 and 52,104,156. Finite exact corroboration only; the universal proof is separately audited.",[],"[{""path"": ""cycles/cycle-2/stage6/C2-SYNTHESIS/CLAIMS.json"", ""sha256"": ""781fbbf9c14f59a2eaf4d30ed7717a51a8ca1d663fc722d25c19b27d34028a12""}, {""path"": ""cycles/cycle-2/stage6/C2-SYNTHESIS/PROOFS.md"", ""sha256"": ""3fd80e3e8079682bbc76c07012999b9e4c8a8064459f605eec79abcbdafc3ecc""}, {""path"": ""control/C2-TERMINAL-MAPPING-v1/OCCURRENCE-MAPPINGS.json"", ""sha256"": ""ca31f4f8fdceede529af5bd0ed91f83b793e32ff848ca52e9d34fab6bcfddf3d""}, {""path"": ""control/C2-TERMINAL-SEMANTIC-REVIEW-v1.json"", ""sha256"": ""be34293e15cb6a39d3e8606c0dd20dc6aef820d7547db86c93493783de61a2a4""}]",1
E993-C2-CF-U3-STAR24-ROOT-PAIR,VERIFIED,exact_finite_computation_adjudicated_no_formal_award,False,"Two explicit order-123 ordinary trees have common residual U=24K_(1,3), order96: center-root attachment has p48,r46 and a negative maximum-comparator step; leaf-root attachment has p41,r39 and every matching-comparator step positive. Both satisfy all G1 guards and have negative target differences.","Only the two edge-labeled ordinary trees in independent-evidence.json fresh_star24_pair; exact integer include/exclude computation with all original-neighborhood guards, first descents and maximum matching sizes.",[],"[{""path"": ""cycles/cycle-2/stage6/C2-SYNTHESIS/CLAIMS.json"", ""sha256"": ""781fbbf9c14f59a2eaf4d30ed7717a51a8ca1d663fc722d25c19b27d34028a12""}, {""path"": ""cycles/cycle-2/stage6/C2-SYNTHESIS/PROOFS.md"", ""sha256"": ""3fd80e3e8079682bbc76c07012999b9e4c8a8064459f605eec79abcbdafc3ecc""}, {""path"": ""control/C2-TERMINAL-MAPPING-v1/OCCURRENCE-MAPPINGS.json"", ""sha256"": ""ca31f4f8fdceede529af5bd0ed91f83b793e32ff848ca52e9d34fab6bcfddf3d""}, {""path"": ""control/C2-TERMINAL-SEMANTIC-REVIEW-v1.json"", ""sha256"": ""be34293e15cb6a39d3e8606c0dd20dc6aef820d7547db86c93493783de61a2a4""}]",2
E993-C2-CF-U3-LC62-WITNESS,VERIFIED,exact_finite_computation_adjudicated_no_formal_award,False,"For H=P31 disjoint_union P31 and G obtained by joining the two central vertices, I(H) is log-concave but normalized comparison margins are -603291648 at rank29 and -1114112 at rank30.",Only the two explicit order-62 ordinary forests on one common vertex set in independent-evidence.json fresh_LC_order62; H is a spanning subforest of the tree G; no G1 tuple is asserted.,[],"[{""path"": ""cycles/cycle-2/stage6/C2-SYNTHESIS/CLAIMS.json"", ""sha256"": ""781fbbf9c14f59a2eaf4d30ed7717a51a8ca1d663fc722d25c19b27d34028a12""}, {""path"": ""cycles/cycle-2/stage6/C2-SYNTHESIS/PROOFS.md"", ""sha256"": ""3fd80e3e8079682bbc76c07012999b9e4c8a8064459f605eec79abcbdafc3ecc""}, {""path"": ""control/C2-TERMINAL-MAPPING-v1/OCCURRENCE-MAPPINGS.json"", ""sha256"": ""ca31f4f8fdceede529af5bd0ed91f83b793e32ff848ca52e9d34fab6bcfddf3d""}, {""path"": ""control/C2-TERMINAL-SEMANTIC-REVIEW-v1.json"", ""sha256"": ""be34293e15cb6a39d3e8606c0dd20dc6aef820d7547db86c93493783de61a2a4""}]",1
E993-C2-COVER3-NINE-VERTEX-PLATEAU-WITNESS,VERIFIED,exact_finite_computation_adjudicated_no_formal_award,False,"The ordinary bipartite graph on vertices 0,...,8 with independent cover C={0,1,2}, outside neighborhoods N(3)={0,1}, N(4)={0,2}, N(5)={1,2}, N(6)=N(7)=N(8)=C and no other edges has minimum vertex-cover number 3 and independence polynomial [1,9,21,21,15,6,1]. At r=3, Delta_2=0, Delta_3=-6 and x=3.","One explicitly specified nine-vertex ordinary bipartite graph; it is not a forest or a G1 counterexample. Both critic occurrences identify this same graph, not two independent witness instances.",[],"[{""path"": ""cycles/cycle-2/stage6/C2-SYNTHESIS/CLAIMS.json"", ""sha256"": ""781fbbf9c14f59a2eaf4d30ed7717a51a8ca1d663fc722d25c19b27d34028a12""}, {""path"": ""cycles/cycle-2/stage6/C2-SYNTHESIS/PROOFS.md"", ""sha256"": ""3fd80e3e8079682bbc76c07012999b9e4c8a8064459f605eec79abcbdafc3ecc""}, {""path"": ""control/C2-TERMINAL-MAPPING-v1/OCCURRENCE-MAPPINGS.json"", ""sha256"": ""ca31f4f8fdceede529af5bd0ed91f83b793e32ff848ca52e9d34fab6bcfddf3d""}, {""path"": ""control/C2-TERMINAL-SEMANTIC-REVIEW-v1.json"", ""sha256"": ""be34293e15cb6a39d3e8606c0dd20dc6aef820d7547db86c93493783de61a2a4""}]",2
E993-C2-CU-T3-B9-EXACT-FINITE-WITNESS,VERIFIED,exact_finite_computation_adjudicated_no_formal_award,False,"An actual full-guard ordinary G1 tuple with p=840, residual order 2684 and x(U)=809 has residual 101K26 disjoint-union B9 whose LC margin at rank 1443 is -111448217, while its G1 target difference is negative.","Exactly the deterministic ordinary tree fresh_K101_Q9 on 2789 vertices with residual 101 copies of K(3,4,4) and one K(9,9,9), marked v=2788, s=2787, g=2786. Finite exact computation; no G1 target counterexample and no refutation of the fixed B8 theorem.",[],"[{""path"": ""cycles/cycle-2/stage6/C2-SYNTHESIS/CLAIMS.json"", ""sha256"": ""781fbbf9c14f59a2eaf4d30ed7717a51a8ca1d663fc722d25c19b27d34028a12""}, {""path"": ""cycles/cycle-2/stage6/C2-SYNTHESIS/PROOFS.md"", ""sha256"": ""3fd80e3e8079682bbc76c07012999b9e4c8a8064459f605eec79abcbdafc3ecc""}, {""path"": ""control/C2-TERMINAL-MAPPING-v1/OCCURRENCE-MAPPINGS.json"", ""sha256"": ""ca31f4f8fdceede529af5bd0ed91f83b793e32ff848ca52e9d34fab6bcfddf3d""}, {""path"": ""control/C2-TERMINAL-SEMANTIC-REVIEW-v1.json"", ""sha256"": ""be34293e15cb6a39d3e8606c0dd20dc6aef820d7547db86c93493783de61a2a4""}]",1
E993-G1-B7-WRAPPER-PADDING-ELIGIBILITY-MONOTONE,REFUTED,exact_counterevidence_adjudicated_no_formal_award,False,"For every pair of integers 0<=e<=e', if the registered one-copy B7 center-root wrapper with e additional leaves at g satisfies every ordinary G1 guard at its own p=x(T_e)+1, then the same wrapper with e' leaves also satisfies every guard at its own p'=x(T_e')+1.",Fixed B7 residual and fixed handle/center-root gateway; only the number of additional g-leaves changes. This minimal exact family already refutes a broader all-wrapper padding-preservation assertion.,[],"[{""path"": ""cycles/cycle-2/stage6/C2-SYNTHESIS/CLAIMS.json"", ""sha256"": ""781fbbf9c14f59a2eaf4d30ed7717a51a8ca1d663fc722d25c19b27d34028a12""}, {""path"": ""cycles/cycle-2/stage6/C2-SYNTHESIS/PROOFS.md"", ""sha256"": ""3fd80e3e8079682bbc76c07012999b9e4c8a8064459f605eec79abcbdafc3ecc""}, {""path"": ""control/C2-TERMINAL-MAPPING-v1/OCCURRENCE-MAPPINGS.json"", ""sha256"": ""ca31f4f8fdceede529af5bd0ed91f83b793e32ff848ca52e9d34fab6bcfddf3d""}, {""path"": ""control/C2-TERMINAL-SEMANTIC-REVIEW-v1.json"", ""sha256"": ""be34293e15cb6a39d3e8606c0dd20dc6aef820d7547db86c93493783de61a2a4""}]",2
E993-G1-COUNTEREXAMPLE-PGE6-RESIDUAL-GE2P,CONDITIONAL,proved_informal_implication_with_surviving_premises_no_formal_award,False,"For every exact ordinary G1 tuple (T,v,s,g,p,U), if Delta_(p-2)(U)>0, then p>=6 and |U|>=2p.","Necessary region for a hypothetical ordinary G1 counterexample only. Uses inherited C1 p<=5 exclusion and the C2 first/second wide bands, including the second band's admitted literature dependency. Does not assert a counterexample exists.","[""Every original ordinary G1 handle, Gamma, size and strict first-descent guard holds."", ""The same tuple has positive target Delta_(p-2)(U)>0; existence is not asserted.""]","[{""path"": ""cycles/cycle-2/stage6/C2-SYNTHESIS/CLAIMS.json"", ""sha256"": ""781fbbf9c14f59a2eaf4d30ed7717a51a8ca1d663fc722d25c19b27d34028a12""}, {""path"": ""cycles/cycle-2/stage6/C2-SYNTHESIS/PROOFS.md"", ""sha256"": ""3fd80e3e8079682bbc76c07012999b9e4c8a8064459f605eec79abcbdafc3ecc""}, {""path"": ""control/C2-TERMINAL-MAPPING-v1/OCCURRENCE-MAPPINGS.json"", ""sha256"": ""ca31f4f8fdceede529af5bd0ed91f83b793e32ff848ca52e9d34fab6bcfddf3d""}, {""path"": ""control/C2-TERMINAL-SEMANTIC-REVIEW-v1.json"", ""sha256"": ""be34293e15cb6a39d3e8606c0dd20dc6aef820d7547db86c93493783de61a2a4""}]",1
E993-G1-VARYING-WRAPPER-AUTOMATIC-ELIGIBILITY,REFUTED,exact_counterevidence_adjudicated_no_formal_award,False,"For every integer k>=1 and e>=0, the registered ordinary wrapper with residual k disjoint copies of B_(k+6), one center-root gateway for each copy, the handle g-s-v, and e additional leaves at g satisfies all numerical ordinary G1 guards at p=x(T)+1.","Exactly the F3 varying-base structural wrapper family, B_a the order6a+4 center/three-hub/two-edge-arm tree and a=k+6. Structure alone is the proposed premise; no size, Gamma or crossing guard is assumed as an antecedent.",[],"[{""path"": ""cycles/cycle-2/stage6/C2-SYNTHESIS/CLAIMS.json"", ""sha256"": ""781fbbf9c14f59a2eaf4d30ed7717a51a8ca1d663fc722d25c19b27d34028a12""}, {""path"": ""cycles/cycle-2/stage6/C2-SYNTHESIS/PROOFS.md"", ""sha256"": ""3fd80e3e8079682bbc76c07012999b9e4c8a8064459f605eec79abcbdafc3ecc""}, {""path"": ""control/C2-TERMINAL-MAPPING-v1/OCCURRENCE-MAPPINGS.json"", ""sha256"": ""ca31f4f8fdceede529af5bd0ed91f83b793e32ff848ca52e9d34fab6bcfddf3d""}, {""path"": ""control/C2-TERMINAL-SEMANTIC-REVIEW-v1.json"", ""sha256"": ""be34293e15cb6a39d3e8606c0dd20dc6aef820d7547db86c93493783de61a2a4""}]",1
E993-FOREST-THIRD-WIDE-CROSSING-SIGN,VERIFIED,formally_verified,True,"For every finite ordinary forest F and every natural r>=1, |V(F)|=2r+4 and x(F)<r imply Delta_r(F)<=0.",Exactly the third wide residual band; forest domain. No ambient Gamma premise is required. No all-simple-graph or RTree extension.,[],"[{""path"": ""cycles/cycle-3/stage6/C3-SYNTHESIS/CLAIMS.json"", ""sha256"": ""00ff9ed1decfe8b1793c92ca9dd34e727e7f8bcdd0171471a124b2319218b387""}, {""path"": ""cycles/cycle-3/stage6/C3-SYNTHESIS/PROOFS.md"", ""sha256"": ""4dd97736cd5a7d9118011b0d242bc18c013457910d1f734a7ac0c566e9cdf17d""}, {""path"": ""cycles/cycle-3/stage6/C3-SYNTHESIS/RECONCILIATION.json"", ""sha256"": ""5d712542b170ff03306a7523bcf5705c851af3f09a011b19ba11ea1d87c1c95f""}, {""path"": ""runs/lean-2026-09-20-c3/VERIFICATION-REPORT.json"", ""sha256"": ""3f945529c506812fd523e6dbbe104fd952dc87c300ec010b8195292d22017ec0""}, {""path"": ""runs/lean-2026-09-20-c3/LeanProject/LeanProof/Main.lean"", ""sha256"": ""aa517ebc678c552e4533ddd4c37e8b57bc3db0d58cdc91ef08f4e94c9fda1ca4""}, {""path"": ""runs/lean-2026-09-20-c3/THEOREM-CONTRACT.yaml"", ""sha256"": ""4bc0bea5fa8e1e22e4c5ae16de395f66c4a8671ccd75483ca611a433827ec5df""}]",2
E993-ORDINARY-G1-THIRD-WIDE-SLICE,VERIFIED,formally_verified,True,"For every full ordinary G1 tuple, the additional equality |U|=2p implies Delta_(p-2)(U)<=0.","A finite ordinary tree T with distinct leaf v, degree-two support s, other neighbor g; A=T-{v,s}, H=A-g, U=A-N_A[g]=T-(N_T[v] union N_T[g]); p=x(T)+1>=3, r=p-2, Gamma=Delta_p(A)+Delta_(p-1)(H)<0, |U|>2p-3=2r+1, and x(U)<r. This is the specialization |U|=2p=2r+4.",[],"[{""path"": ""cycles/cycle-3/stage6/C3-SYNTHESIS/CLAIMS.json"", ""sha256"": ""00ff9ed1decfe8b1793c92ca9dd34e727e7f8bcdd0171471a124b2319218b387""}, {""path"": ""cycles/cycle-3/stage6/C3-SYNTHESIS/PROOFS.md"", ""sha256"": ""4dd97736cd5a7d9118011b0d242bc18c013457910d1f734a7ac0c566e9cdf17d""}, {""path"": ""cycles/cycle-3/stage6/C3-SYNTHESIS/RECONCILIATION.json"", ""sha256"": ""5d712542b170ff03306a7523bcf5705c851af3f09a011b19ba11ea1d87c1c95f""}, {""path"": ""runs/lean-2026-09-20-c3/VERIFICATION-REPORT.json"", ""sha256"": ""3f945529c506812fd523e6dbbe104fd952dc87c300ec010b8195292d22017ec0""}, {""path"": ""runs/lean-2026-09-20-c3/LeanProject/LeanProof/Main.lean"", ""sha256"": ""aa517ebc678c552e4533ddd4c37e8b57bc3db0d58cdc91ef08f4e94c9fda1ca4""}, {""path"": ""runs/lean-2026-09-20-c3/THEOREM-CONTRACT.yaml"", ""sha256"": ""4bc0bea5fa8e1e22e4c5ae16de395f66c4a8671ccd75483ca611a433827ec5df""}]",2
E993-FOREST-FIVE-EDGE-THIRD-BAND-COMPARATOR,VERIFIED,independently_adjudicated_informal_proof_no_formal_award,False,"For every natural r>=3, let H=5K2 disjoint union (2r-6)K1 and s=r-3. Then Delta_r(H)=-3*C(2s,s)*s*(27s^2+99s+34)/((s+1)*(s+2)*(s+3)*(s+4))<=0, with equality at r=3 and strict negativity for r>3.",Exact spanning matching comparator in order 2r+4; no sign conclusion for an arbitrary residual without the normalized comparison.,[],"[{""path"": ""cycles/cycle-3/stage6/C3-SYNTHESIS/CLAIMS.json"", ""sha256"": ""00ff9ed1decfe8b1793c92ca9dd34e727e7f8bcdd0171471a124b2319218b387""}, {""path"": ""cycles/cycle-3/stage6/C3-SYNTHESIS/PROOFS.md"", ""sha256"": ""4dd97736cd5a7d9118011b0d242bc18c013457910d1f734a7ac0c566e9cdf17d""}, {""path"": ""cycles/cycle-3/stage6/C3-SYNTHESIS/RECONCILIATION.json"", ""sha256"": ""5d712542b170ff03306a7523bcf5705c851af3f09a011b19ba11ea1d87c1c95f""}]",2
E993-FOREST-COVER4-THIRD-BAND-PRE-R-INCREASE,VERIFIED,independently_adjudicated_informal_proof_no_formal_award,False,"For every finite ordinary forest F and natural r>=1, if |V(F)|=2r+4 and vertex-cover number(F)<=4, then Delta_k(F)>0 for every natural k<r; hence x(F)>=r.",Forest cover-four branch only; strict positivity is asserted here. Do not import the refuted all-graph cover-three strictness at order 2r+3 or extend this statement to all graphs.,[],"[{""path"": ""cycles/cycle-3/stage6/C3-SYNTHESIS/CLAIMS.json"", ""sha256"": ""00ff9ed1decfe8b1793c92ca9dd34e727e7f8bcdd0171471a124b2319218b387""}, {""path"": ""cycles/cycle-3/stage6/C3-SYNTHESIS/PROOFS.md"", ""sha256"": ""4dd97736cd5a7d9118011b0d242bc18c013457910d1f734a7ac0c566e9cdf17d""}, {""path"": ""cycles/cycle-3/stage6/C3-SYNTHESIS/RECONCILIATION.json"", ""sha256"": ""5d712542b170ff03306a7523bcf5705c851af3f09a011b19ba11ea1d87c1c95f""}]",2
E993-GRAPH-VERTEX-COVER-DELTA-PARTITION,VERIFIED,independently_adjudicated_informal_proof_no_formal_award,False,"For every finite simple graph F, every designated vertex cover C, its independent complement B, and every integer k, Delta_k(F)=sum over independent S subset C of [C(|B|-|N_F(S) intersect B|,k-|S|+1)-C(|B|-|N_F(S) intersect B|,k-|S|)].",Counts are zero outside natural supported ranks. The set S must be independent in F[C]; neighborhood overlaps are preserved exactly.,[],"[{""path"": ""cycles/cycle-3/stage6/C3-SYNTHESIS/CLAIMS.json"", ""sha256"": ""00ff9ed1decfe8b1793c92ca9dd34e727e7f8bcdd0171471a124b2319218b387""}, {""path"": ""cycles/cycle-3/stage6/C3-SYNTHESIS/PROOFS.md"", ""sha256"": ""4dd97736cd5a7d9118011b0d242bc18c013457910d1f734a7ac0c566e9cdf17d""}, {""path"": ""cycles/cycle-3/stage6/C3-SYNTHESIS/RECONCILIATION.json"", ""sha256"": ""5d712542b170ff03306a7523bcf5705c851af3f09a011b19ba11ea1d87c1c95f""}]",2
E993-BINOMIAL-DIFFERENCE-CATALAN-FLOOR,VERIFIED,independently_adjudicated_informal_proof_no_formal_award,False,"For every natural m and j>=0, C(m,j+1)-C(m,j)>=-Cat_j, where Cat_j=C(2j,j)/(j+1). At integer j=-1 the difference is 1; at j<=-2 it is 0 under integer zero extension.",Arithmetic auxiliary; independent of any graph or G1 hypothesis.,[],"[{""path"": ""cycles/cycle-3/stage6/C3-SYNTHESIS/CLAIMS.json"", ""sha256"": ""00ff9ed1decfe8b1793c92ca9dd34e727e7f8bcdd0171471a124b2319218b387""}, {""path"": ""cycles/cycle-3/stage6/C3-SYNTHESIS/PROOFS.md"", ""sha256"": ""4dd97736cd5a7d9118011b0d242bc18c013457910d1f734a7ac0c566e9cdf17d""}, {""path"": ""cycles/cycle-3/stage6/C3-SYNTHESIS/RECONCILIATION.json"", ""sha256"": ""5d712542b170ff03306a7523bcf5705c851af3f09a011b19ba11ea1d87c1c95f""}]",2
E993-CATALAN-COVER4-PRE-R-INEQUALITY,VERIFIED,independently_adjudicated_informal_proof_no_formal_award,False,"For every natural k>=4, Cat_(k+1)-4Cat_(k-1)-6Cat_(k-2)-4Cat_(k-3)-Cat_(k-4)>0.",Arithmetic auxiliary for the cover-four branch only.,[],"[{""path"": ""cycles/cycle-3/stage6/C3-SYNTHESIS/CLAIMS.json"", ""sha256"": ""00ff9ed1decfe8b1793c92ca9dd34e727e7f8bcdd0171471a124b2319218b387""}, {""path"": ""cycles/cycle-3/stage6/C3-SYNTHESIS/PROOFS.md"", ""sha256"": ""4dd97736cd5a7d9118011b0d242bc18c013457910d1f734a7ac0c566e9cdf17d""}, {""path"": ""cycles/cycle-3/stage6/C3-SYNTHESIS/RECONCILIATION.json"", ""sha256"": ""5d712542b170ff03306a7523bcf5705c851af3f09a011b19ba11ea1d87c1c95f""}]",2
E993-G1-RANK-SCALED-MARGIN-FACTOR2,REFUTED,explicit_exact_finite_ordinary_G1_counterexample_to_strengthening,False,"For every full ordinary G1 tuple with a_r=i_r(U)>0, (r+1)*(-Delta_r(U))>=2*a_r.","A finite ordinary tree T with distinct leaf v, degree-two support s, other neighbor g; A=T-{v,s}, H=A-g, U=A-N_A[g]=T-(N_T[v] union N_T[g]); p=x(T)+1>=3, r=p-2, Gamma=Delta_p(A)+Delta_(p-1)(H)<0, |U|>2p-3=2r+1, and x(U)<r. Positive denominator a_r is explicit.",[],[],8
E993-C3-T121-FACTOR2-MARGIN-WITNESS,VERIFIED,exact_finite_source_adjudicated_no_formal_award,False,"The explicitly specified 121-vertex tree and marked leaf give residual order 117, p=47, r=45, x(U)=44, Gamma=-798798925103886414648722890, Delta_45(U)=-128536558546094824844656572 and rho=492723474426696828571183526/247593883765912725204376259, strictly between 1 and 2.",One finite full ordinary G1 tuple. The positive assertion that this witness exists is separate from the false universal margin key.,[],"[{""path"": ""cycles/cycle-3/stage6/C3-SYNTHESIS/CLAIMS.json"", ""sha256"": ""00ff9ed1decfe8b1793c92ca9dd34e727e7f8bcdd0171471a124b2319218b387""}, {""path"": ""cycles/cycle-3/stage6/C3-SYNTHESIS/PROOFS.md"", ""sha256"": ""4dd97736cd5a7d9118011b0d242bc18c013457910d1f734a7ac0c566e9cdf17d""}, {""path"": ""cycles/cycle-3/stage6/C3-SYNTHESIS/RECONCILIATION.json"", ""sha256"": ""5d712542b170ff03306a7523bcf5705c851af3f09a011b19ba11ea1d87c1c95f""}]",2
E993-G1-RANK-SCALED-MARGIN-FACTOR1,OPEN,controller_proof_proposal_pending_independent_C3_review,False,"For every full ordinary G1 tuple with a_r=i_r(U)>0, (r+1)*(-Delta_r(U))>=a_r.","A finite ordinary tree T with distinct leaf v, degree-two support s, other neighbor g; A=T-{v,s}, H=A-g, U=A-N_A[g]=T-(N_T[v] union N_T[g]); p=x(T)+1>=3, r=p-2, Gamma=Delta_p(A)+Delta_(p-1)(H)<0, |U|>2p-3=2r+1, and x(U)<r. This is a rank-dependent lower bound on the unscaled relative gap, with factor 1/(r+1).",[],[],3
E993-GRAPH-SR2-EXACT-AVERAGE-IDENTITIES,VERIFIED,independently_adjudicated_informal_proof_no_formal_award,False,"For every finite simple graph F with n vertices, every integer j and every integer r, put a_j=i_j(F), D=Delta_r(F), A_v=Delta_r(F-v), B_v=Delta_(r-1)(F-N_F[v]). Then A_v+B_v=D for every v; sum_v i_j(F-v)=(n-j)*a_j; sum_v i_(j-1)(F-N_F[v])=j*a_j; sum_v A_v=(n-r-1)*D-a_r; sum_v B_v=(r+1)*D+a_r.","All integer ranks, including zero, negative ranks and support endpoints; i_j=0 outside natural supported ranks. Empty vertex sums are allowed. No vertex-existence consequence is included.",[],"[{""path"": ""cycles/cycle-3/stage6/C3-SYNTHESIS/CLAIMS.json"", ""sha256"": ""00ff9ed1decfe8b1793c92ca9dd34e727e7f8bcdd0171471a124b2319218b387""}, {""path"": ""cycles/cycle-3/stage6/C3-SYNTHESIS/PROOFS.md"", ""sha256"": ""4dd97736cd5a7d9118011b0d242bc18c013457910d1f734a7ac0c566e9cdf17d""}, {""path"": ""cycles/cycle-3/stage6/C3-SYNTHESIS/RECONCILIATION.json"", ""sha256"": ""5d712542b170ff03306a7523bcf5705c851af3f09a011b19ba11ea1d87c1c95f""}]",3
E993-GRAPH-SR2-INTERVAL-CHARACTERIZATION,VERIFIED,independently_adjudicated_informal_proof_no_formal_award,False,"For every finite simple graph F and integer r, with D,A_v,B_v as in the SR2 identities, each vertex v satisfies (A_v<=0 and B_v<=0) iff D<=B_v<=0. Consequently there exists a joint certifying vertex iff there exists v in V(F) with D<=B_v<=0.","An exact equivalence of predicates, not a theorem asserting either predicate always holds.",[],"[{""path"": ""cycles/cycle-3/stage6/C3-SYNTHESIS/CLAIMS.json"", ""sha256"": ""00ff9ed1decfe8b1793c92ca9dd34e727e7f8bcdd0171471a124b2319218b387""}, {""path"": ""cycles/cycle-3/stage6/C3-SYNTHESIS/PROOFS.md"", ""sha256"": ""4dd97736cd5a7d9118011b0d242bc18c013457910d1f734a7ac0c566e9cdf17d""}, {""path"": ""cycles/cycle-3/stage6/C3-SYNTHESIS/RECONCILIATION.json"", ""sha256"": ""5d712542b170ff03306a7523bcf5705c851af3f09a011b19ba11ea1d87c1c95f""}]",5
E993-GRAPH-SR2-MARGINAL-SUM-BOUNDS,CONDITIONAL,proved_informal_implication_with_surviving_premises_no_formal_award,False,"For every finite simple graph F and natural r>=0, if D=Delta_r(F)<0, a_r>0, n>=r+1, and (r+1)*(-D)>=a_r, then sum_v B_v<=0 and sum_v A_v<0.",Conditional sum bounds only; n>=r+1 ensures a nonempty graph in this statement. No common vertex is asserted.,"[""For every finite simple graph F and natural r>=0, if D=Delta_r(F)<0, a_r>0, n>=r+1, and (r+1)*(-D)>=a_r, then sum_v B_v<=0 and sum_v A_v<0."", ""Conditional sum bounds only; n>=r+1 ensures a nonempty graph in this statement. No common vertex is asserted.""]","[{""path"": ""cycles/cycle-3/stage6/C3-SYNTHESIS/CLAIMS.json"", ""sha256"": ""00ff9ed1decfe8b1793c92ca9dd34e727e7f8bcdd0171471a124b2319218b387""}, {""path"": ""cycles/cycle-3/stage6/C3-SYNTHESIS/PROOFS.md"", ""sha256"": ""4dd97736cd5a7d9118011b0d242bc18c013457910d1f734a7ac0c566e9cdf17d""}, {""path"": ""cycles/cycle-3/stage6/C3-SYNTHESIS/RECONCILIATION.json"", ""sha256"": ""5d712542b170ff03306a7523bcf5705c851af3f09a011b19ba11ea1d87c1c95f""}]",3
E993-SCALAR-SR2-NEGATIVE-SUMS-IMPLY-JOINT-SIGN,REFUTED,explicit_exact_finite_scalar_certificate,False,"For every nonempty finite scalar list of pairs (A_v,B_v) with common A_v+B_v=D<0, if sum A_v<0 and sum B_v<0, then some v has A_v<=0 and B_v<=0.",Pure scalar arrays. No graph-realizability assertion.,[],[],7
E993-FOREST-NONPOSITIVE-TARGET-IMPLIES-SR2,REFUTED,explicit_exact_finite_actual_forest_certificate,False,"For every finite ordinary forest F and every natural r>=0, Delta_r(F)<=0 implies the existence of v with Delta_r(F-v)<=0 and Delta_(r-1)(F-N_F[v])<=0.","No earlier-descent, wide-size, ambient-tree or Gamma guard. Rank zero included.",[],[],1
E993-FOREST-POSITIVE-RANK-NONPOSITIVE-TARGET-IMPLIES-SR2,REFUTED,explicit_exact_finite_actual_forest_certificate,False,"For every finite ordinary forest F and every natural r>=1, Delta_r(F)<=0 implies the existence of v with Delta_r(F-v)<=0 and Delta_(r-1)(F-N_F[v])<=0.","No earlier-descent, wide-size, ambient-tree or Gamma guard. Positive ranks only.",[],[],1
E993-GRAPH-NONPOSITIVE-TARGET-IMPLIES-SR2,REFUTED,explicit_exact_finite_actual_forest_certificate,False,"For every finite simple graph F and every natural r>=0, Delta_r(F)<=0 implies the existence of v with Delta_r(F-v)<=0 and Delta_(r-1)(F-N_F[v])<=0.","No earlier-descent, wide-size, ambient-tree or Gamma guard. Rank zero included.",[],[],1
E993-C3-SR2-SINGLETON-BOUNDARY-WITNESS,VERIFIED,exact_finite_source_adjudicated_no_formal_award,False,"For F=K1 and r=0, I(F)=[1,1], D=0, and its sole vertex has A=-1 and B=1, so there is no joint certificate.",One finite forest at the integer-zero-extension boundary.,[],"[{""path"": ""cycles/cycle-3/stage6/C3-SYNTHESIS/CLAIMS.json"", ""sha256"": ""00ff9ed1decfe8b1793c92ca9dd34e727e7f8bcdd0171471a124b2319218b387""}, {""path"": ""cycles/cycle-3/stage6/C3-SYNTHESIS/PROOFS.md"", ""sha256"": ""4dd97736cd5a7d9118011b0d242bc18c013457910d1f734a7ac0c566e9cdf17d""}, {""path"": ""cycles/cycle-3/stage6/C3-SYNTHESIS/RECONCILIATION.json"", ""sha256"": ""5d712542b170ff03306a7523bcf5705c851af3f09a011b19ba11ea1d87c1c95f""}]",3
E993-FOREST-ODD-EDGELESS-SR2-OBSTRUCTION-FAMILY,VERIFIED,independently_adjudicated_informal_proof_no_formal_award,False,"For every natural r>=1, F_r=(2r+1)K1 has Delta_r(F_r)=0, x(F_r)=r+1, and for every vertex B_v=C(2r,r)/(r+1)>0 and A_v=-B_v; hence no joint certificate exists.","Explicit unbounded actual-forest family, failing both x(F)<r and n>2r+1.",[],"[{""path"": ""cycles/cycle-3/stage6/C3-SYNTHESIS/CLAIMS.json"", ""sha256"": ""00ff9ed1decfe8b1793c92ca9dd34e727e7f8bcdd0171471a124b2319218b387""}, {""path"": ""cycles/cycle-3/stage6/C3-SYNTHESIS/PROOFS.md"", ""sha256"": ""4dd97736cd5a7d9118011b0d242bc18c013457910d1f734a7ac0c566e9cdf17d""}, {""path"": ""cycles/cycle-3/stage6/C3-SYNTHESIS/RECONCILIATION.json"", ""sha256"": ""5d712542b170ff03306a7523bcf5705c851af3f09a011b19ba11ea1d87c1c95f""}]",2
E993-FOREST-NEGATIVE-TARGET-IMPLIES-SR2,REFUTED,explicit_exact_finite_actual_forest_certificate,False,"For every finite ordinary forest F and natural r>=1, Delta_r(F)<0 imply the existence of v with Delta_r(F-v)<=0 and Delta_(r-1)(F-N_F[v])<=0.",No strict earlier-descent or ambient G1 guard. No size restriction.,[],[],3
E993-FOREST-WIDE-NEGATIVE-TARGET-IMPLIES-SR2,REFUTED,explicit_exact_finite_actual_forest_certificate,False,"For every finite ordinary forest F and natural r>=1, |V(F)|>2r+1 and Delta_r(F)<0 imply the existence of v with Delta_r(F-v)<=0 and Delta_(r-1)(F-N_F[v])<=0.",No strict earlier-descent or ambient G1 guard. Wide-size guard retained.,[],[],3
E993-GRAPH-NEGATIVE-TARGET-IMPLIES-SR2,REFUTED,explicit_exact_finite_actual_forest_certificate,False,"For every finite simple graph F and natural r>=1, Delta_r(F)<0 imply the existence of v with Delta_r(F-v)<=0 and Delta_(r-1)(F-N_F[v])<=0.",No strict earlier-descent or ambient G1 guard. No size restriction.,[],[],1
E993-C3-SR2-SIX-VERTEX-FAILURE-WITNESS,VERIFIED,exact_finite_source_adjudicated_no_formal_award,False,"For F=2K2 disjoint union 2K1 and r=2, I(F)=[1,6,13,12,4], x(F)=2, D=-1, all four endpoints have (A,B)=(-2,1) and both isolates have (A,B)=(-4,3); hence no joint vertex exists despite n=2r+2.","One finite forest, not an ambient G1 tuple.",[],"[{""path"": ""cycles/cycle-3/stage6/C3-SYNTHESIS/CLAIMS.json"", ""sha256"": ""00ff9ed1decfe8b1793c92ca9dd34e727e7f8bcdd0171471a124b2319218b387""}, {""path"": ""cycles/cycle-3/stage6/C3-SYNTHESIS/PROOFS.md"", ""sha256"": ""4dd97736cd5a7d9118011b0d242bc18c013457910d1f734a7ac0c566e9cdf17d""}, {""path"": ""cycles/cycle-3/stage6/C3-SYNTHESIS/RECONCILIATION.json"", ""sha256"": ""5d712542b170ff03306a7523bcf5705c851af3f09a011b19ba11ea1d87c1c95f""}]",3
E993-FOREST-TWO-EDGE-STRICT-SR2-OBSTRUCTION-FAMILY,VERIFIED,independently_adjudicated_informal_proof_no_formal_award,False,"For every natural r>=2, let F_r=2K2 disjoint union (2r-2)K1 and M=C(2r-2,r-1). Then |F_r|=2r+2, I=(1+2z)^2*(1+z)^(2r-2), i_r=M*(9r-5)/r, Delta_r=-3*M*(r-1)/(r*(r+1))<0, x(F_r)=r; B_v=M/r for endpoints and 3*M/r for isolates, A_v=Delta_r-B_v<0, so no joint vertex exists and rho=3*(r-1)/(9r-5)<1/3.",Explicit unbounded ordinary-forest family. Every member satisfies the wide size guard and fails the strict earlier-descent guard.,[],"[{""path"": ""cycles/cycle-3/stage6/C3-SYNTHESIS/CLAIMS.json"", ""sha256"": ""00ff9ed1decfe8b1793c92ca9dd34e727e7f8bcdd0171471a124b2319218b387""}, {""path"": ""cycles/cycle-3/stage6/C3-SYNTHESIS/PROOFS.md"", ""sha256"": ""4dd97736cd5a7d9118011b0d242bc18c013457910d1f734a7ac0c566e9cdf17d""}, {""path"": ""cycles/cycle-3/stage6/C3-SYNTHESIS/RECONCILIATION.json"", ""sha256"": ""5d712542b170ff03306a7523bcf5705c851af3f09a011b19ba11ea1d87c1c95f""}]",4
E993-FOREST-EARLIER-DESCENT-NEGATIVE-TARGET-IMPLIES-SR2,OPEN,controller_proof_proposal_pending_independent_C3_review,False,"For every finite ordinary forest F and natural r>=1, x(F)<r and Delta_r(F)<0 imply the existence of v with Delta_r(F-v)<=0 and Delta_(r-1)(F-N_F[v])<=0.","The earlier-descent strengthening explicitly mentioned by the correction, without adding an unstated ambient or size guard. Any further width-restricted variant must receive a separate statement.",[],[],3
E993-ORDINARY-DEG2-SIBLING-G1-COEFFICIENT-IDENTIFICATION,VERIFIED,independently_adjudicated_informal_proof_no_formal_award,False,"For every finite ordinary tree T, original leaf v whose support s has degree two with other neighbor g, and every integer p, define A=T-{v,s}, H=A-g, U=A-N_A[g]=T-(N_T[v] union N_T[g]). Then I(T-v)=I(A)+z*I(H), I(A)=I(H)+z*I(U), a_v(T,p)=Delta_p(T-v)=Delta_p(A)+Delta_(p-1)(H)=Gamma, and b_v(T,p)-B_s(T,p)=Delta_(p-1)(A)-Delta_(p-1)(H)=Delta_(p-2)(U).","Structural equalities at all integer ranks; no numerical eligibility is required. a,b,B use the r23 original-leaf definitions; B_s(T,p)=Delta_(p-1)(T-N_T[s]) and T-N_T[s]=H. Neighborhoods are those of the indicated original graph, with integer zero extension.",[],"[{""path"": ""cycles/cycle-3/stage6/C3-SYNTHESIS/CLAIMS.json"", ""sha256"": ""00ff9ed1decfe8b1793c92ca9dd34e727e7f8bcdd0171471a124b2319218b387""}, {""path"": ""cycles/cycle-3/stage6/C3-SYNTHESIS/PROOFS.md"", ""sha256"": ""4dd97736cd5a7d9118011b0d242bc18c013457910d1f734a7ac0c566e9cdf17d""}, {""path"": ""cycles/cycle-3/stage6/C3-SYNTHESIS/RECONCILIATION.json"", ""sha256"": ""5d712542b170ff03306a7523bcf5705c851af3f09a011b19ba11ea1d87c1c95f""}]",1
E993-C3-CB8-92-ORDINARY-RANK-SCOPE-CERTIFICATE,VERIFIED,exact_finite_source_adjudicated_no_formal_award,False,"The specified ordinary CB(8,92) tree has n=1567, x(T)=490 and two original-leaf orbits of multiplicities 1 and 736. At p=492 all 737 leaves are favorable, the arm contribution is positive with zero Retag export and a deficient tag-closed arm cut, while the complete aggregate is negative. At G1 rank p=491, r=489, the arm residual has x=491 and the repeated-arm residual has x=489, so neither orbit is a full-G1 tuple.",One exact ordinary graph at two distinct ranks; no RTree transport and no universal aggregate or G1 verdict.,[],"[{""path"": ""cycles/cycle-3/stage6/C3-SYNTHESIS/CLAIMS.json"", ""sha256"": ""00ff9ed1decfe8b1793c92ca9dd34e727e7f8bcdd0171471a124b2319218b387""}, {""path"": ""cycles/cycle-3/stage6/C3-SYNTHESIS/PROOFS.md"", ""sha256"": ""4dd97736cd5a7d9118011b0d242bc18c013457910d1f734a7ac0c566e9cdf17d""}, {""path"": ""cycles/cycle-3/stage6/C3-SYNTHESIS/RECONCILIATION.json"", ""sha256"": ""5d712542b170ff03306a7523bcf5705c851af3f09a011b19ba11ea1d87c1c95f""}]",1
E993-R23-TAG-CLOSED-CUT-HALL,REFUTED,imported_terminal_refutation_with_explicit_exact_ordinary_graph_certificate,False,"For every eligible finite ordinary tree T and natural p>=x(T)+2 in the r23 literal contract, and every subset G of its favorable original leaves, the tag-closed cut X=disjoint union over v in G of ({v} times C_p(v)) satisfies |X|<=|Gamma_Delete/Retag(X)|.","Ordinary r23 Horn-B object only. C_p(v) consists of independent p-subsets of T-{v,s_v} meeting N_T(s_v)-{v}. Tags are original leaves. G may be empty. This is not all-cut Hall, Delete-only Hall, complete-demand aggregate, or a governed-RTree theorem.",[],[],1
E993-R23-LITERAL-DELETE-ONLY-HALL,REFUTED,existing_exact_ordinary_Hall_witness_plus_neighborhood_inclusion,False,"For every finite ordinary tree T, natural p>=x(T)+2 under the r23 literal contract, and every X subset of the complete tagged top side P, |X|<=|Gamma_Delete(X)|.",Literal ordinary-tree universal Delete-only Hall. Restricted deletion faces remain separate.,[],[],1
E993-R23-HOT-TAG-SINGLETON-HALL,REFUTED,explicit_exact_finite_ordinary_graph_certificate,False,"For every eligible finite ordinary r23 tree/rank pair with n>=3, and every favorable original leaf v with g_v>0, the complete singleton-tag cut X={v} times C_p(v) satisfies |X|<=|Gamma_Delete/Retag(X)|.","Every hot tag, at p>=x(T)+2. Narrower cut family than arbitrary tag-closed cuts; nevertheless refuted by the same eligible arm cut.",[],[],1
E993-R23-ZERO-RETAG-EXPORT-IMPLIES-NONPOSITIVE-TAG,REFUTED,explicit_exact_finite_ordinary_graph_certificate,False,"For every eligible finite ordinary r23 tree/rank pair and favorable original leaf v, if no literal Retag edge from the complete active top tag of v reaches another active tag, then g_v=b_v-B_s<=0.","The zero-export shortcut; the source's stated hub/depth-three degree-two-chain class is also refuted by CB(8,92), since it imposes no adequate disjoint-edge-count bound.",[],[],1
E993-R23-RANK1-FAVORABLE-EMPTY,REFUTED,explicit_exact_finite_boundary_certificate,False,"For every finite ordinary tree T, the set of favorable original leaves {v:Delta_1(T-v)<0} is empty.","Unrestricted p=1 boundary statement, outside the governed p>=x(T)+2 floor.",[],[],0
E993-FOREST-FIRST-DESCENT-DISJOINT-UNION-UPPER-ADDITIVITY,REFUTED,explicit_exact_finite_polynomial_certificate,False,"For every pair of finite ordinary forests F1,F2, x(F1 disjoint union F2)<=x(F1)+x(F2).",Upper first-descent additivity only; neither a lower-bound claim nor forest nonunimodality.,[],[],0
E993-R23-ORDINARY-FAVORABLE-LEAF-AGGREGATE,OPEN,imported_terminal_open_target_no_premise_admission,False,"For every finite ordinary tree T and every natural p>=x(T)+2, sum over all favorable ORIGINAL leaves v, defined by Delta_p(T-v)<0, of [Delta_(p-1)(T-{v,s_v})-Delta_(p-1)(T-N_T[s_v])]<=0.",Literal ordinary-tree aggregate. Each original leaf is a distinct tag even when supports coincide; higher-degree supports are included; the empty favorable set has sum zero.,[],[],1
E993-FOREST-EDGE-ADDITION-DELTA-NONINCREASE,REFUTED,controller_exact_finite_forest_certificate_no_formal_award,False,"For all finite forests F,H on the same vertex set with E(F) subset E(H), every natural r has Delta_r(H)<=Delta_r(F).","Finite ordinary forests F and H on the same vertex set, E(F) subset E(H), every natural rank r. No earlier-descent, ambient G1, connectivity, or target sign premise. This forest restriction differs from the existing all-simple-graph edge-addition claim.",[],[],15
E993-C3-CENTER-CORRELATED-TWO-CORE-IDENTITY,VERIFIED,independently_adjudicated_informal_proof_no_formal_award,False,"For all positive integers a,b,c,d,e,f, joining the centers of K(a,b,c) and K(d,e,f) gives an actual tree U with I(U)=P_(a,b,c)P_(d,e,f)-z^2(1+2z)^(a+b+c+d+e+f), where F_q=(1+2z)^q+z(1+z)^q and P_(a,b,c)=F_aF_bF_c+z(1+2z)^(a+b+c). Rooting at either center and adding the specified b-g-s-v handle with h natural bare g-leaves gives the exact wrapper identities H=(B+zC)(1+z)^h, A=H+zB, and T=(1+z)A+zH, with C the root-deleted residual polynomial.","Ordinary finite trees K(a,b,c) with three hub groups of positive arm counts; one center-center edge; either center root; every natural h; exact independence polynomials at all integer ranks by zero extension. No sign, recovery, G1, RTree, or universal-forest conclusion.",[],"[{""path"": ""cycles/cycle-3/stage6/C3-SYNTHESIS/CLAIMS.json"", ""sha256"": ""00ff9ed1decfe8b1793c92ca9dd34e727e7f8bcdd0171471a124b2319218b387""}, {""path"": ""cycles/cycle-3/stage6/C3-SYNTHESIS/PROOFS.md"", ""sha256"": ""4dd97736cd5a7d9118011b0d242bc18c013457910d1f734a7ac0c566e9cdf17d""}, {""path"": ""cycles/cycle-3/stage6/C3-SYNTHESIS/RECONCILIATION.json"", ""sha256"": ""5d712542b170ff03306a7523bcf5705c851af3f09a011b19ba11ea1d87c1c95f""}]",1
E993-C3-GRAPH-ADDABLE-VERTEX-AVERAGE-IDENTITY,VERIFIED,independently_adjudicated_informal_proof_no_formal_award,False,"For every finite simple graph G and natural r, the sum over independent r-sets S of the number e(S) of addable vertices equals (r+1)i_(r+1)(G); when i_r>0, factor one is equivalent to the average e(S) being at most r.","All finite ordinary simple graphs and natural ranks, with exact ordinary independent-set counts; no G1 hypothesis is needed.",[],"[{""path"": ""cycles/cycle-3/stage6/C3-SYNTHESIS/CLAIMS.json"", ""sha256"": ""00ff9ed1decfe8b1793c92ca9dd34e727e7f8bcdd0171471a124b2319218b387""}, {""path"": ""cycles/cycle-3/stage6/C3-SYNTHESIS/PROOFS.md"", ""sha256"": ""4dd97736cd5a7d9118011b0d242bc18c013457910d1f734a7ac0c566e9cdf17d""}, {""path"": ""cycles/cycle-3/stage6/C3-SYNTHESIS/RECONCILIATION.json"", ""sha256"": ""5d712542b170ff03306a7523bcf5705c851af3f09a011b19ba11ea1d87c1c95f""}]",1
E993-C3-G1-POINTWISE-ADDABILITY-BOUND,REFUTED,exact_counterevidence_source_adjudicated_no_formal_award,False,"For every full ordinary G1 tuple with i_r(U)>0, every independent r-set S of U has at most r addable vertices.",Literal full ordinary G1 scope at r=p-2; universal over all independent r-sets in each residual.,[],"[{""path"": ""cycles/cycle-3/stage6/C3-SYNTHESIS/CLAIMS.json"", ""sha256"": ""00ff9ed1decfe8b1793c92ca9dd34e727e7f8bcdd0171471a124b2319218b387""}, {""path"": ""cycles/cycle-3/stage6/C3-SYNTHESIS/PROOFS.md"", ""sha256"": ""4dd97736cd5a7d9118011b0d242bc18c013457910d1f734a7ac0c566e9cdf17d""}, {""path"": ""cycles/cycle-3/stage6/C3-SYNTHESIS/RECONCILIATION.json"", ""sha256"": ""5d712542b170ff03306a7523bcf5705c851af3f09a011b19ba11ea1d87c1c95f""}]",5
E993-C3-CLUSTER-GRAPH-EVERY-VERTEX-SR2,VERIFIED,independently_adjudicated_informal_proof_no_formal_award,False,"For every finite ordinary disjoint union C of complete graphs and every natural r with x(C)<r, every vertex a has Delta_r(C-a)<=0 and Delta_(r-1)(C-N_C[a])<=0.",All finite ordinary cluster graphs and natural ranks; matching forests in the forest subcase.,[],"[{""path"": ""cycles/cycle-3/stage6/C3-SYNTHESIS/CLAIMS.json"", ""sha256"": ""00ff9ed1decfe8b1793c92ca9dd34e727e7f8bcdd0171471a124b2319218b387""}, {""path"": ""cycles/cycle-3/stage6/C3-SYNTHESIS/PROOFS.md"", ""sha256"": ""4dd97736cd5a7d9118011b0d242bc18c013457910d1f734a7ac0c566e9cdf17d""}, {""path"": ""cycles/cycle-3/stage6/C3-SYNTHESIS/RECONCILIATION.json"", ""sha256"": ""5d712542b170ff03306a7523bcf5705c851af3f09a011b19ba11ea1d87c1c95f""}]",1
E993-C3-FOREST-WIDE-CROSSING-EDGE-DELTA-NONINCREASE,REFUTED,exact_counterevidence_source_adjudicated_no_formal_award,False,"For every pair J,U of finite ordinary forests on the same n-vertex set, every natural r>=1 with E(J) subset E(U), n>2r+1, x(J)<r and x(U)<r satisfies Delta_r(U)<=Delta_r(J).","A proposed stronger-premise forest edge-addition shortcut. Both forests must satisfy strict earlier descent and wide size at the same rank. No ambient G1 first-descent/Gamma alignment, connectivity of J, or nonnegative-target premise.",[],"[{""path"": ""cycles/cycle-3/stage6/C3-SYNTHESIS/CLAIMS.json"", ""sha256"": ""00ff9ed1decfe8b1793c92ca9dd34e727e7f8bcdd0171471a124b2319218b387""}, {""path"": ""cycles/cycle-3/stage6/C3-SYNTHESIS/PROOFS.md"", ""sha256"": ""4dd97736cd5a7d9118011b0d242bc18c013457910d1f734a7ac0c566e9cdf17d""}, {""path"": ""cycles/cycle-3/stage6/C3-SYNTHESIS/RECONCILIATION.json"", ""sha256"": ""5d712542b170ff03306a7523bcf5705c851af3f09a011b19ba11ea1d87c1c95f""}]",1
E993-C3-FOREST-WIDE-EARLIER-EVERY-VERTEX-SR2,REFUTED,exact_counterevidence_source_adjudicated_no_formal_award,False,"For every finite ordinary forest F and natural r>=1, if |F|>2r+1, x(F)<r and Delta_r(F)<0, then every vertex satisfies both SR2 signs.","Positive universal every-vertex strengthening with width, negative target and strict crossing; distinct from existential SR2.",[],"[{""path"": ""cycles/cycle-3/stage6/C3-SYNTHESIS/CLAIMS.json"", ""sha256"": ""00ff9ed1decfe8b1793c92ca9dd34e727e7f8bcdd0171471a124b2319218b387""}, {""path"": ""cycles/cycle-3/stage6/C3-SYNTHESIS/PROOFS.md"", ""sha256"": ""4dd97736cd5a7d9118011b0d242bc18c013457910d1f734a7ac0c566e9cdf17d""}, {""path"": ""cycles/cycle-3/stage6/C3-SYNTHESIS/RECONCILIATION.json"", ""sha256"": ""5d712542b170ff03306a7523bcf5705c851af3f09a011b19ba11ea1d87c1c95f""}]",4
E993-C3-G1-MATCHING-RESIDUAL-EVERY-VERTEX-SR2,VERIFIED,independently_adjudicated_informal_proof_no_formal_award,False,"Every exact ordinary G1 tuple whose residual components are all K1 or K2 has both SR2 signs at every residual vertex, hence its target Delta_(p-2)(U) is nonpositive.","Full frozen ordinary G1 guards, original neighborhoods, with the extra matching-forest residual hypothesis displayed. No assertion of applicability or RTree transport.",[],"[{""path"": ""cycles/cycle-3/stage6/C3-SYNTHESIS/CLAIMS.json"", ""sha256"": ""00ff9ed1decfe8b1793c92ca9dd34e727e7f8bcdd0171471a124b2319218b387""}, {""path"": ""cycles/cycle-3/stage6/C3-SYNTHESIS/PROOFS.md"", ""sha256"": ""4dd97736cd5a7d9118011b0d242bc18c013457910d1f734a7ac0c566e9cdf17d""}, {""path"": ""cycles/cycle-3/stage6/C3-SYNTHESIS/RECONCILIATION.json"", ""sha256"": ""5d712542b170ff03306a7523bcf5705c851af3f09a011b19ba11ea1d87c1c95f""}]",2
E993-C3-G1-EVERY-VERTEX-SR2,REFUTED,exact_counterevidence_source_adjudicated_no_formal_award,False,"For every exact ordinary G1 tuple defined in section2, every residual vertex a satisfies Delta_(p-2)(U-a)<=0 and Delta_(p-3)(U-N_U[a])<=0.","All original ambient tree, leaf, degree-two support, original-neighborhood deletions, p=x(T)+1, Gamma<0, width and strict-crossing guards; no extra negative-target premise. This is a new explicit scope derived from the admitted ambient controls, distinct from the forest and existential keys.",[],"[{""path"": ""cycles/cycle-3/stage6/C3-SYNTHESIS/CLAIMS.json"", ""sha256"": ""00ff9ed1decfe8b1793c92ca9dd34e727e7f8bcdd0171471a124b2319218b387""}, {""path"": ""cycles/cycle-3/stage6/C3-SYNTHESIS/PROOFS.md"", ""sha256"": ""4dd97736cd5a7d9118011b0d242bc18c013457910d1f734a7ac0c566e9cdf17d""}, {""path"": ""cycles/cycle-3/stage6/C3-SYNTHESIS/RECONCILIATION.json"", ""sha256"": ""5d712542b170ff03306a7523bcf5705c851af3f09a011b19ba11ea1d87c1c95f""}]",3
E993-C3-FOURTH-BAND-SIX-EDGE-COMPARATOR-SIGN,REFUTED,exact_counterevidence_source_adjudicated_no_formal_award,False,"For every feasible r>=4, the order-(2r+5) comparator H=6K2 disjoint union (2r-7)K1 has Delta_r(H)<=0.",Proposed natural six-edge comparator extension to the next band only; not a forest or G1 theorem.,[],"[{""path"": ""cycles/cycle-3/stage6/C3-SYNTHESIS/CLAIMS.json"", ""sha256"": ""00ff9ed1decfe8b1793c92ca9dd34e727e7f8bcdd0171471a124b2319218b387""}, {""path"": ""cycles/cycle-3/stage6/C3-SYNTHESIS/PROOFS.md"", ""sha256"": ""4dd97736cd5a7d9118011b0d242bc18c013457910d1f734a7ac0c566e9cdf17d""}, {""path"": ""cycles/cycle-3/stage6/C3-SYNTHESIS/RECONCILIATION.json"", ""sha256"": ""5d712542b170ff03306a7523bcf5705c851af3f09a011b19ba11ea1d87c1c95f""}]",2
E993-C3-SELECTED-SUBSET-AVERAGE-SR2-BRIDGE,CONDITIONAL,proved_informal_implication_with_surviving_premises_no_formal_award,False,"For a finite simple graph F, integer r, and nonempty L subset V(F), if Delta_r(F-v)<=0 for every v in L and sum_{v in L} Delta_(r-1)(F-N[v])<=0, then some v in L has both channels nonpositive and Delta_r(F)<=0.","Every finite simple graph, every integer r, and every nonempty selected vertex subset L; exact integer zero extension.","[""For a finite simple graph F, integer r, and nonempty L subset V(F), if Delta_r(F-v)<=0 for every v in L and sum_{v in L} Delta_(r-1)(F-N[v])<=0, then some v in L has both channels nonpositive and Delta_r(F)<=0."", ""Every finite simple graph, every integer r, and every nonempty selected vertex subset L; exact integer zero extension.""]","[{""path"": ""cycles/cycle-3/stage6/C3-SYNTHESIS/CLAIMS.json"", ""sha256"": ""00ff9ed1decfe8b1793c92ca9dd34e727e7f8bcdd0171471a124b2319218b387""}, {""path"": ""cycles/cycle-3/stage6/C3-SYNTHESIS/PROOFS.md"", ""sha256"": ""4dd97736cd5a7d9118011b0d242bc18c013457910d1f734a7ac0c566e9cdf17d""}, {""path"": ""cycles/cycle-3/stage6/C3-SYNTHESIS/RECONCILIATION.json"", ""sha256"": ""5d712542b170ff03306a7523bcf5705c851af3f09a011b19ba11ea1d87c1c95f""}]",1
E993-C3-G1-TERMINAL-AVERAGE-SLICE,CONDITIONAL,proved_informal_implication_with_surviving_premises_no_formal_award,False,Every full ordinary G1 tuple satisfies its target if every degree-at-most-one residual vertex u has Delta_r(U-u)<=0 and the sum over those u of Delta_(r-1)(U-N_U[u]) is nonpositive.,"Full frozen ordinary G1 tuple, original neighborhoods and r=p-2 retained; the two displayed terminal conditions are additional hypotheses; no RTree transport.","[""Every full ordinary G1 tuple satisfies its target if every degree-at-most-one residual vertex u has Delta_r(U-u)<=0 and the sum over those u of Delta_(r-1)(U-N_U[u]) is nonpositive."", ""Full frozen ordinary G1 tuple, original neighborhoods and r=p-2 retained; the two displayed terminal conditions are additional hypotheses; no RTree transport.""]","[{""path"": ""cycles/cycle-3/stage6/C3-SYNTHESIS/CLAIMS.json"", ""sha256"": ""00ff9ed1decfe8b1793c92ca9dd34e727e7f8bcdd0171471a124b2319218b387""}, {""path"": ""cycles/cycle-3/stage6/C3-SYNTHESIS/PROOFS.md"", ""sha256"": ""4dd97736cd5a7d9118011b0d242bc18c013457910d1f734a7ac0c566e9cdf17d""}, {""path"": ""cycles/cycle-3/stage6/C3-SYNTHESIS/RECONCILIATION.json"", ""sha256"": ""5d712542b170ff03306a7523bcf5705c851af3f09a011b19ba11ea1d87c1c95f""}]",1
E993-C3-PADDED-CONNECTOR-LIFT-CERTIFICATE,CONDITIONAL,proved_informal_implication_with_surviving_premises_no_formal_award,False,"For any h>=0, adding h new leaves at g in the common-connector tree preserves residual F and gives H_h=(1+z)^h(B+zC), A_h=H_h+zB, and T_h=(1+2z)H_h+z(1+z)B; recovery at r plus the displayed complete J history and Gamma_(h,r)<0 yields a full ordinary G1 counterexample at p=r+2.","Ordinary finite nonempty forests, one root per component, explicit b-g-s-v handle, exactly h additional g-leaves, integer ranks r>=1; implication only; no RTree transport.","[""For any h>=0, adding h new leaves at g in the common-connector tree preserves residual F and gives H_h=(1+z)^h(B+zC), A_h=H_h+zB, and T_h=(1+2z)H_h+z(1+z)B; recovery at r plus the displayed complete J history and Gamma_(h,r)<0 yields a full ordinary G1 counterexample at p=r+2."", ""Ordinary finite nonempty forests, one root per component, explicit b-g-s-v handle, exactly h additional g-leaves, integer ranks r>=1; implication only; no RTree transport.""]","[{""path"": ""cycles/cycle-3/stage6/C3-SYNTHESIS/CLAIMS.json"", ""sha256"": ""00ff9ed1decfe8b1793c92ca9dd34e727e7f8bcdd0171471a124b2319218b387""}, {""path"": ""cycles/cycle-3/stage6/C3-SYNTHESIS/PROOFS.md"", ""sha256"": ""4dd97736cd5a7d9118011b0d242bc18c013457910d1f734a7ac0c566e9cdf17d""}, {""path"": ""cycles/cycle-3/stage6/C3-SYNTHESIS/RECONCILIATION.json"", ""sha256"": ""5d712542b170ff03306a7523bcf5705c851af3f09a011b19ba11ea1d87c1c95f""}]",1
E993-C3-RECOVERY-RESTRICTED-UNBOUNDED-PADDING-RESCUE,OPEN,open_unresolved_no_formal_award,False,"For every fixed recovering forest/rank/root tuple, arbitrarily large numbers of added gateway leaves can retain x(T_h)=r+1 and hence rescue the same lift.","Positive universal mechanism claim for the explicit g-leaf padded common-connector family; fixed F,r,R with h unbounded.",[],"[{""path"": ""cycles/cycle-3/stage6/C3-SYNTHESIS/CLAIMS.json"", ""sha256"": ""00ff9ed1decfe8b1793c92ca9dd34e727e7f8bcdd0171471a124b2319218b387""}, {""path"": ""cycles/cycle-3/stage6/C3-SYNTHESIS/PROOFS.md"", ""sha256"": ""4dd97736cd5a7d9118011b0d242bc18c013457910d1f734a7ac0c566e9cdf17d""}, {""path"": ""cycles/cycle-3/stage6/C3-SYNTHESIS/RECONCILIATION.json"", ""sha256"": ""5d712542b170ff03306a7523bcf5705c851af3f09a011b19ba11ea1d87c1c95f""}]",1
E993-C3-THIRD-BAND-CROSSING-EDGE-DELTA-NONINCREASE,REFUTED,exact_counterevidence_source_adjudicated_no_formal_award,False,"For every natural r>=1 and finite forests F,G on the same 2r+4 vertices with E(F) subset E(G), x(F)<r and x(G)<r imply Delta_r(G)<=Delta_r(F).",Positive universal statement of the raw edge-addition shortcut strengthened by exact third-band order and strict crossing for both graphs.,[],"[{""path"": ""cycles/cycle-3/stage6/C3-SYNTHESIS/CLAIMS.json"", ""sha256"": ""00ff9ed1decfe8b1793c92ca9dd34e727e7f8bcdd0171471a124b2319218b387""}, {""path"": ""cycles/cycle-3/stage6/C3-SYNTHESIS/PROOFS.md"", ""sha256"": ""4dd97736cd5a7d9118011b0d242bc18c013457910d1f734a7ac0c566e9cdf17d""}, {""path"": ""cycles/cycle-3/stage6/C3-SYNTHESIS/RECONCILIATION.json"", ""sha256"": ""5d712542b170ff03306a7523bcf5705c851af3f09a011b19ba11ea1d87c1c95f""}]",5
E993-C3-ROOT-UNIFORM-PADDING-BOUND,VERIFIED,independently_adjudicated_informal_proof_no_formal_award,False,"For every fixed nonempty forest F and r>=1, set c=Delta_r(F)+Delta_(r-1)(F), M0=max(0,-c), h0=2r+3+(r+1)M0. Every root tuple and every integer h>=h0 satisfy Delta_(r+1)(T_h)>0.","Exact g-leaf common-connector construction; threshold uniform in roots, fixed F and rank; all h beyond the explicit threshold; no optimality or moving-rank claim.",[],"[{""path"": ""cycles/cycle-3/stage6/C3-SYNTHESIS/CLAIMS.json"", ""sha256"": ""00ff9ed1decfe8b1793c92ca9dd34e727e7f8bcdd0171471a124b2319218b387""}, {""path"": ""cycles/cycle-3/stage6/C3-SYNTHESIS/PROOFS.md"", ""sha256"": ""4dd97736cd5a7d9118011b0d242bc18c013457910d1f734a7ac0c566e9cdf17d""}, {""path"": ""cycles/cycle-3/stage6/C3-SYNTHESIS/RECONCILIATION.json"", ""sha256"": ""5d712542b170ff03306a7523bcf5705c851af3f09a011b19ba11ea1d87c1c95f""}]",5
E993-C3-PADDING-RESCUE-VACUITY-EQUIVALENCE,VERIFIED,independently_adjudicated_informal_proof_no_formal_award,False,"Under the proved padding obstruction, the original recovery-restricted unbounded-rescue universal holds if and only if there is no recovering finite forest/rank pair.","The ORIGINAL positive universal over recovering F,r,R, with arbitrarily large h retaining x(T_h)=r+1. No existence or nonexistence of recovery is asserted.",[],"[{""path"": ""cycles/cycle-3/stage6/C3-SYNTHESIS/CLAIMS.json"", ""sha256"": ""00ff9ed1decfe8b1793c92ca9dd34e727e7f8bcdd0171471a124b2319218b387""}, {""path"": ""cycles/cycle-3/stage6/C3-SYNTHESIS/PROOFS.md"", ""sha256"": ""4dd97736cd5a7d9118011b0d242bc18c013457910d1f734a7ac0c566e9cdf17d""}, {""path"": ""cycles/cycle-3/stage6/C3-SYNTHESIS/RECONCILIATION.json"", ""sha256"": ""5d712542b170ff03306a7523bcf5705c851af3f09a011b19ba11ea1d87c1c95f""}]",2
E993-C3-AVERAGE-HISTORY-LIFT-WITHOUT-RECOVERY,REFUTED,exact_counterevidence_source_adjudicated_no_formal_award,False,"For every nonempty forest F, h>=0 and r>=1, a negative root-tuple Gamma sum plus complete J history for every root tuple yields a full ordinary G1 counterexample.",Separate positive universal with the recovery antecedent deliberately absent; not an alias of the corrected T3 averaged-Gamma theorem.,[],"[{""path"": ""cycles/cycle-3/stage6/C3-SYNTHESIS/CLAIMS.json"", ""sha256"": ""00ff9ed1decfe8b1793c92ca9dd34e727e7f8bcdd0171471a124b2319218b387""}, {""path"": ""cycles/cycle-3/stage6/C3-SYNTHESIS/PROOFS.md"", ""sha256"": ""4dd97736cd5a7d9118011b0d242bc18c013457910d1f734a7ac0c566e9cdf17d""}, {""path"": ""cycles/cycle-3/stage6/C3-SYNTHESIS/RECONCILIATION.json"", ""sha256"": ""5d712542b170ff03306a7523bcf5705c851af3f09a011b19ba11ea1d87c1c95f""}]",4
E993-C3-ROOT-AVERAGE-RECOVERY-LIFT-SUFFICIENT,CONDITIONAL,proved_informal_implication_with_surviving_premises_no_formal_award,False,"For forest components F_i of orders n_i, let S_i=sum_j(n_i-j)i_j(F_i)z^j, Q=product_i S_i and M=product_i n_i. Across all one-root-per-component tuples, sum Gamma_(h,r)=Delta_(r+2)(mathcal H_h)+Delta_(r+1)(mathcal H_h)+M Delta_(r+1)(B), where mathcal H_h=(1+z)^h(MB+zQ). If F recovers at r, a negative sum plus valid J history for every root tuple guarantees a successful full-G1 lift root tuple.","All ordinary finite nonempty forests, all h>=0 and integer r>=1; sufficient criterion with explicit uniform-history premise; component-polynomial identity. Recovery x(F)<r and Delta_r(F)>0 is explicitly required for the full-G1 counterexample consequence, but not the identity.","[""For forest components F_i of orders n_i, let S_i=sum_j(n_i-j)i_j(F_i)z^j, Q=product_i S_i and M=product_i n_i. Across all one-root-per-component tuples, sum Gamma_(h,r)=Delta_(r+2)(mathcal H_h)+Delta_(r+1)(mathcal H_h)+M Delta_(r+1)(B), where mathcal H_h=(1+z)^h(MB+zQ). If F recovers at r, a negative sum plus valid J history for every root tuple guarantees a successful full-G1 lift root tuple."", ""All ordinary finite nonempty forests, all h>=0 and integer r>=1; sufficient criterion with explicit uniform-history premise; component-polynomial identity. Recovery x(F)<r and Delta_r(F)>0 is explicitly required for the full-G1 counterexample consequence, but not the identity.""]","[{""path"": ""cycles/cycle-3/stage6/C3-SYNTHESIS/CLAIMS.json"", ""sha256"": ""00ff9ed1decfe8b1793c92ca9dd34e727e7f8bcdd0171471a124b2319218b387""}, {""path"": ""cycles/cycle-3/stage6/C3-SYNTHESIS/PROOFS.md"", ""sha256"": ""4dd97736cd5a7d9118011b0d242bc18c013457910d1f734a7ac0c566e9cdf17d""}, {""path"": ""cycles/cycle-3/stage6/C3-SYNTHESIS/RECONCILIATION.json"", ""sha256"": ""5d712542b170ff03306a7523bcf5705c851af3f09a011b19ba11ea1d87c1c95f""}]",1
E993-C3-ROOT-TUPLE-AVERAGED-GAMMA-IDENTITY,VERIFIED,independently_adjudicated_informal_proof_no_formal_award,False,"For every nonempty finite ordinary forest F with nonempty components F_i of orders n_i, B=I(F), h>=0 and r>=1, let S_i=sum_j(n_i-j)i_j(F_i)z^j, Q=product S_i, M=product n_i, and mathcal H=(1+z)^h(MB+zQ). For the actual padded common-connector trees over all one-root-per-component tuples, sum_R Gamma_(h,r)(R)=Delta_(r+2)(mathcal H)+Delta_(r+1)(mathcal H)+M Delta_(r+1)(B).","Exact actual graph construction of III.1; identity without any recovery, Gamma sign or history hypothesis.",[],"[{""path"": ""cycles/cycle-3/stage6/C3-SYNTHESIS/CLAIMS.json"", ""sha256"": ""00ff9ed1decfe8b1793c92ca9dd34e727e7f8bcdd0171471a124b2319218b387""}, {""path"": ""cycles/cycle-3/stage6/C3-SYNTHESIS/PROOFS.md"", ""sha256"": ""4dd97736cd5a7d9118011b0d242bc18c013457910d1f734a7ac0c566e9cdf17d""}, {""path"": ""cycles/cycle-3/stage6/C3-SYNTHESIS/RECONCILIATION.json"", ""sha256"": ""5d712542b170ff03306a7523bcf5705c851af3f09a011b19ba11ea1d87c1c95f""}]",1
E993-C3-GRAPH-MATCHING5-THIRD-BAND-SIGN,VERIFIED,independently_adjudicated_informal_proof_no_formal_award,False,"Every finite simple graph G with |V(G)|=2r+4, r>=3, and matching number at least five has Delta_r(G)<=0.",Ordinary finite simple graphs; no crossing premise required; actual five-edge spanning clique union.,[],"[{""path"": ""cycles/cycle-3/stage6/C3-SYNTHESIS/CLAIMS.json"", ""sha256"": ""00ff9ed1decfe8b1793c92ca9dd34e727e7f8bcdd0171471a124b2319218b387""}, {""path"": ""cycles/cycle-3/stage6/C3-SYNTHESIS/PROOFS.md"", ""sha256"": ""4dd97736cd5a7d9118011b0d242bc18c013457910d1f734a7ac0c566e9cdf17d""}, {""path"": ""cycles/cycle-3/stage6/C3-SYNTHESIS/RECONCILIATION.json"", ""sha256"": ""5d712542b170ff03306a7523bcf5705c851af3f09a011b19ba11ea1d87c1c95f""}]",1
E993-C3-G1-PATH-FOREST-RESIDUAL-SLICE,VERIFIED,independently_adjudicated_informal_proof_no_formal_award,False,"For every full ordinary G1 tuple (T,v,s,g,p) with degree-two support and residual U of maximum degree at most two, b_v(T,p)-B_s(T,p)=Delta_(p-2)(U)<=0. Consequently every target-violating ordinary G1 tuple has a recovering residual at r=p-2 and residual maximum degree at least three.","Finite ordinary simple trees satisfying every frozen G1 guard, plus the structural hypothesis maxdeg(U)<=2 for the positive sign conclusion. No converse, arbitrary branching-forest result, RTree transport, or formal award.",[],"[{""path"": ""cycles/cycle-3/stage6/C3-SYNTHESIS/CLAIMS.json"", ""sha256"": ""00ff9ed1decfe8b1793c92ca9dd34e727e7f8bcdd0171471a124b2319218b387""}, {""path"": ""cycles/cycle-3/stage6/C3-SYNTHESIS/PROOFS.md"", ""sha256"": ""4dd97736cd5a7d9118011b0d242bc18c013457910d1f734a7ac0c566e9cdf17d""}, {""path"": ""cycles/cycle-3/stage6/C3-SYNTHESIS/RECONCILIATION.json"", ""sha256"": ""5d712542b170ff03306a7523bcf5705c851af3f09a011b19ba11ea1d87c1c95f""}]",1
E993-C3-SR2-DIAMETER-SELECTOR,CONDITIONAL,proved_informal_implication_with_surviving_premises_no_formal_award,False,"Let F be a finite simple graph on n vertices and r be natural. If D=Delta_r(F)<0, i_r(F)>0, n>=r+1, (r+1)(-D)>=i_r(F), and max_v B_v-min_v B_v<=1-D, then some vertex v satisfies A_v<=0 and B_v<=0. If no such vertex exists, both B_v<=D-1 and B_w>=1 occur and max B-min B>=2-D.",Finite ordinary simple graphs with the displayed factor-one and rooted-channel-diameter premises; no claim that the diameter premise holds universally for forests or G1.,"[""Let F be a finite simple graph on n vertices and r be natural. If D=Delta_r(F)<0, i_r(F)>0, n>=r+1, (r+1)(-D)>=i_r(F), and max_v B_v-min_v B_v<=1-D, then some vertex v satisfies A_v<=0 and B_v<=0. If no such vertex exists, both B_v<=D-1 and B_w>=1 occur and max B-min B>=2-D."", ""Finite ordinary simple graphs with the displayed factor-one and rooted-channel-diameter premises; no claim that the diameter premise holds universally for forests or G1.""]","[{""path"": ""cycles/cycle-3/stage6/C3-SYNTHESIS/CLAIMS.json"", ""sha256"": ""00ff9ed1decfe8b1793c92ca9dd34e727e7f8bcdd0171471a124b2319218b387""}, {""path"": ""cycles/cycle-3/stage6/C3-SYNTHESIS/PROOFS.md"", ""sha256"": ""4dd97736cd5a7d9118011b0d242bc18c013457910d1f734a7ac0c566e9cdf17d""}, {""path"": ""cycles/cycle-3/stage6/C3-SYNTHESIS/RECONCILIATION.json"", ""sha256"": ""5d712542b170ff03306a7523bcf5705c851af3f09a011b19ba11ea1d87c1c95f""}]",1
E993-C3-CB-ARM-EXACT-DELETE-NEIGHBORHOOD,VERIFIED,independently_adjudicated_informal_proof_no_formal_award,False,"For CB(j,k), integers j,k>=1 and m=jk, a complete arm top tag X at natural rank p has zero Retag export. Whenever the arm is a favorable tag, its exact Delete/Retag neighborhood cardinality is C(m,p-2)2^(p-2) for 2<=p<=m+1, and zero for p=0, p=1 and p>=m+2.","Literal ordinary complete arm-tag relation. The neighborhood assertion also holds if all original leaves are allowed as Retag destinations; no favorability or sibling eligibility is inferred from j,k,p.",[],"[{""path"": ""cycles/cycle-3/stage6/C3-SYNTHESIS/CLAIMS.json"", ""sha256"": ""00ff9ed1decfe8b1793c92ca9dd34e727e7f8bcdd0171471a124b2319218b387""}, {""path"": ""cycles/cycle-3/stage6/C3-SYNTHESIS/PROOFS.md"", ""sha256"": ""4dd97736cd5a7d9118011b0d242bc18c013457910d1f734a7ac0c566e9cdf17d""}, {""path"": ""cycles/cycle-3/stage6/C3-SYNTHESIS/RECONCILIATION.json"", ""sha256"": ""5d712542b170ff03306a7523bcf5705c851af3f09a011b19ba11ea1d87c1c95f""}]",2
E993-C3-COMPLETE-TAG-DEFICIENCY-EQUALS-CONTRIBUTION,REFUTED,exact_counterevidence_source_adjudicated_no_formal_award,False,"For every eligible ordinary finite tree T, natural p>=x(T)+2, and favorable original leaf v, the complete single-tag top cut X satisfies |X|-|Gamma_Delete/Retag(X)|=g_v.","Newly tested positive universal equality shortcut, not attributed to the route. Original literal Delete/Retag relation; empty complete tags are included.",[],"[{""path"": ""cycles/cycle-3/stage6/C3-SYNTHESIS/CLAIMS.json"", ""sha256"": ""00ff9ed1decfe8b1793c92ca9dd34e727e7f8bcdd0171471a124b2319218b387""}, {""path"": ""cycles/cycle-3/stage6/C3-SYNTHESIS/PROOFS.md"", ""sha256"": ""4dd97736cd5a7d9118011b0d242bc18c013457910d1f734a7ac0c566e9cdf17d""}, {""path"": ""cycles/cycle-3/stage6/C3-SYNTHESIS/RECONCILIATION.json"", ""sha256"": ""5d712542b170ff03306a7523bcf5705c851af3f09a011b19ba11ea1d87c1c95f""}]",2
E993-C3-FACTOR1-IMPLIES-ORDINARY-G1,CONDITIONAL,proved_informal_implication_with_surviving_premises_no_formal_award,False,"If the universal full-ordinary-G1 factor-one bound holds on every row with i_r(U)>0, then every full ordinary G1 tuple has Delta_r(U)<=0; rows with i_r(U)=0 already have i_(r+1)(U)=0 and target zero.","Logical implication between universal ordinary-G1 statements; all original guards retained, r=p-2>=1; no RTree transport and no proof of the antecedent.","[""If the universal full-ordinary-G1 factor-one bound holds on every row with i_r(U)>0, then every full ordinary G1 tuple has Delta_r(U)<=0; rows with i_r(U)=0 already have i_(r+1)(U)=0 and target zero."", ""Logical implication between universal ordinary-G1 statements; all original guards retained, r=p-2>=1; no RTree transport and no proof of the antecedent.""]","[{""path"": ""cycles/cycle-3/stage6/C3-SYNTHESIS/CLAIMS.json"", ""sha256"": ""00ff9ed1decfe8b1793c92ca9dd34e727e7f8bcdd0171471a124b2319218b387""}, {""path"": ""cycles/cycle-3/stage6/C3-SYNTHESIS/PROOFS.md"", ""sha256"": ""4dd97736cd5a7d9118011b0d242bc18c013457910d1f734a7ac0c566e9cdf17d""}, {""path"": ""cycles/cycle-3/stage6/C3-SYNTHESIS/RECONCILIATION.json"", ""sha256"": ""5d712542b170ff03306a7523bcf5705c851af3f09a011b19ba11ea1d87c1c95f""}]",2
E993-C3-ALIGN-IMPLIES-SR2-AND-G1,CONDITIONAL,proved_informal_implication_with_surviving_premises_no_formal_award,False,"For an exact ordinary G1 tuple and one vertex a of U, max(tau(U-a),tau(U-N_U[a])+1)<=r implies the two nonpositive rank-r and rank-(r-1) deletion channels at that same a; hence existential ALIGN implies existential SR2 and the G1 sign.","One-way implication at exact ordinary-G1 scope; no converse, strict separation, prescribed-root assertion, or RTree scope.","[""For an exact ordinary G1 tuple and one vertex a of U, max(tau(U-a),tau(U-N_U[a])+1)<=r implies the two nonpositive rank-r and rank-(r-1) deletion channels at that same a; hence existential ALIGN implies existential SR2 and the G1 sign."", ""One-way implication at exact ordinary-G1 scope; no converse, strict separation, prescribed-root assertion, or RTree scope.""]","[{""path"": ""cycles/cycle-3/stage6/C3-SYNTHESIS/CLAIMS.json"", ""sha256"": ""00ff9ed1decfe8b1793c92ca9dd34e727e7f8bcdd0171471a124b2319218b387""}, {""path"": ""cycles/cycle-3/stage6/C3-SYNTHESIS/PROOFS.md"", ""sha256"": ""4dd97736cd5a7d9118011b0d242bc18c013457910d1f734a7ac0c566e9cdf17d""}, {""path"": ""cycles/cycle-3/stage6/C3-SYNTHESIS/RECONCILIATION.json"", ""sha256"": ""5d712542b170ff03306a7523bcf5705c851af3f09a011b19ba11ea1d87c1c95f""}]",2
E993-C3-DIAMETER-ONLY-SR2-SELECTOR,REFUTED,exact_counterevidence_source_adjudicated_no_formal_award,False,"For every finite ordinary forest F and natural r, D<0,i_r>0,n>=r+1 and max_v B_v-min_v B_v<=1-D imply a joint SR2 vertex.",Positive universal without factor one; false already in wide forests. This assertion was not made by U3.,[],"[{""path"": ""cycles/cycle-3/stage6/C3-SYNTHESIS/CLAIMS.json"", ""sha256"": ""00ff9ed1decfe8b1793c92ca9dd34e727e7f8bcdd0171471a124b2319218b387""}, {""path"": ""cycles/cycle-3/stage6/C3-SYNTHESIS/PROOFS.md"", ""sha256"": ""4dd97736cd5a7d9118011b0d242bc18c013457910d1f734a7ac0c566e9cdf17d""}, {""path"": ""cycles/cycle-3/stage6/C3-SYNTHESIS/RECONCILIATION.json"", ""sha256"": ""5d712542b170ff03306a7523bcf5705c851af3f09a011b19ba11ea1d87c1c95f""}]",3
E993-C3-G1-NECESSARY-COUNTEREXAMPLE-REGION,CONDITIONAL,mixed_formal_C1_C2_C3_and_source_dependent_informal_second_wide_and_path_forest_no_new_formal_award,False,"Every counterexample to the exact unrestricted ordinary G1 target has p>=6, |U|>=2p+1, maxdegree(U)>=3, and a strict recovery of its actual residual independence coefficients from x(U) to r=p-2.","Necessary conditions on actual finite ordinary G1 tree tuples only. No existence, sufficiency, RTree transport, or new formal award. The size/rank exclusion retains the inherited informal second-wide dependency.","[""Every counterexample to the exact unrestricted ordinary G1 target has p>=6, |U|>=2p+1, maxdegree(U)>=3, and a strict recovery of its actual residual independence coefficients from x(U) to r=p-2."", ""Necessary conditions on actual finite ordinary G1 tree tuples only. No existence, sufficiency, RTree transport, or new formal award. The size/rank exclusion retains the inherited informal second-wide dependency.""]","[{""path"": ""cycles/cycle-3/stage6/C3-SYNTHESIS/CLAIMS.json"", ""sha256"": ""00ff9ed1decfe8b1793c92ca9dd34e727e7f8bcdd0171471a124b2319218b387""}, {""path"": ""cycles/cycle-3/stage6/C3-SYNTHESIS/PROOFS.md"", ""sha256"": ""4dd97736cd5a7d9118011b0d242bc18c013457910d1f734a7ac0c566e9cdf17d""}, {""path"": ""cycles/cycle-3/stage6/C3-SYNTHESIS/RECONCILIATION.json"", ""sha256"": ""5d712542b170ff03306a7523bcf5705c851af3f09a011b19ba11ea1d87c1c95f""}, {""path"": ""runs/lean-2026-09-20-c3/VERIFICATION-REPORT.json"", ""sha256"": ""3f945529c506812fd523e6dbbe104fd952dc87c300ec010b8195292d22017ec0""}]",3
E993-C3-FOREST-FOURTH-WIDE-CROSSING-SIGN,OPEN,open_unresolved_no_formal_award,False,"For every finite ordinary forest F and natural r>=1, |V(F)|=2r+5 and x(F)<r imply Delta_r(F)<=0.",Ordinary finite forests; exact next order only. A failed six-edge comparator and finite seven-edge/random-tree checks do not decide this theorem.,[],"[{""path"": ""cycles/cycle-3/stage6/C3-SYNTHESIS/CLAIMS.json"", ""sha256"": ""00ff9ed1decfe8b1793c92ca9dd34e727e7f8bcdd0171471a124b2319218b387""}, {""path"": ""cycles/cycle-3/stage6/C3-SYNTHESIS/PROOFS.md"", ""sha256"": ""4dd97736cd5a7d9118011b0d242bc18c013457910d1f734a7ac0c566e9cdf17d""}, {""path"": ""cycles/cycle-3/stage6/C3-SYNTHESIS/RECONCILIATION.json"", ""sha256"": ""5d712542b170ff03306a7523bcf5705c851af3f09a011b19ba11ea1d87c1c95f""}]",1
